:020000022000DC
:1070000000000420C9710300097203000B72030021
:107010000D7203000F7203001172030000000000E4
:1070200000000000000000000000000045710300A7
:10703000157203000000000065710300197203005F
:107040001D7403001B7203001B7203001B720300FC
:107050001B7203001B7203001B7203001B720300F0
:107060001B7203001B7203001B7203001B720300E0
:107070001B7203001B7203001B7203001B720300D0
:107080001B720300956E03001B7203001B7203004A
:107090001B7203001B720300019A02001B720300A3
:1070A0001B7203001B7203001B7203001B720300A0
:1070B0001B7203001B7203000000000000000000B0
:1070C0001B7203001B7203001B7203001B72030080
:1070D0001B7203001B7203001B72030031AD020020
:1070E0001B7203001B7203001B72030000000000F0
:1070F000000000001B720300000000001B72030070
:10710000000000000000000000000000000000007F
:10711000000000000000000000000000000000006F
:10712000000000000000000000000000000000005F
:10713000000000000000000000000000000000004F
:10714000000000000000000000000000000000003F
:10715000000000000000000000000000000000002F
:10716000000000000000000000000000000000001F
:10717000000000000000000000000000000000000F
:1071800000000000000000000000000000000000FF
:1071900000000000000000000000000000000000EF
:1071A00000000000000000000000000000000000DF
:1071B00000000000000000000000000000000000CF
:1071C00000000000000000000000000000000000BF
:1071D00000000000000000000000000000000000AF
:1071E000000000000000000000000000000000009F
:1071F000000000000000000000000000000000008F
:10720000F1EE103A43F08073E1EE103A704700BFA0
:1072100010B5054C237833B9044B13B10448AFF3D0
:1072200000800123237010BD806300200000000057
:107230008C2A040008B5034B1BB103490348AFF384
:10724000008008BD00000000846300208C2A040038
:10725000154B002B08BF134B9D46A3F5803A002128
:107260008B460F461348144A121A15F035FC0F4B83
:10727000002B00D098470E4B002B00D098470020E1
:10728000002104000D000D48002802D00C48AFF387
:10729000008015F0B7FB200029000FF0EDFF15F07E
:1072A0008BFB00BF0000080000000420000000006D
:1072B0000000000080630020E49500200000000032
:1072C000000000003FDF704710B501210C2010F0D6
:1072D00099FB00210C2010F019FC01210B2010F06B
:1072E00091FB01210B2010F011FC01210D2010F069
:1072F00089FB01210D2010F009FC01210B2010F069
:1073000081FB01210B2010F001FC01210C2010F069
:1073100079FB01210C2010F0F9FB01210D2010F068
:1073200071FB01210D2010F0F1FB4FF0A04303226F
:1073300040244FF080604FF08041C3F81827C3F815
:107340000845C3F86827C3F80805C3F87827C3F8C9
:10735000081510BDF0B58BB0FFF7B6FF4FF08044B5
:107360000121192010F04EFB0121192010F0CEFB55
:10737000D4F800544FF0FF3305F00115C4F8003481
:10738000012DD4F81C3500F0CE804FF08043A522AB
:10739000C3F81C25D3F8385415F0010540F0D4800B
:1073A0007A4B7B4E5C1C274604F11B00C4F10101A3
:1073B000CA183244127C03F8012F8342F8D1754B6E
:1073C00002E09F4200F09A8017F8012B002AF8D0C3
:1073D0007148002102F0DAFA002211466E4802F0EC
:1073E000D5F80120FFF76EFF6B48002102F0CEFABE
:1073F0000021694802F0CAFA674802F025FBFFF74E
:1074000063FF0421644802F073FA6449624802F0A1
:107410005BFA627923788DF8012001214FF0000298
:10742000E078A6788DF8030063F03F0361F347022C
:1074300021798DF806308DF80210637856488DF862
:10744000002069468DF804608DF8053002F034FAAA
:10745000002D40F08B80524B21781A685C68D86808
:10746000CDF80F208A1199689E8A8DF82520CDF8D5
:1074700013401A69CDF8171041F612130024494938
:10748000CDF81B004848ADF80C30CDF81F20029114
:10749000ADF823608DF826408DF80E4000F0A8F975
:1074A000414800F0BDF84048052100F0D7F81F2200
:1074B00002A93D4800F0A4F83B48012100F0CCF8B7
:1074C0004FF448621146384800F0CCF8214636485F
:1074D00000F028F92146304802F058FA2E4802F010
:1074E000B3FA2D48214602F051FA2B4802F0ACFACB
:1074F000FFF7EAFE002D43D10BB0F0BD8DBB01219B
:107500000B2010F07FFA00210B2010F0FFFA7820FA
:107510000DF0B0FB01210B2010F0F8FA4FF4BE7013
:107520000DF0A8FBEFE7DBB2A52B7FF42EAFD4F86C
:10753000383413F001037FF428AFC4F81C35FFF78B
:10754000C3FEC4F80055FEE74FF4E131174803F0DD
:107550009FF8C8200DF08EFB154914480DF00CFB68
:107560001EE7144911480DF007FBC8E7124B134AF8
:107570001349002808BF1A460C480DF04DFB6AE776
:1075800010490A480DF0F8FA0BB0F0BD9B630020DB
:1075900004600020B8630020CC630020780704005A
:1075A000A26300201EFF4C000C6A0020446C0020E7
:1075B00094FE0300B0FE03008CFE030088FE03006F
:1075C000E8FE0300F4FE030008B50021054802F0C0
:1075D000DDF9044802F038FAFFF776FEBDE808400E
:1075E00010F0F2B9CC63002072DF704773DF704790
:1075F00074DF704777DF70470022C27702707047F0
:1076000038B551B11F2A144601D9002038BD0546AE
:1076100015F03AFAEC77012038BD084638BD00BFB6
:107620000023C3770370704710B4084A084C094917
:1076300002620022C0E90A41C0E90C225DF8044B55
:107640000270C27742628263704700BFFF0101008F
:107650002000F40020001E00C185704780F8211032
:10766000704700BF0185818542857047F0B515469A
:1076700005EB8503274A89B0044603EB830300200A
:107680000E469B0011680290CDE90460ADF81430FD
:1076900094F821308DF80830CB07CDE9060003902F
:1076A00009D41D491D4BC87FE77F988101201C60CC
:1076B00099609F801060194902AA04F12000FFF729
:1076C00093FF10B1002009B0F0BD94F820101448C9
:1076D000019102F057F9019902460120FFF78AFF54
:1076E0000028EFD194F820000121FFF77FFF002848
:1076F000E8D10B4802F094F9628EA68595424FF0CE
:10770000010094BF521B921A628684F8230009B0CC
:10771000F0BD00BFB8630020486A0020BC630020B1
:10772000CC630020F0B5002361F30F032D4D044618
:1077300061F31F4389B00363FA21284602F02AF956
:10774000E68D2949278D0868049706EB860303EB2D
:10775000830300229B000592ADF8143094F8213089
:1077600002928DF80830C307CDE9062203920BD4AC
:107770001E4BE27F95F89B069A8005F27C650122FC
:107780001C609D6098810A60184902AA04F12000DB
:10779000FFF72AFF10B1002009B0F0BD94F82010C7
:1077A0001048019102F0EEF8019902460120FFF71E
:1077B00021FF0028EFD194F820000121FFF716FFE8
:1077C0000028E8D1074802F02BF9638EA7859E4276
:1077D0004FF0010094BF9B1BDB1A638684F82300E3
:1077E00009B0F0BDCC630020B8630020BC6300206A
:1077F00010B5044690F82000FFF7FAFE08B100200B
:1078000010BD84F82300024802F01EF9012010BDCB
:10781000CC63002030B50B888D88112B85B00446D1
:1078200005D0262B33D0102B25D005B030BD436AB0
:10783000EB40DB07F9D52E4800F042FD0028F4D1DB
:10784000636A94F82310012202FA05F523EA05037E
:1078500063620029E9D194F82230002BE5D0238E11
:1078600023486386FA2102F095F8E28D218D2046A7
:10787000FFF7FCFED9E7CB7B012BD6D1426A03FA96
:1078800005F515430023456280F82330CDE70B7AD8
:10789000012BCAD1002380F823304FF4FA71144829
:1078A00002F078F8238E5BB1658E95B1A36B0BB1B6
:1078B0009847658E618D2A462046FFF7D7FEB4E7CC
:1078C000A36B03B19847618D00222046FFF7CEFEDF
:1078D000ABE7074802F0B8F8626B002AA5D0009524
:1078E00003AB2946284603950FF0A6FF9DE700BF8E
:1078F000CC63002075DF704710B44FF010144FF4C4
:1079000048010022C0E90041C0E902225DF8044BB1
:10791000704700BF014800F0F9BA00BFBC6A002000
:10792000F8B500250D4F2E4601E0142D14D0A9B254
:10793000384602F05DF8013504460028F5D000F025
:10794000A9F90028F1D0204600F0AEF9022804BFC2
:107950000136F6B2142DEAD13046F8BDCC630020D2
:1079600070B58E881B480C4694B0314602F040F842
:1079700023881A2B05D01F2B1CD0102B0FD014B02E
:1079800070BD054600F088F90028F8D0284600F0C0
:1079900085F90028F3D1284600F0D0F9EFE76946D1
:1079A00000F0B4F90028EAD06A4631460A4801F0EE
:1079B0001BF8E4E754F8080F61686B4603C33046D0
:1079C000BDF80030ADF802306946FFF793FF14B000
:1079D00070BD00BFCC630020EC63002051F8322F53
:1079E0000260496841607047A1DF7047A3DF7047BC
:1079F000A4DF704700238383704700BF006A00F054
:107A0000E3B800BF808B70472DE9F0410B88CE882A
:107A1000382B86B00C46054606D0392B66D0362B5F
:107A200043D006B0BDE8F08100F12407002E36D126
:107A30000A8A3846314602F09BF894F80C80B8F177
:107A4000010F2CD0B8F1040FEBD1286A00F0BCF87C
:107A500001465C4801F0CCFF00F028F92A8E053879
:107A600083B2934228BF1346002B00F09A80218AEC
:107A7000E289286AAC8B8DF80D600A44E96A0591A9
:107A80008DF80C80ADF81230ADF81020ADF80E4036
:107A900000F09AF803A9FFF7A9FF0028C1D03846E3
:107AA00002F07EF806B0BDE8F081006A00F08CF8C4
:107AB0000146444801F09CFF00F0F8F807466EBB11
:107AC00005F12406E289304604F1100102F050F875
:107AD0002B8E2BB1F81EE38980B20138834255DA30
:107AE000304602F05DF806B0BDE8F0810B7B012B5B
:107AF0001AD0022B95D1836B002B92D090F83C20AA
:107B00008F8892071FD401F11006E289314628467A
:107B1000984761893846FFF76BFF82E705F1240734
:107B2000384602F03DF8BDE7436B002B3FF479AFD8
:107B300090F83C20D10717D404F11006E2893146B1
:107B4000284698476DE7C989039004F11006032081
:107B50001A46009003AB3046CDE904610FF06CFE8D
:107B60000028D6D1AB6BD0E7E189039004F1100671
:107B700003201A46009003AB3046CDE904610FF0B4
:107B80005BFE00287FF44DAF6B6BD7E7286A00F0EF
:107B90001BF86A8EA98B92B2FFF726FF00289FD1AF
:107BA0003FE7AA8B286AADF80E2040F20511ADF828
:107BB0000C10CDE9043300F007F803A9FFF716FF16
:107BC0006DE700BFCC630020808870478FDF70476F
:107BD00090DF7047B1DF7047B5DF704710B5074BD6
:107BE00003600446806A0DF0C3FEE06A0DF0C0FE3B
:107BF000206B08B10DF0BCFE204610BD20FF030035
:107C000010B5094B03600446806A0DF0B1FEE06ACE
:107C10000DF0AEFE206B08B10DF0AAFE20460FF06D
:107C20006DFB204610BD00BF20FF030070B5044669
:107C30000D4692E80300A5800E0CA061A183144DAF
:107C4000A67717201B2156892560E0809589D08969
:107C5000E181D1796581012222752274A08161744C
:107C60001846194626819DF810500DF0E3F8294674
:107C7000A06228460DF0DEF84FF4885100234FF63D
:107C8000FF72E182E062628223636375204670BD09
:107C900020FF0300007D7047407D7047C07D113894
:107CA00018BF0120704700BF407C7047C0887047F4
:107CB000008970474B7D10B44BB11F310C688A8826
:107CC0008B79046082805DF8044B837170471831B2
:107CD000F4E700BF818800F11F02407C01F0A6BFDD
:107CE00038B50A4605460C468188407C01F08AFF7B
:107CF0002146012051F8483FC5F81F308B888A790A
:107D000085F82520A5F82330687538BD38B50A46B2
:107D100004460D4600F11801407C01F0BDFF60757E
:107D200050B1294651F8483FC4F81F308B888A79F2
:107D300084F82520A4F8233038BD00BF10B5447D59
:107D400024B100F11F01407C01F084FF204610BDEA
:107D500070B50B88113B82B00C460546462B2BD8DC
:107D6000DFE803F0383B2A2A2A2A2A2A2A422A2A2A
:107D70002A2A2A2A50585E642A2A2A2A2A2A2A2AA1
:107D80002A2A2A2A2A2A2A2A2A2A2A2A2A672A94AC
:107D90002A2A2A2A2A2A2A2A2A2A2A2A2A2A2A2A43
:107DA0002A2A2A2A2A246A2A752C84000023A888D1
:107DB0001A461946FFF70EFF02B070BD8B79002BF3
:107DC000FAD1006BAB750028F6D01A4619460DF0B3
:107DD00063F8F1E700230375EEE74B8903818B8994
:107DE0004381CB898381E7E70B7AC375112BE3D0FD
:107DF000818800F11F02407C02F006F8034600284B
:107E0000DAD1D4E7002301A98088ADF80430FFF768
:107E1000DDFED1E70B7A002BCED14B7A0374CBE792
:107E2000002211468088FFF7D3FEC5E70B89C38186
:107E3000C2E74B89C380BFE7006B0123AB75002805
:107E4000BAD000231A4619460DF026F8B4E7417C53
:107E5000164801F0C5FDE3880146994228BF19463E
:107E600089B2A888E980FFF7B7FEA5E78B79002BD8
:107E7000A2D0002600231A461946A86A0DF00CF875
:107E80000136A279F3B29A42F4D895E78B7A002BA7
:107E900092D0002600231A461946E86A0CF0FCFF2F
:107EA0000136A27AF3B29A42F4D885E7CC63002077
:107EB00070B58AB086880B4606A84FF42851144640
:107EC00005934FF6FF7501F0F7F80120CDE90105A4
:107ED000059B0094314606AA044800F06FF804465A
:107EE00006A801F0E1F820460AB070BD0C68002039
:107EF00010B50446043001F0D7FD034B2360002386
:107F00002375204610BD00BF0100FFFF017D01B1B8
:107F1000704710B50446043001F0D0FD01232375ED
:107F200010BD00BF007D70470B88322B10B504D008
:107F3000332B17D0302B08D010BDCB88DBB1041DFC
:107F40002046BDE8104001F02BBECB88041D002B5D
:107F5000F6D14B89002BF3D00A3120460A2201F0DA
:107F600007FEEDE7CB88002BE9D14A89002AE6D04D
:107F700002EB420204E04A89002AE0D002EB8202CE
:107F80005200041D023292B20A31204601F0F0FD87
:107F9000D6E700BFA0DF704710B5044600F5F870C3
:107FA00001F082FD2046F822002114F095FDF82210
:107FB000A018002114F090FD204610BD2DE9F047D7
:107FC00082B00546BDF82C60BDF830402048ADF8C1
:107FD0000460BDF828A0ADF80640904699460F46CB
:107FE00001F006FD05F5F875064603E0FFF760FEB3
:107FF0000CF040FE284601F0B9FD04463046002C46
:10800000F4D10121284601F059FD5246494628463F
:1080100001F070FD08F10401384601AAFFF7BAFF2C
:1080200030B1284601F054FD204602B0BDE8F0878B
:108030004FF4FA71284601F063FD20EAE074284607
:1080400001F046FDA4B2204602B0BDE8F08700BFB3
:10805000CC6300202DE9F04F8F880D8885B08846CD
:1080600004463946864801F0C3FCA5F11003012BF4
:10807000814640F2908094F854203AB3002633466B
:108080001633502D54F823A069D0512D1AD198F8E9
:108090000630B8F808B0022B53D0BBF1000F11D056
:1080A00051466846FFF79AFCBDF800305B4559D051
:1080B000514602A8FFF792FCBDF80C305B4551D049
:1080C00094F854200136F3B29342D9D394F84C314A
:1080D000002B00F0D18004F5A679002604E094F886
:1080E0004C310136B34220DD59F8040FFFF786FC0E
:1080F000B842F4D1382D03D0392D01D0362DEED130
:10810000B8F80AA0BAF1000FE9D0D9F800B0584683
:10811000FFF778FC5045E2D158464146FFF774FC22
:1081200094F84C310136B342DEDC112D55D0352D9B
:1081300004D1B8F80A30002B40F08F8005B0BDE8BC
:10814000F08F98F80E30062BA7D1DAF800305046A1
:10815000DB68414698474846FFF7A0FDB0E7B8F80E
:1081600006B09AE7DAF800305046DB684146984797
:108170004846FFF793FD0028A2D0502DA0D15146CC
:1081800002A8FFF72BFCBDF80C305B4598D14846A0
:10819000FFF7A0FD94E72378002B3FF46CAF002697
:1081A000112D33460CD004EB83033946586803681D
:1081B0005B68984701362278F3B29A42F3D85AE7BF
:1081C00004EB83033946586803681B6898470136F7
:1081D0002278F3B29A42F3D84DE7D3B10026334662
:1081E00005E094F84C210136F3B29A4211D904EB20
:1081F0008305D5F85001FFF701FCB842F1D1D5F85D
:108200005001FFF7F7FB013694F84C21F3B29A4284
:10821000EDD894F8F820002A90D000252B4604EBE6
:108220008303D3F8FC008388BB420AD00135EBB24C
:10823000934283D204EB8303D3F8FC008388BB42D0
:10824000F4D103681B689847013594F8F820EBB225
:108250009342E4D305B0BDE8F08F04F5F874B8F8A4
:108260000C20204608F1100101F082FC204605B0E8
:10827000BDE8F04F01F094BC112D7FF458AFC8E772
:10828000CC63002078DF70477ADF7047054A0346E9
:1082900092E80300002283E80300C3E902221846A3
:1082A000704700BF28FF030008B5FFF7EDFF08B1D6
:1082B000002008BDFFF7E6FFB0FA80F0400908BDD6
:1082C000F8B500250D4F2E4601E0142D14D0A9B2AB
:1082D000384601F08DFB013504460028F5D0FFF744
:1082E000D9FC0028F1D02046FFF7DEFC012804BFAE
:1082F0000136F6B2142DEAD13046F8BDCC63002029
:10830000704700BF8ADF704730B40D4CC4621F2530
:10831000002250248584A025C0E91122C0E90F2243
:10832000A0F84650A0F84840006230BC8262028645
:1083300080F838204263C264A0F85020704700BF24
:10834000000180002DE9F04F10468DB016460C4616
:1083500000F0C0FEC5B2102D4FD0B668072206232C
:10836000A16994F81C9001918DF80D208DF80C30C6
:10837000ED080DF10C080DF10E0A0027B9F1010FFF
:108380000A97CDE90477CDE90677CDE90877CDF8EE
:108390002B700ED998F8000001994B464A7882421A
:1083A0000FD00A78D4432344013213F0FF03114461
:1083B000F4D108F10108C245E0D100200DB0BDE8BC
:1083C000F08F11F8024B013CE4B2224604A814F0ED
:1083D0005BFB0DF1100B1CB9EBE714F0FF04E8D0C8
:1083E00058462A46314614F041FB641BAB44002832
:1083F000F3D101200DB0BDE8F08F04360322022333
:10840000AEE700BF2DE9F0430B888E88103B87B0A4
:108410000D4604460D2B2CD8DFE803F077072B2BF5
:108420002B2B2B2B2B2B2B842B2E836AF340DB0740
:108430001FD55648FFF774FAD8B9A36A94F82C20D0
:10844000012505FA06F623EA0606A6628AB994F81B
:108450002D3073B11F232462A38404F1200104F1A1
:108460004400FFF74FFF20B9494801F0D9FA84F8DA
:108470002C5007B0BDE8F08390F92E2091F91B3005
:108480009A423ADC90F8383001F108080BB3DFF873
:108490000491002602E0D6B2B34218D9636BCDF83E
:1084A000089003EB061302AA59680391D3E90273FB
:1084B0004146204605930497FFF744FF074602A86C
:1084C00000F0F2FD94F83830721C002FE3D09E4289
:1084D00013D094F82F30002B49D095F82430012B7D
:1084E0000BD9296A4A78FF2A30D00A78D04303444E
:1084F000013213F0FF031144F4D104F120010020F4
:10850000FFF700FF07B0BDE8F083CB7B022BB0D1B3
:10851000836A012202FA06F633430022836280F85E
:108520002C20A6E70B7A012BA3D1002580F82C5034
:10853000174801F089FA226C002A9AD0009502AB04
:108540002946284602950FF077F992E711F8025B69
:108550006A1ED2B2022A28BF022202A814F094FA9C
:10856000012DCAD0228EBDF808309A42C5D1E26BE7
:10857000002A3FF47EAF01230093404602AB242142
:10858000CDF808800FF058F973E700BFDC630020D6
:10859000CC63002038FF030046DF70477FDF704761
:1085A00080DF704781DF704785DF704786DF704767
:1085B00038B51C460D4603461146284622469847C4
:1085C00034B1014600222846BDE83840FFF7E8BF35
:1085D00038BD00BF10B50C4682B003466946204640
:1085E00098476A4620460121FFF7DAFF02B010BD26
:1085F00010B50446083001F031FE074B236003221A
:1086000000232271C4F81034C4F81434C4F81834A8
:10861000C4F81C34204610BD3507100330B504469D
:10862000ADF55F7D00F108058F4801F0ABFD082135
:10863000284601F017FE684601F01EFE6846082134
:1086400001F01EFE6946284601F0BCFD04F54F719D
:108650004122684601F022FE684601F01BFE94F8B4
:108660005C0394F85B2394F83D1394F83E3384F84C
:108670003D0384F83E2394F85A0394F8592394F860
:108680003F5384F85C1384F85B3394F8401394F8F8
:10869000413384F83F0384F8402394F8580394F856
:1086A000572384F85A5384F8591394F8425394F892
:1086B000431384F8410384F8583394F8560394F82C
:1086C000443384F8422394F8552384F8575384F8AC
:1086D000430384F8442384F8553384F8561394F8FC
:1086E000451394F8540394F8532394F8463384F8CC
:1086F000450384F8462394F8520394F8512394F8E0
:10870000475384F8541384F8533394F8481394F877
:10871000493384F8470384F8482394F8500394F8C5
:108720004F2384F8525384F8511394F84A5394F821
:108730004B1384F8490384F8503394F84E0394F8AB
:108740004C3384F84A2394F84D2384F84F5384F82B
:108750004B0384F84C2384F84D3384F84E1394F87B
:108760005D1394F87C0394F87B2394F85E3384F8CB
:108770005D0384F85E2394F87A0394F8792394F8DF
:108780005F5384F87C1384F87B3394F8601394F877
:10879000613384F85F0384F8602394F8780394F8D5
:1087A000772384F87A5384F8791394F8625394F811
:1087B000631384F8610384F8783394F8760394F8AB
:1087C000643384F8622394F8752384F8775384F82B
:1087D000630384F8642384F8753384F8761394F87B
:1087E000651394F8740394F8732394F8663384F84B
:1087F000650384F8662394F8720394F8712394F85F
:10880000675384F8741384F8733394F8681394F8F6
:10881000693384F8670384F8682394F8700394F844
:108820006F2384F8725384F8711394F86A5394F8A0
:108830006B1384F8690384F8703394F86E0394F82A
:108840006C3384F86A2394F86D2384F86B03012059
:1088500084F86F5384F86E1384F86C2384F86D33B6
:108860000DF55F7D30BD00BF586B00200B7803F025
:10887000FE03042B01D00020704770B515468CB064
:108880000C462022002104A814F026F92868696803
:10889000AA68EB686D460FC59DF800109DF80F2083
:1088A0009DF801609DF80E509DF802008DF80F10A4
:1088B00023469DF80D108DF800209DF803208DF8BB
:1088C0000E608DF801509DF80C609DF804508DF8F5
:1088D0000D008DF802109DF80B009DF805108DF825
:1088E0000C209DF80A208DF803608DF80B508DF850
:1088F00004008DF805208DF80A109DF8061033F855
:10890000042FADF810209B789DF809209DF81D00DC
:108910009DF810609DF81F508DF809108DF8062005
:108920009DF811109DF81E208DF81D309DF8073020
:108930008DF812008DF81F609DF808009DF81360F7
:108940008DF810508DF81E109DF81C509DF81410D5
:108950008DF811208DF808309DF81B209DF81A30F5
:108960008DF807008DF81C608DF813509DF8156088
:108970008DF81B108DF8142068468DF815309DF881
:1089800019109DF817209DF818309DF816508DF895
:1089900018208DF816108DF817308DF81A608DF8A4
:1089A0001950FFF7F9FD62789DF82F309DF82E00E1
:1089B0009DF82D108DF821009A428DF8221004F1B7
:1089C000010404D0012080F001000CB070BD627879
:1089D000C3B29A4204F10104F4D16278CBB29A4254
:1089E000F0D10020EFE700BF08B5137CDB0758BFCC
:1089F0001C32084602F11201FFF7D6FDB0FA80F0F2
:108A0000400908BDF0B58F880E46ADF56B7D044674
:108A10003946464800F0ECFF3388133B0546072BE8
:108A20002FD8DFE813F03E005F006D002E00280312
:108A3000870008003100337AB3B9737B9B070ED4EB
:108A4000294602A8FFF736F90299BDF80C209DF8D7
:108A50000E3084F80C34C4F80614A4F80A2428460E
:108A600004F2BE31FFF73CF9D4F818244AB1307A49
:108A70000D9002230021009308460CAB0C970EF0DA
:108A8000DBFE0DF56B7DF0BDD4F81C24002AF8D078
:108A900001230021009308460CAB0C970EF0CCFE8E
:108AA000EFE704F2BE3304F2DA320C9304F2F63349
:108AB00000251092119304F23D3204F27E330F929E
:108AC0001393CDE90D551295FFF7EEF801280CBF71
:108AD00022462A460CAB29463846FFF75FFD0DF5C6
:108AE0006B7DF0BD0CA9FFF711F90346002800F0DB
:108AF000D2820CA9384600231AAAFFF757FDC0E717
:108B0000D4F810140029BCD0B37B094A03F0010348
:108B10000F930423CDE90C1706F1080000930621FA
:108B20000CAB0E900EF088FEABE700BFCC630020CC
:108B3000B185020094F87E3394F89D2394F87FC3A6
:108B400094F89C6394F8805394F89B0384F89D33C5
:108B5000042194F89A3384F87D1384F87E2394F8E2
:108B6000811394F8822384F89CC384F87F6394F87B
:108B700099C394F8836384F89B5384F8800394F832
:108B8000985394F8840384F89A1384F8813394F802
:108B9000971394F8853384F8992394F8962384F8EE
:108BA00082C384F8986384F8835384F8970384F825
:108BB000841384F8852384F8963394F8862394F8F4
:108BC000953394F887C394F8946394F8885394F891
:108BD000930394F8891384F8952384F8863394F8E2
:108BE000922394F88A3384F894C384F8876394F8C2
:108BF00091C394F88B6384F8935384F8880394F8B2
:108C0000905394F88C0384F8921384F8892394F891
:108C10008F1394F88D2384F8913394F88E3384F86D
:108C20008AC384F8906384F88B5384F88F0384F8A4
:108C30008C1384F88D3384F88E2394F89E2394F853
:108C4000BD3394F89FC394F8BC6394F8A05394F890
:108C5000BB0394F8A11384F8BD2384F89E3394F8E1
:108C6000BA2394F8A23384F8BCC384F89F6394F8C1
:108C7000B9C394F8A36384F8BB5384F8A00394F8B1
:108C8000B85394F8A40384F8BA1384F8A12394F891
:108C9000B71394F8A52384F8B93394F8B63384F85D
:108CA000A2C384F8B86384F8A35384F8A41384F8A7
:108CB000B62384F8A53384F8B70394F8A60394F890
:108CC000B51394F8A72394F8B43394F8A86394F8F0
:108CD000B35384F8B50384F8A61394F8A90394F861
:108CE000B21384F8B42384F8A73394F8AA2394F831
:108CF000B13384F8B36384F8A85394F8AB6394F861
:108D0000B05384F8B20384F8A91394F8AC0394F830
:108D1000AF1384F8B12384F8AA3394F8AD2394F800
:108D2000AE3384F8AD3384F8AE2384F8B06384F8AE
:108D3000AB5384F8AF0384F8AC130CA801F09CFA91
:108D40000CA8082101F09CFA04F27D310CA8412204
:108D500001F0B6FA0CA904AA202304F1080001F0DE
:108D60005FFA0CA801F096FA9DF810109DF82F00FC
:108D70009DF811309DF82E209DF812609DF82D5021
:108D80008DF810008DF82F109DF813009DF82C1011
:108D90008DF811208DF82E309DF814209DF82B3081
:108DA0008DF812508DF82D609DF815509DF82A60B1
:108DB0008DF813108DF82C009DF816109DF82900E1
:108DC0008DF814308DF82B209DF817309DF8282051
:108DD0008DF815608DF82A508DF816008DF8172043
:108DE0008DF828308DF829109DF818109DF827006F
:108DF0009DF819309DF826209DF81A609DF82550A1
:108E00008DF818008DF827109DF81B009DF8241090
:108E10008DF819208DF826309DF81C209DF8233000
:108E20008DF81A508DF825609DF81D509DF8226030
:108E30008DF81B108DF824009DF81E109DF8210060
:108E40008DF81C308DF823209DF81F309DF82020D0
:108E50008DF81D608DF822508DF821108DF81F209F
:108E60008DF820308DF81E0094F87E0394F89D1341
:108E700094F87F2394F89C3394F8806394F89B5380
:108E800084F89D0384F87E1394F8810394F89A1370
:108E900084F89C2384F87F3394F8822394F89933E0
:108EA00084F89B6384F8805394F8836394F8985310
:108EB00084F89A0384F8811394F8840394F8971340
:108EC00084F8992384F8823394F8852394F89633B0
:108ED00084F8986384F8835384F8841384F8962381
:108EE00084F8853384F8970394F8860394F89513EF
:108EF00094F8872394F8943394F8886394F8935300
:108F000084F8950384F8861394F8890394F89213EF
:108F100084F8942384F8873394F88A2394F891335F
:108F200084F8936384F8885394F88B6394F890538F
:108F300084F8920384F8891394F88C0394F88F13BF
:108F400084F8912384F88A3394F88D2394F88E332F
:108F500084F8906384F88B5384F88C1384F88E2300
:108F600084F88D3384F88F0394F89E0394F8BD132E
:108F700094F89F2394F8BC3394F8A06394F8BB53FF
:108F800084F8BD0384F89E1394F8A10394F8BA13EF
:108F900084F8BC2384F89F3394F8A22394F8B9335F
:108FA00084F8BB6384F8A05394F8A36394F8B8538F
:108FB00084F8BA0384F8A11394F8A40394F8B713BF
:108FC00084F8B92384F8A23394F8A52394F8B6332F
:108FD00084F8B86384F8B70384F8A41384F8B6233C
:108FE00084F8A53384F8A35394F8A65394F8A723E0
:108FF00094F8B43394F8B50394F8A81394F8B363D1
:1090000084F8B55384F8B42394F8A95394F8AA23A8
:1090100084F8A73394F8B13394F8B0C384F8A60366
:1090200084F8B31394F8B20394F8AB1384F8A863EC
:1090300084F8B25394F8AC6394F8AF5384F8B12336
:1090400084F8AA3394F8AD2394F8AE3384F8A903D6
:1090500084F8B013384604A984F8ABC384F8AF632E
:1090600084F8AC5384F8AE2384F8AD33FFF79AFA52
:109070000DF56B7DF0BDD4F81424002A3FF401AD4A
:109080000223002100930C920CAB064A0D97084670
:109090000EF0D2FBF5E438461A461946FFF786FA79
:1090A000EFE400BFD5850200704700BF10B504464D
:1090B0000EF024F9204610BD10B4054C818000222A
:1090C00001210460C0E902225DF8044B8171704700
:1090D00038FF03008379012B0AD0826832B9C26855
:1090E00022B9012B8CBF8020002070478020704760
:1090F000102070474DDF70474EDF70474FDF7047DD
:1091000050DF70474BDF704710DF70476CDF7047F0
:109110007CDF704760DF704769DF704761DF704751
:1091200066DF704767DF7047704700BF0C200EF0A6
:109130000BBD00BF30B5224C224D83B0D4F82807B8
:109140004FF0FF310CF098FA0028F7D0C5B101A814
:10915000FFF7D8FF0528F1D00028F8D1019B032B99
:109160001BD8012BF3D918460BF056FCEFE70A2B5E
:1091700004D0092B21D00B2B02D1012005F024FBB8
:1091800001A8FFF7BFFF0528D8D00028F8D1019B20
:10919000A3F10902022AF3D8E9E7A3F10902022A9E
:1091A000D5D80A2B04D0092B05D00B2BCFD1012009
:1091B00005F00AFBCBE70220FAE70220DEE700BF5A
:1091C000CC630020194A03002DE9F04F2DED028BEE
:1091D0004FF4FA7089B00BF069FDB24E00F108034C
:1091E00008EE103A054606F5F06706F5C86AD6F8A7
:1091F00024074FF0FF310CF03FFA0028F7D04FF46E
:10920000FA730DF116012846ADF81630FFF786FF08
:1092100010B10528F3D1EAE7B5F80490B9F1130FBE
:1092200000F2398106EB8903D3F834473CB1294673
:109230002046FEF78DFD9C482946FFF7E3FB2B886F
:10924000013B1B2B5AD8DFE813F0160159005900D7
:109250005900590059005900590059005900590046
:109260005900590059005900B4001C005900590018
:109270005900590059005900590059005900590026
:10928000A200DFF838824FF0000B58F8040F30B11D
:10929000FEF700FD18B10BF1010B5FFA8BFBB8452F
:1092A000F3D1BBF1000F06D196F830371BB1594608
:1092B0000C200EF02BFC2046FEF7F6FC012800F0F7
:1092C000EC80F26962B10223002195F808C0009396
:1092D000084606ABCDF81890CDF81CC00EF0ACFADD
:1092E00009F5E67806EB8803586810B103685B68F7
:1092F000984706EB88080023C8F8043029465046F2
:10930000FEF788FA69482946FFF77CF8B6F8323745
:109310004B452B8800F0B480102B1ED02CB3204678
:10932000FEF7C2FC012803D15E482946FEF7E8FF9C
:109330002046FEF7B9FC02281BD05D48FEF7F2FD7F
:1093400000BB5C482946FEF785FED6F88837002B1F
:109350003FF455AF2846984751E7EB7B012BDDD111
:10936000AB88A6F83237002CD9D14E482946FEF7F3
:10937000C7FF51482946FEF7F3FA4D48FEF7D2FDE4
:109380000028DED04A482946FEF7CEFDD9E7D6F8B8
:109390008427002AB2D00223002195F908C0009347
:1093A000084606ABCDF81890CDF81CC00EF044FA74
:1093B000A4E74FF00008D6F82C07CDF8008043460C
:1093C000424603213D4C0DF0D1FC54F8040F30B15E
:1093D000FEF760FC18B108F101085FFA88F8BC429A
:1093E000F3D196F830376BB1B8F1000118BF012105
:1093F0000C200EF08BFB96F830371BB101210C20AE
:109400000EF084FB09F5E67806EB8804606820B16D
:1094100003685B68984700236360EB7B012B0BBFFD
:1094200096F8123796F8183796F8134796F81947B2
:10943000039334200DF060FF06EB8808039B009433
:1094400018EE102A04464946FEF7F0FB2046C8F8FD
:109450000440FEF729FC012832D0B269002A3FF40B
:109460004DAF012300210093084606ABCDF81890BC
:109470000EF0E2F942E700214846FFF751FE3DE7D2
:10948000102B3FF46AAF112B7FF448AF4FF6FF73F8
:10949000A6F8323742E70446D1E6F268002A7FF4A4
:1094A00012AF1DE7CC630020EC630020686A002047
:1094B000BC6A00200C680020DC630020FC6A0020ED
:1094C000B268002A3FF41AAF0021009006AB0846AC
:1094D000CDF818900EF0B0F910E700BF38B504468B
:1094E000FEF7D4FE04F11000FEF706FA04F12000A6
:1094F000FFF77EF804F58860FEF74EFD04F5C860BE
:10950000FEF792F804F27C60FEF776F804F29C60B5
:10951000FEF7FAFE04F5DE60FEF7EAFC4FF4805336
:109520000025C4F8083716481649174AC4F80C072E
:1095300040F20113C4F81017C4F81427A4F8183720
:10954000A4F81A5704F234702946502213F0C4FAD2
:1095500001224FF6FF73A4F81C5784F81E57C4F875
:109560002457C4F82857C4F82C57C4F88857C4F8AF
:10957000845784F83027A4F83237204638BD00BF1E
:10958000010A17000300010117000300F0B5BF4EE8
:1095900080F81C178DB080F81D2704460DF02AFFB7
:1095A0000DF030FF0DF0EEFE3369B949039303A8C7
:1095B000FFF7AAFD18B1002528460DB0F0BD012027
:1095C000FFF79AFD0120FFF795FD0120FFF796FDBB
:1095D00009A8FFF795FD099B9B0705D5AD4BD3F86F
:1095E0000435002B00F0FE800023AB4A94F80D57A1
:1095F000049209A90120CDE909330B938DF8245079
:10960000FFF78AFD0028D6D194F81D370B90CDE9DD
:109610000900181E18BF012094F81C578DF8270068
:10962000049A8DF8263009A940208DF82550FFF7BF
:1096300073FD0028BFD194F80C170990034661F31D
:109640000003CDE90A00049A8DF8243009A9A0206E
:10965000FFF762FD0028AED1D4F808370A900B90CE
:10966000049A099309A9A120FFF756FD0028A2D169
:1096700094F81C37002B40F0B98094F81D37002B6C
:1096800048D00023B4F81477049A0993022509A955
:109690002320CDE90A338DF82450ADF82670FFF76A
:1096A0003BFD002887D1CDE9090094F81D77B4F877
:1096B00016370B90049A8DF8245009A920208DF8B4
:1096C0002670ADF82830FFF727FD00287FF473AF30
:1096D0000990CDE90A0094F81837049A8DF82450BF
:1096E00009A922208DF82630FFF716FD00287FF407
:1096F00062AFCDE9090094F819370B90049A8DF800
:10970000245009A921208DF82630FFF705FD0028F7
:109710007FF451AF04A8FFF7FDFC00287FF44BAFA6
:10972000CDE9070040F0010307A902208DF81C30A5
:10973000FFF7F8FC00287FF43EAF2046FEF7B4FDAB
:10974000054600283FF437AF04F12000FEF766FF1E
:10975000337D52498DF80830132202A8FFF7D8FC58
:1097600000287FF428AF94F81D37002B40F0888044
:109770000322002101200BF01BFBC4F82407002862
:109780003FF419AF05AB0326CDE9006344494548D2
:1097900000234FF4A0620CF089FA32460021012028
:1097A0000BF006FBC4F8280700283FF404AF06AB13
:1097B000CDE900633C493D480023C8220CF076FA0D
:1097C0003B4B4FF480021A603A4B0093002318463B
:1097D00001224FF480710DF073FAC4F82C0700F0E9
:1097E000EBF9E9E6022004F0EFFFFDE60990CDE990
:1097F0000A00B4F80E37049AADF82630012509A9FD
:1098000023208DF82450FFF787FC00287FF4D3AE87
:10981000CDE9090094F81C77B4F810370B90049A3E
:109820008DF8245009A920208DF82670ADF8283035
:10983000FFF772FC00287FF4BEAE0990CDE90A0064
:1098400094F81237049A8DF8245009A922208DF833
:109850002630FFF761FC00287FF4ADAECDE90900AA
:1098600094F813370B90049A8DF8245009A92120FD
:109870008DF82630FFF750FC00283FF4FEAE9AE644
:1098800004F11000FEF746F872E700BF98FF0300EE
:109890002991020000700240006000207CFF03005C
:1098A00090FF0300C991020094FF0300359102006C
:1098B00000E100E02D91020008B50846FFF726FC04
:1098C000B0FA80F0400908BD00B5084B85B01B7D9B
:1098D000019108468DF80C3013F0D9FF019982B23E
:1098E00003A8FFF715FC05B05DF804FB98FF030023
:1098F00070B4234B0E4605460FCB85B06C4607C4AB
:109900009DF900202380B24234D09DF90130B3424A
:1099100030D09DF90230B3422CD09DF90330B342D0
:1099200028D09DF90430B34224D09DF90530B342CC
:1099300020D0FEB19DF90730B3421BD09DF908300D
:10994000B34217D09DF90930B34213D09DF90A30C4
:10995000B3420FD09DF90B30B3420BD09DF90C30C0
:10996000B34207D09DF90D30B34203D0002005B0BB
:1099700070BC7047012085F81E6705B070BC704749
:10998000B0FF030090F91E07704700BF80F8301742
:10999000704700BF70B5044682B0D0F82C070D4662
:1099A0000DF010FA4FF47A7206460023A90DA802B2
:1099B00012F040FE002302460421D4F82C07009345
:1099C0000DF0D4F90EB102B070BD0096D4F82C079A
:1099D0003346324603210DF0C9F902B070BD00BF15
:1099E00001290CBFB0F80E07B0F81407704700BF8C
:1099F00013299ABF00EB8101D1F83407002070478A
:109A000010B5064C0021D4F828070BF0A9FCD4F8B7
:109A100024070021BDE810400BF0A2BCCC6300205D
:109A200090F8303703B9704710B582B0D0F82C47A2
:109A30000CF02CFB002302460093204601210DF080
:109A400095F902B010BD00BFF0B583B00024054603
:109A50002346D0F82C070094224603210DF086F906
:109A600005F5E66605F5F06756F8040F20B1FEF738
:109A700011F908B10134E4B2BE42F5D195F830379E
:109A800043B1211E18BF01210C2003B0BDE8F040F6
:109A90000EF03CB803B0F0BD0148FFF71FBD00BF9A
:109AA000CC63002000207047002201214270C0E9F1
:109AB00001220170C2818281704700BF10B5044647
:109AC000017001B110BD0A200BF0B4F9606010BD47
:109AD000037810B5044643B1002301226370C4E942
:109AE0000133E381A381227010BD40680BF040FF79
:109AF000F2E700BF002381608281C381704700BF0D
:109B0000037870B504460D46B3B946680123637007
:109B10004FF47A720023A802A90D12F08BFD0146C2
:109B200030460BF0A9FD98B9237800264FF0FF3599
:109B30006670A3B9284670BD0322002101200BF0F6
:109B400037F9064660600028E0D14FF0FF35F1E7B5
:109B5000E58923780026ADB26670002BEAD06068F4
:109B60000BF006FF6660284670BD00BF4078704766
:109B700038B504468089824228BF0246154619B18D
:109B8000A06812F081FFA089E389A26815FA83F327
:109B9000401B9BB22A44A081E381A260284638BDC5
:109BA000406820B100231A4619460BF075B970477A
:109BB000B1DF7047B2DF704708B50F480AF0BAFD51
:109BC0000E490D4805F09AF828B10D490A4805F0EC
:109BD00095F850B108BD0949074805F0ABF80849A8
:109BE000054805F08BF80028F4D1BDE80840044989
:109BF000014805F09FB800BF8C780020C0FF03002B
:109C0000D4FF030070B586B00E460323002105463D
:109C100014460093044A0496084603AB0395059442
:109C20000DF00AFE06B070BDF19E020070B586B060
:109C30000323144606460D460093104603AB044A20
:109C400005940721CDE903650DF0F6FD06B070BD62
:109C500021A0020030B50A4691B089795379039169
:109C600011790293D378094D094C019100939378AF
:109C7000527801280CBF2946214604A813F0B2FDF2
:109C800004A9044805F0AEF811B030BDE8FF0300A8
:109C9000180004008C7800202DE9F043D1B00B7837
:109CA000032B04AF0D460446904668D95A08022A91
:109CB0005ED14F4A4F49504BDFF84891012818BFF9
:109CC00011460022381D05F065FA4B4907F168007E
:109CD00005F096F907F1CC0611E00246414607F17E
:109CE000680005F07FFA08F1380229464846FEF779
:109CF000BDFD044678BB07F1680005F0E9FA0022D3
:109D0000391D304605F016FB07F1D0000DC8D7F815
:109D1000DC10D7F8E4407B67D7F8E83097F8E0C06C
:109D2000F8663A67B967412207F1EC0107F188004C
:109D3000C7E9204387F87CC012F0A6FE07F168004F
:109D400005F0F2FA044607F1680044B105F0F8F8AE
:109D50005028D0D1C1E707F1680005F0B9FA381DE5
:109D600005F0B6FA204607F59A77BD46BDE8F083C0
:109D70000024204607F59A77BD46BDE8F083E94602
:109D80008CB08979AB786A780391697902912979E5
:109D900001911A4E1A49E878009004AD012C08BFD1
:109DA0003146284607F1CC0613F01CFD1249304617
:109DB00005F026F929463046002205F0CFF9044681
:109DC00050B90024304605F083FA2046CD4607F509
:109DD0009A77BD46BDE8F083304605F0B1F8021E23
:109DE000EFDD92B24146304605F0FCF9EAE700BFEC
:109DF000D4FF0300C0FF03008C780020E8FF0300BD
:109E000018000400EC630020F0B5ADB095799378AC
:109E1000344E1446527803956579029594F804C03F
:109E2000CDF804C0304DE478009404AF0C4601280E
:109E30000CBF3146294607F10C0013F0D3FC2B4B25
:109E400007F10C0107F13C00002205F0A3F907F12E
:109E50003C0005F069FA40B9002407F13C0005F028
:109E600037FA2046A437BD46F0BD07F13C0005F0A7
:109E700067F8051E08DD07F13C0005F0F1F9291827
:109E800007F13C0005F0CEF907F13C0005F058F869
:109E9000051E08DD07F13C0005F0E2F9291807F17D
:109EA0003C0005F0BFF907F13C0005F049F8002837
:109EB000D2DDC31D23F007036D46ADEB030D82B267
:109EC00004A907F13C00C7E9001205F08BF9204610
:109ED000D7E900120323FFF76BFEB0FA80F46409A0
:109EE000AD46BAE7E8FF0300180004008C780020B4
:109EF000F0B5B5B092F84E5092F84A30434E144641
:109F000092F84920039594F84D50029594F84C50DE
:109F1000019594F84B5000950D463D4904AF01283A
:109F200018BF314607F12C0013F05CFC394807F1EB
:109F30002C0104F0E3FE6E4600284AD1354B07F1B0
:109F40002C0107F15C00012205F024F907F15C0007
:109F500005F0EAF918B9C437B546BD46F0BD502141
:109F600007F15C0005F01AF85022214607F15C0069
:109F700004F052FF0023294627487B61C7E90333D9
:109F8000C7E90633C7E90833BB62FFF731FD07F1C4
:109F90000C012022FDF78CFF3B7B03B307F10C0083
:109FA00013F075FC013082B2C1B207F15C007A6037
:109FB00004F0F4FF7A6807F10C0107F15C0004F08B
:109FC0002BFF07F15C0005F083F9C437B546BD46A9
:109FD000F0BD07F12C010F4804F004FFAEE794F840
:109FE000491094F84D3094F84E20039194F84A109B
:109FF000029194F84B10019194F84C10009107F1E4
:10A000000C00064913F0EEFBC8E700BF180004007F
:10A01000E8FF03008C780020CC6300204800040097
:10A020002DE9F043ADB00C4604AF002103230646F2
:10A030001546204607F10A027981FFF7BBFD7B89AF
:10A04000E84623B9A437C546BD46BDE8F0830733CB
:10A05000DB08A8EBC3039D460DF11009204607F16C
:10A060000A0249460323FFF7A5FD04460028E9D16B
:10A07000A979AB786A78039169790291297901917C
:10A080003D483E49ED780095012E08BF014607F195
:10A090000C0013F0A7FB3A4B07F10C0107F13C0051
:10A0A000012205F077F807F13C0005F03DF90028A2
:10A0B000C8D0214607F13C0005F0B4F807F13C0098
:10A0C00004F03EFF041E08DD07F13C0005F0C8F86F
:10A0D000211807F13C0005F0A5F807F13C0004F059
:10A0E0002FFF041E08DD07F13C0005F0B9F8211828
:10A0F00007F13C0005F096F807F13C0004F020FF62
:10A100007C8980B2A04213D0E1B207F13C0004F098
:10A1100045FF2246494607F13C0004F07DFE07F169
:10A120003C0005F0D5F8A437C546BD46BDE8F08330
:10A13000E31D6D46DB08A5EBC3039D4604A922463B
:10A1400007F13C00796005F04DF879687A89484656
:10A1500012F08CFC08B9AD46E1E707F13C0005F0D0
:10A160009BF87B89DB43191807F13C0005F05AF88E
:10A17000AD467C89C8E700BFE8FF03001800040073
:10A180008C78002038B590F8E8500DB1284638BDDD
:10A19000012380F8E83004460FF092FA0028F5D148
:10A1A0002046BDE8384000F0ADB800BF10B5044C03
:10A1B000204600F0A3F8002384F8E83010BD00BF6B
:10A1C000586B002003680A689A4201D0002070474B
:10A1D00070B5044684B04FF453700D460AF066FD26
:10A1E0000646B0B10C4800F0ABF823460435002118
:10A1F00053F8042B0095CDE9016108490FF0FAF8F6
:10A20000044630460AF06CFDB4FA84F0400904B00C
:10A2100070BD002004B070BD586B0020D1810300D8
:10A22000F0B585B006464FF453700D4617460393BC
:10A230000AF03CFD78B1044600903A46281D311DD5
:10A2400003AB0FF055F9054620460AF049FD15B954
:10A25000039805B0F0BD002005B0F0BD00220260FB
:10A26000704700BF10B5044608460FF0B3F92060F0
:10A27000003818BF012010BD00220260704700BFE7
:10A2800010B5044608460FF0A5F92060003818BF45
:10A29000012010BD00230360704700BF00B583B0EC
:10A2A0000430019201AB0A4604210FF01DF818B9E1
:10A2B000019803B05DF804FB002003B05DF804FBD7
:10A2C000F0B5044683B04FF463700E4617460AF0AB
:10A2D000EDFC054678B1019054F8040B00943A4621
:10A2E000314601230EF03CFF044628460AF0F8FCF4
:10A2F000B4FA84F0400903B0F0BD00BF002280F83A
:10A30000E420704770B590F8E4400CB1204670BD71
:10A31000012380F8E43005464FF4BF500AF0C6FC34
:10A3200006460028F2D0314628460EF03DF9044694
:10A33000B4FA84F4304664090AF0D2FC204670BDB9
:10A34000704700BF0146014800F056BA646C002017
:10A3500038B500F097F940B1002405462046013495
:10A3600000F0C8FDE0B28542F9D838BD70B592B0B2
:10A370001D460C46164601A84222002112F0ACFBF5
:10A38000412D5CD9631C0222DBB28DF806408DF8AA
:10A390000E408DF8264040F6083540F202248DF834
:10A3A0001E308DF827308DF83130ADF804508DF81F
:10A3B00007208DF812208DF833208DF83B20ADF862
:10A3C0000840204A069240F2012505232424ADF8D6
:10A3D00010508DF815308DF8164004231A4C8DF866
:10A3E0001F30012540F224628DF81C508DF830306A
:10A3F0000894ADF82420154D0A9508234FF41164F4
:10A400000A228DF82C30ADF82E4040238DF83420F0
:10A410000F4C8DF83C3001A9304640F2075540F210
:10A4200009464222ADF80C60ADF838508DF8433043
:10A43000CDF83F4012F028FB422012B070BD002042
:10A4400012B070BD20010524240202050705800317
:10A4500007058002007EFF280AD010B500F0F8FC46
:10A46000044608B1204610BD0DF006F9204610BD87
:10A4700000207047007EFF280ED000B583B00DF19C
:10A48000070100F02DFD20B19DF8070003B05DF835
:10A4900004FB4FF0FF30F9E74FF0FF30704700BF8B
:10A4A000007EFF280FD000B583B001220DF1070117
:10A4B00000F0DAFC20B19DF8070003B05DF804FB62
:10A4C0004FF0FF30F9E74FF0FF307047007EFF2874
:10A4D00001D000F00FBD7047007EFF2801D000F0D2
:10A4E00069BD0020704700BFF8B50646007EFF2812
:10A4F0001CD017465AB10D46144600F083FC29467D
:10A50000224680B1307E00F039FD241A01D1384650
:10A51000F8BD05440DF0B0F8307E00F073FC29461C
:10A5200022460028EED13F1B3846F1E70020F8BD57
:10A5300070B50368184A5B6882B093428DF80710C3
:10A5400021D10546007EFF2823D000F05BFC0DF1F1
:10A55000070601243146224688B1287E00F00EFD10
:10A56000241A02D1012002B070BD06440DF084F817
:10A57000287E00F047FC314622460028EDD1C4F188
:10A58000010002B070BD01220DF10701984702B031
:10A5900070BD002002B070BDE9A4020070B592B099
:10A5A0001D460C46164601A84222002112F094FADC
:10A5B000412D5CD9631C0222DBB28DF806408DF878
:10A5C0000E408DF8264040F6083540F202248DF802
:10A5D0001E308DF827308DF83130ADF804508DF8ED
:10A5E00007208DF812208DF833208DF83B20ADF830
:10A5F0000840204A069240F2012505232424ADF8A4
:10A6000010508DF815308DF8164004231A4C8DF833
:10A610001F30012540F224628DF81C508DF8303037
:10A620000894ADF82420154D0A9508234FF41164C1
:10A630000A228DF82C30ADF82E4040238DF83420BE
:10A640000F4C8DF83C3001A9304640F2075540F2DE
:10A6500009464222ADF80C60ADF838508DF8433011
:10A66000CDF83F4012F010FA422012B070BD002029
:10A6700012B070BD200105242402020507058003E5
:10A6800007058002014B1878704700BF606C0020FE
:10A69000037EFF2B02D1074B1A7802B1704706499F
:10A6A00002764161012200F1100104481A7000F0A5
:10A6B00043B800BF606C002068000400646C002098
:10A6C000007EFF280ED000B583B000F09BFB10B1D8
:10A6D00003B05DF804FB01900CF0CEFF019803B0CD
:10A6E0005DF804FB0020704701B900B1704700B568
:10A6F00083B0694600F09CFB009BB3F5966F02D0D7
:10A7000003B05DF804FB00F029FBF9E730B4084B17
:10A71000084AFF2002F108054FF47A740021303214
:10A7200018761D609C601A6130BC59605961704791
:10A73000446C002078000400F8B50546B0F8180114
:10A740006C69B5F81A310A680E4604441B1A17687A
:10A7500095F81C119BB222463046B84750B32218D8
:10A7600094423CD2766806E0052B25D023780BB3C3
:10A770001C44A24233D96378042BF5D1E378002B33
:10A78000F4D195F81C11013185F81C11002EEDD083
:10A7900095F840110729E9D801F1480745F82760E5
:10A7A000217295F84011013185F840111E46237839
:10A7B000002BDDD10020F8BD94F90230002B08DB1E
:10A7C00095F81E31591C85F81E11A1780B43A37012
:10A7D000CCE795F81D31591C85F81D11F5E7B5F842
:10A7E00018216B69104480B2A5F81801588095F8BB
:10A7F0001C211A710120F8BD2DE9F043284DDFF826
:10A80000B090AC4604468846BCE80F0089B003AF60
:10A810000FC703AE0FCE05F1140E25460FC59EE8F7
:10A820000700DCF800303B806B4636682E8003C39F
:10A830006B4603CB1B4EA06104F118034FF4807CE0
:10A840000125E16184F82020636140F2EF220023BA
:10A850001548C4F8189140F209470421A4F81CC116
:10A86000C4F8280184F84011A280C4F82C31C4F83F
:10A870003031C4F83431C4F83831C4F83C314FF4C5
:10A88000E131C4E94876094884F81E51A571FFF703
:10A89000FFFE404600F050FA284609B0BDE8F083BC
:10A8A000C8000400AC0004007CFF0300446C0020DE
:10A8B000090000012DE9F04F04468BB0002900F09B
:10A8C0009180032900F09C8090F840318B4240F247
:10A8D000CB80483100F5A27550F821603278002A0B
:10A8E00000F0E78000231946374603E00131725C2F
:10A8F0007718CAB102F14000C0B20128F6D9F42A93
:10A90000F4D8100618D40120A2F55847B7F5006F07
:10A91000ECD30144202B00F0C98025F81320725C91
:10A9200001337718002AE5D1DBB201335B0043F431
:10A93000407304F5A17C5DE002F0E000C02800F067
:10A94000A18002F0F000E02800F0918002F0F80011
:10A95000F028CBD102F007024FF0040E787800F017
:10A96000C00CBCF1800FC1D197F802C00CF0C00838
:10A9700000F03F00B8F1800F40EA8212B6D10CF02F
:10A980003F0CBEF1030F4CEA821275D0F87800F04C
:10A99000C007802FAAD100F03F0040EA8212A2F542
:10A9A0008030B0F5801F38BF4FF0040E9ED2A2F564
:10A9B0005840B0F5006F99D3B2F5803F7144A9D3E8
:10A9C0001E2BB1DCA2F580325800970A2844C2F34E
:10A9D0000902A7F52057A2F5105225F813704280FE
:10A9E000023384E7D0F82031A0F8443100F5A17C8F
:10A9F0004FF44173A4F8423160460BB0BDE8F08FCC
:10AA000002A800F0ADF904F5A17C019020B300F19B
:10AA1000FF3B5FFA8BF3284F04F1040B0DF1080A9A
:10AA20000BEB830BA64606AE97E80F001AF8018BD6
:10AA300086E80F0008F00F090AADA94405EB1818C5
:10AA400019F8109C18F8103CAEF84691AEF8443155
:10AA50000EF1040EDE45E7D1019B5B00DBB2013352
:10AA60005B0043F44073C5E74FF0000CC4E702F00D
:10AA70000F024FF0030E71E7A2F50060B0F5784FBA
:10AA800095D333E7787800F0C007802F02F01F02DB
:10AA90007FF42CAF00F03F0040EA8212A2F1800068
:10AAA000B0F5F06FBFF422AF02202DE740F2423341
:10AAB0003FE740F202333CE7B4000400004870472F
:10AAC000646C0020014B5869704700BF646C002023
:10AAD0000A4601460148FFF7EDBE00BF646C002046
:10AAE000024B186800B10069704700BFE86D002094
:10AAF00030B40848BDF80850046844B1646934B102
:10AB00000846A44611461A462B4630BC6047002032
:10AB100030BC7047E86D002030B40848BDF80850DC
:10AB2000046844B1A46934B10846A44611461A46E3
:10AB30002B4630BC604730BC704700BFE86D00203A
:10AB4000024B186808B190F850007047EC6D002077
:10AB50002DE9F047244C2568002D42D01F4600EB1C
:10AB6000C00305EB83030446D3F818A0894690463A
:10AB7000C600BAF1000F30D0504612F088FE082807
:10AB8000024628BF0822344405EB8405D5E9076452
:10AB9000DFF85CC0154B002E08BF6646514648469C
:10ABA000002C08BF1C4611F06FFF304612F06FFEFC
:10ABB00010280246314628BF1022404611F064FF9B
:10ABC000204612F064FE042802462146384628BF7B
:10ABD0000422BDE8F04711F057BFDFF818A00822A3
:10ABE000D1E7BDE8F08700BFEC6D00200401040050
:10ABF000F4000400E8000400F8B50B4F3B688BB18B
:10AC000000EBC00503EB850504466A69C6001AB16E
:10AC100090473B6885F82A00344403EB840393F89B
:10AC20002A00F8BD1846F8BDEC6D0020074B1B68E4
:10AC30005BB100EBC00003EB800010B4038D446AED
:10AC40000C605DF8044B138070477047EC6D00207A
:10AC50000A781E2A01D10020704710B520221C4618
:10AC60000521002300F078FF204610BD30B4094CC8
:10AC7000029A256855B1044604EBC40405EB84042C
:10AC800008461946A3680BB130BC18474FF0FF3097
:10AC900030BC7047EC6D002030B4094C029A256836
:10ACA00055B1044604EBC40405EB84040846194678
:10ACB000E3680BB130BC18474FF0FF3030BC704731
:10ACC000EC6D0020054B1B6833B100EBC00003EBBB
:10ACD0008000036903B11847704700BFEC6D002086
:10ACE00000B5104B402283B083F8272303F030FFD8
:10ACF0004FF080430024D3F838548DF80040684664
:10AD00000CF014FB084B019301A80CF05FFB0CF056
:10AD100069FBEB0702D401F009FFFCE7204603F0D2
:10AD200053FDF8E700E100E02DAD020003F04CBD5B
:10AD3000002003F029BA00BF00B5002383B003222E
:10AD4000CDE9002303490448C8220AF0AFFF03B04D
:10AD50005DF804FB08010400E1AC02000CF02CBE1D
:10AD60004FF08052536E1BBA0360136E1BBA4360E0
:10AD700008207047004870471001040070B51F4D4F
:10AD80002B68B3B199B91478C4F34114012C0BD0DA
:10AD9000022C07D15478012C0DD0022C07D19388B6
:10ADA000072B21D0084670BD517822290CD00120F4
:10ADB00070BD184670BDDC69F4B123781146224697
:10ADC000BDE8704002F070BE5188003918BF012103
:10ADD0001976114602F04EFE2A68136A002BE6D05F
:10ADE000107E9847204670BD054C114623892246A7
:10ADF000BDE8704002F058BE204670BDF06D0020E6
:10AE00003060002010B5044601F0ECFD08B90020C8
:10AE100010BD01F0EFFD0028F9D104484FF45A733A
:10AE200003FB0400007900F0010010BDF46D002068
:10AE3000064B4FF45A7202FB003050F8063F0B608D
:10AE4000838882798A718B80704700BFF46D0020FF
:10AE500008B5044B4FF45A7202FB0030103001F079
:10AE600025FC08BDF46D00202DE9F0414FF45A7522
:10AE700005FB00F5194F05F110043C4492B2204641
:10AE800001F040FC0646204601F02AFC3F2802D88B
:10AE90003046BDE8F08107EB0508002098F8031064
:10AEA00002F01EFD0028F3D0204601F019FC3F28D7
:10AEB0000BD905F53A7298F803103A444023002064
:10AEC00002F072FD3046BDE8F08198F803100020D2
:10AED00002F03EFD3046BDE8F08100BFF46D002079
:10AEE000034B4FF45A7202FB0030103001F07CBC6F
:10AEF000F46D00202DE9F041044601F073FD10B916
:10AF00000020BDE8F08101F075FD06460028F7D16C
:10AF10004FF45A71DFF8608001FB04F404F12C0552
:10AF20004544284601F0C2FB0028E9D008EB04079D
:10AF30003046B97802F0D4FC0028E1D004F54A7418
:10AF4000444428462146402201F0DCFB054660B11E
:10AF5000B978224630462B4602F026FD40B9054B13
:10AF60001B68DB07CCD500BECBE7B97802F0F0FC5C
:10AF70002846C6E7F0ED00E0F46D002038B50C4B34
:10AF80004FF45A7404FB00342C3492B20546204628
:10AF900001F06AFC034620461C4601F087FB3F286F
:10AFA00001D8204638BD2846FFF7A4FF204638BD0B
:10AFB000F46D002008B5044B4FF45A7202FB0030C8
:10AFC0002C3001F08DFB08BDF46D0020F0B51C4C59
:10AFD00083B000214FF45A72204601250E4611F02D
:10AFE0007BFDFF234FF4424204F148016371E2808C
:10AFF0002B460827009604F110004FF48072277347
:10B000002581668101F016FB2B464FF4807204F512
:10B01000A471009504F12C0001F00CFB04F51271F1
:10B0200028460AF0E9F804F5267103462846C4E9E3
:10B0300009630AF0E1F8C4E9100603B0F0BD00BFEF
:10B04000F46D002010B5094B002203F12C0403F12C
:10B0500010001A601A7101F07DFC204601F07AFCA4
:10B0600020460121BDE8104001F09CBCF46D002099
:10B070002DE9F0414B79022B82B002D18B79022B62
:10B0800004D00025284602B0BDE8F081314FBB78DE
:10B090002BB1314B1B68DB07F3D500BEF1E78B7892
:10B0A0003B700C780C440646617824294FF0090562
:10B0B0000BD1082A02D80FE0AA420DD323781C44F2
:10B0C0002B44617824299DB2F6D005291BD0042990
:10B0D00002D163790A2B28D0204801F001FB3F28D8
:10B0E000D0D9F978002002F0FBFB0028CAD01B4819
:10B0F00001F0F6FA3F28F97813D9194A40230020C5
:10B1000002F052FCBEE72146304602F0C9FB00289F
:10B11000BFD0A3787B7023781C442B4461789DB208
:10B12000D5E7002002F014FCACE70E4A94F800804A
:10B130000192022301320092304604EB08011A46C4
:10B1400002F03AFB0028A4D005F10E0318FA83F3AD
:10B150009DB2C1E7F46D0020F0ED00E0046E002028
:10B16000DC700020F66D002038B5137803F0600322
:10B17000202B0CD1264C938825789D4207D15378FB
:10B18000203B032B03D8DFE803F009151E04002041
:10B1900038BD71B3022931D0012038BD61B1022917
:10B1A000FAD11C4B002BF7D01B490020AFF30080D5
:10B1B000012038BD0029EFD111460723164A02F0BD
:10B1C00073FC012038BDA1B10229E5D15588257154
:10B1D00005F00104114884F0010101F0E3FB104B7C
:10B1E000002BD9D0C5F3400221460020FFF77CFA9E
:10B1F000D2E7114602F03EFC012038BD094B002B7E
:10B20000CAD051880020AFF30080012038BD00BFB4
:10B21000F46D002000000000FA6D0020206E002078
:10B22000E9A60200000000002DE9F047574DEA783A
:10B230008A420C4607461E465CD19AB205F53A7121
:10B2400005F1100001F010FB514BD3B16B79FF2BCE
:10B2500017D0B6B105F2E72808EB060AA8F2D729FD
:10B2600002E0D0450DD06B7918F8012F9A42F8D141
:10B27000484601F02BFA0028F3D16979AFF300803A
:10B28000EFE7444B23B1444801F020FA002870D086
:10B29000414801F025FA3F2805D9E978002002F05D
:10B2A0001FFB002858D1AB789C4203D001242046D4
:10B2B000BDE8F087394B13B10020AFF3008001F0F7
:10B2C00091FB20BB364801F0F1F90028EED1002EA9
:10B2D000ECD016F03F06E9D1A978384602F000FB21
:10B2E00004460028E2D0A97838463346324602F0B8
:10B2F0005BFBDCE7AB788B42DCD02A4B1C6814F09C
:10B300000104D4D000BE00242046BDE8F08701F03F
:10B3100071FB04460028D5D1214801F0C7F9002867
:10B32000D0D0A978204602F0DBFA0028CAD01E4906
:10B330004022A1F53F7001F0E5F9034608B31A4A2F
:10B34000A978204602F030FB0028AFD1154B1B68CE
:10B35000DB07B7D500BEB5E70F4801F0C1F93F28BC
:10B360000AD94023114AE978002002F01DFBAB788E
:10B370009AE7AFF300808BE7E978002002F0E8FA63
:10B3800091E7A97802F0E4FA9CE700BFF46D002091
:10B390000000000000000000046E0020000000001B
:10B3A000206E0020F0ED00E01C710020DC70002019
:10B3B00002488C22002111F08FBB00BF5C7100207D
:10B3C00002488C22002111F087BB00BF5C71002075
:10B3D0002DE9F0414B79032B82B011D10F79C7EBE6
:10B3E000C7051235ADB295420C4604D8DFF89C80F3
:10B3F00098F8011049B1234B1B68DA0700D500BE4D
:10B400000025284602B0BDE8F08194F800C004EBA6
:10B410000C0292F801E0BEF1210FECD1C8F88820AF
:10B4200014F80C1008F1010E08F1020C1144CDE9DA
:10B4300000CE3A46064602F0BFF90028DBD0A379D9
:10B4400098F80210012B04BFE37988F80330012239
:10B45000D8F8883088F80420A278B3F8073088F844
:10B460000020A8F806300029CBD0074A30464023F8
:10B4700002F09AFA0028C4D1024B1B68DB07C0D542
:10B4800000BEBEE7F0ED00E0A47100205C7100207A
:10B49000F0B51446127802F01F05012D83B00FD1CC
:10B4A0000B467149A78891F800C0FFB2BC4507D18F
:10B4B00012F06002064606D183BB6278062A30D0BD
:10B4C000002003B0F0BD202AFAD16278013A0A2A9E
:10B4D000F6D801A050F822F0ADB5020099B50200EF
:10B4E00085B50200C1B40200C1B40200C1B40200BB
:10B4F000C1B40200C1B402006DB5020047B502003C
:10B5000005B5020063B3022B08D16388574ADBB24A
:10B510000B711AB119460020AFF30080012003B06F
:10B52000F0BD6288120A212A65D0222AC8D11846A5
:10B53000FFF7D6FA4C490246CB883046214602F046
:10B54000B3FA2846BDE7002BE8D162884848120AC2
:10B550004A7128B111461846AFF300800028AFD0D9
:10B560002146304602F086FA0120AAE7002B4ED190
:10B57000E388402BA4D83F4A2146304602F094FA93
:10B5800001209EE7002BC9D13B4A214630460123CA
:10B5900002F08AFA012094E7002BBFD1374A2146F6
:10B5A0003046012302F080FA01208AE7002BB5D152
:10B5B000E5886088402D4FEA10222F4628BF40279B
:10B5C00010F0FF003ED0012D46D9013F08722C49F2
:10B5D000BFB201250B46009701460020FFF788FA0D
:10B5E0002B189BB28BBB274A1268D2077FF568AF36
:10B5F00000BE184665E7D1F88820002A3FF460AF06
:10B600001378214603B0BDE8F04002F04DBA022B9A
:10B6100084D1E5886388402D2C4628BF402413F050
:10B62000FF004FEA132205D0012D03D991F84830CD
:10B63000834214D00F4B009401460020FFF76CFAB0
:10B6400001203EE710491D46C4E70F4A2146304617
:10B6500002F02AFA012034E70B491D46BAE7013C03
:10B660000A4BA4B2E7E700BF5C71002000000000B5
:10B6700000000000A47100206071002061710020B2
:10B6800065710020F0ED00E064710020A5710020DC
:10B6900030B51C4CA2788A4283B00CD161789142BB
:10B6A00017D1194A22B11949DAB20020AFF300804C
:10B6B000012003B030BD62788A42F2D0144B1B687F
:10B6C000DB0703D500BE002003B030BD002003B06F
:10B6D00030BD00229BB2114605460093104604F18E
:10B6E0004803FFF719FAA1782846402304F14802DD
:10B6F00002F05AF90028DBD1054B1B68DA07E5D5C3
:10B7000000BED6E75C7100200000000064710020DC
:10B71000F0ED00E070B500F12C050446284600F07D
:10B72000C5FF08B9002070BD6178002002F0D8F88C
:10B730000028F7D004F50A7628463146402200F06A
:10B74000E1FF054660B1034661783246002002F011
:10B750002BF940B9054B1B68DB07E3D500BE70BD74
:10B76000617802F0F5F8284670BD00BFF0ED00E00A
:10B7700030B5164C83B000210D464FF41A722046A6
:10B7800011F0AAF904F1480104F110000095012319
:10B79000802200F04FFF802204F1C80101230095B0
:10B7A00004F12C0000F046FF04F5A471012009F01B
:10B7B00023FD04F5CC7103460120C4E9095309F0C7
:10B7C0001BFDC4E9100503B030BD00BF309300205D
:10B7D00010B5084C002304F11000C4E90033C4E99B
:10B7E000023301F0B7F804F12C00BDE8104001F07D
:10B7F000B1B800BF309300202DE9F0434B79012B05
:10B8000083B002D18B79012B04D00025284603B0E8
:10B81000BDE8F083CB79002BF7D10B78CC18064626
:10B820006578242D99B20BD1914202D9EDE78A4275
:10B83000EBD323781C440B446578242D99B2F6D0C1
:10B84000042DE2D16379012BDFD1A379032BDCD165
:10B85000E579002DD9D1DFF8CC8098F8010098F86F
:10B86000023050EA030905D02B4B1B68DB07CCD50F
:10B8700000BECBE7A37888F8003027782079CB1971
:10B880009DB2274430B922E03B7881451D44ADB2DA
:10B890001F441CD2AA421AD37B78052BF4D1394617
:10B8A0003046019201F0FCFF019A68B3BB78207921
:10B8B000D90914BF88F8013088F80230397809F1C5
:10B8C00001030D445FFA83F9ADB20F44DCE713487E
:10B8D00000F006FF3F2899D998F80210002001F0E7
:10B8E000FFFF002892D00D4800F0FAFE3F2898F89C
:10B8F000021005D90A4A4023002002F055F885E7D6
:10B90000002002F025F881E7034B1B68DA077FF57A
:10B910007CAF00BE054679E7F0ED00E040930020E3
:10B92000189500203093002000207047F8B52D4D69
:10B93000AA788A421E4619D19AB205F5F47105F12A
:10B94000100000F091FF284B13B10020AFF30080EE
:10B95000264800F0C5FE3F2805D9A978002001F04F
:10B96000BFFF044668BB01242046F8BD6B788B42BC
:10B9700008D01F4B1C6814F00104F5D000BE002451
:10B980002046F8BD07462846FFF7C4FE0028EAD146
:10B9900005F12C0000F08AFE0028E4D1002EE2D050
:10B9A00016F03F06DFD16978384601F099FF04466A
:10B9B0000028D8D0697838463346324601F0F4FF83
:10B9C000D2E70A4800F08CFE3F28A97805D9094A39
:10B9D0004023002001F0E8FFC6E7002001F0B8FF97
:10B9E000C2E700BF30930020000000004093002019
:10B9F000F0ED00E01895002070B52E4CE28AA368A7
:10BA000052BA92B282B0054612B1B3FBF2F292B2D0
:10BA1000A06BD4F81110B0FBF2F61B1AB3F5007F3F
:10BA200028BF4FF4007309BA009302FB1602224BA1
:10BA3000607B3144FFF71AF9031E13DB09D094F839
:10BA40002E101D4A9BB2284601F0AEFF58B302B03B
:10BA500070BD94F82E10009328461A4601F078FE27
:10BA600002B070BDA268A36B43F203300021D31A69
:10BA7000A08784F83E1001200221A36284F82C00E4
:10BA800084F83010002AE2D0002BE0D0237BDB09C1
:10BA900014BF94F82E1094F82F10284602B0BDE879
:10BAA000704001F0BDBF054B1B68DB07CFD500BE62
:10BAB000CDE700BFE8730020E8710020F0ED00E062
:10BAC00038B5214B214C05461BB1607BAFF300809C
:10BAD000B0B1A06BA36894F82F101D4A1B1AB3F5E0
:10BAE000007F28BF4FF4007328469BB201F05CFF33
:10BAF00000B138BD174B1B68DB07FAD500BE38BD57
:10BB0000A26BA16884F83E008B1A42F207720120F2
:10BB1000A2870222A36284F82C0084F83020002936
:10BB2000E7D0002BE5D0237BDB0906D094F82E105C
:10BB30002846BDE8384001F073BF94F82F1028461E
:10BB4000BDE8384001F06CBF00000000E873002041
:10BB5000E8710020F0ED00E0044880F83C1080F827
:10BB60003D2080F83E300120704700BFE873002080
:10BB700002484022002110F0AFBF00BFE873002050
:10BB800002484022002110F0A7BF00BFE873002048
:10BB90004B79082B01D0002070478B79062BFAD106
:10BBA000CB79502BF7D1162A06D81C4B1B68D90726
:10BBB000F1D500BE0020704770B5194D8B7885F81F
:10BBC0002D300B7882B005F12F0205F12E061944B5
:10BBD0000223CDE900261A46044601F0EDFD30B9F6
:10BBE0000E4A1268D2070FD500BE02B070BD2046C3
:10BBF00095F82F1000241F232A4685F8304001F0C5
:10BC0000D3FE20B11720F0E7002002B070BD034B37
:10BC10001B68DB07F6D500BE1720E6E7F0ED00E075
:10BC2000E8730020002961D170B5137803F07F0517
:10BC3000022D84B0044620D003F06003202B02D0F4
:10BC4000002004B070BD5378FE2B34D0FF2BF7D109
:10BC50005388002BF4D1D688B3B2002BF0D13B4DE2
:10BC600011462046AE87C5E90D3385F8303085F89A
:10BC70003E3001F0FFFE0120E3E75578012DDBD1D6
:10BC80005388002BDCD1314E938896F83020042A5B
:10BC9000DBB243D096F82E10994229D096F82F5057
:10BCA0009D4205D122B9294601F0ACFE00283AD0C8
:10BCB000012004B070BD5388002BC1D1D088012869
:10BCC000BED1234B8DF80F002BB10192FEF738FF48
:10BCD000019A0028B4D0451E1146204601230DF1DB
:10BCE0000F028DF80F5001F0DFFEE1E701207047F1
:10BCF000022ADDD1B26BB3689B1A0324B36206F14A
:10BD000020020D2386F8304001F04EFE0028CFD1EE
:10BD1000104B1B68DB0793D500BE92E7194601F074
:10BD20007FFE28468DE72946204601F095FE002833
:10BD3000BED1002386F8303096F82F10034A2046F3
:10BD40001F2301F031FE0028B2D1E1E7E8730020A3
:10BD500041AB0200F0ED00E0F0B5A74C94F8305094
:10BD6000012D8FB01E4607466FD0032D46D02DB152
:10BD7000022D00F0898001200FB0F0BD94F82F3023
:10BD80008B42F8D11F2E40F09E809C4B22689A4235
:10BD900040F09980E37B9A4A6068A56284F82C5051
:10BDA000A5632262A56860620122282B84F83020F6
:10BDB000656300F0DA802A2B00F09F82002D00F0EE
:10BDC0002981227BD20940F02581B5F5007F40F220
:10BDD000F78294F83C30A5620120022284F82C00FE
:10BDE00084F8302023B942F2050284F83E30A2875D
:10BDF000384601F015FE94F83050B9E794F82E302B
:10BE00008B42B8D10D2EB6D1E37B282B00F06D828A
:10BE10002A2B00F062827B4B23B1607B04F10F017F
:10BE2000AFF30080002084F83000734A94F82F109C
:10BE30001F23384601F0B8FD0028DCD1724B1B6887
:10BE4000DA0700F19080002096E7E37B282B12D0E0
:10BE50002A2B59D0A36B227B3344D209A36347D04A
:10BE6000626B9A420DD9684B1B68DB07C3D500BED5
:10BE700094F830507CE7D4E90D2333449342A36314
:10BE80006CD3022384F8303094F82E10384601F039
:10BE9000E3FD00287FF46FAFA368A26B934202D941
:10BEA000217BC9091ED19B1A0325A36294F82E1089
:10BEB000564A84F8305038460D2301F075FD0028AD
:10BEC0007FF459AFBAE7042394F82E1084F8303089
:10BED000384601F0A5FD384694F82F1001F0A0FD7A
:10BEE000002049E794F82E10384601F099FD42E70A
:10BEF000A38E474A607B04F10F01FEF7A9FE0028DC
:10BF0000C0F2C981A36BABE7E08A40BA80B218B136
:10BF1000A368B3FBF0F080B2D4F81110A26B3C4DD3
:10BF2000B2FBF0F309BA00FB13221944607B0096C0
:10BF30002B46FEF7B1FE0028C0F20A82864252D993
:10BF4000002840F03382002394F82F1000933246EB
:10BF5000384601F0FDFB94F8305009E7FFF74CFD3F
:10BF600094F8305004E700BE06E7E28A52BA92B273
:10BF70009DB9002A85D094F83C300222002184F833
:10BF80002C2084F83020A162002B7FF47DAF42F298
:10BF9000050284F83E30A28776E7207BC0090BD0EB
:10BFA000002A00F0EE819542C0F02282282B38460C
:10BFB000D4D0FFF785FD1EE794F83C20A56202234C
:10BFC00084F82C3084F83030002A7FF411AF42F22C
:10BFD00005020023A28784F83E30207BC009002898
:10BFE0003FF406AF9DE1D4E90D2333449342A363AC
:10BFF000BFF447AF3846DCE7E873002055534243AF
:10C000005553425300000000F0ED00E0087400209A
:10C01000E8710020607B252B27D8DFE813F037017B
:10C02000260026000A0126002600260026002600FB
:10C0300026002600260026002600260026002600D0
:10C040002600E900260026002600260026002600FD
:10C050002600CF00B5002600260026002600260078
:10C06000260026007B002600520094F83C30002B6E
:10C070003AD1B04AB049ABB2FEF7EAFD002833DB53
:10C0800040F0C981A368002B3FF4FBAEA16B94F88C
:10C090003C205B1A01200221A36284F82C0084F862
:10C0A000301022B942F2050184F83E20A187002B0E
:10C0B0003FF4EAAE237BDB0940F0338194F82F1084
:10C0C00096E604AA05A9FEF7B1FD059B23B1BDF8CC
:10C0D0001020002A40F0968194F83C3023B940F2B9
:10C0E000024284F83E30A287A268A36B94F83C1009
:10C0F0000120D31A84F82C000220A36284F83000B7
:10C1000021B942F2050084F83E10A087002A3FF4CE
:10C11000BBAECCE705AD00230DF10E0204A96B60A8
:10C120000593AB60FEF782FD049A002AD4D0BDF8D7
:10C130000E30002BD0D012BA5BBA08200221ADF825
:10C140001E3006928DF817008DF81C1095E8070038
:10C15000784BA56883E807000C20002D40F039815A
:10C16000A36B94F83C205B420121A362022384F874
:10C170002C1084F83030002A7FF486AE42F205039A
:10C1800084F83E50A3877FE66C4B002B3FF47AAFD8
:10C19000E17CC1F3400301F001020909AFF3008023
:10C1A00000287FF46FAF94F83C30002B9CD140F214
:10C1B00002420023A28784F83E3095E7059B604A3F
:10C1C00003F4000343F003030593002A00F01881F1
:10C1D000AFF300809DF81630564AA56880F0010044
:10C1E00060F3C7138DF81630059B13600420B4E785
:10C1F0004FF020330022CDE90A33524D069207A9B1
:10C2000009AA0893079309930D930C9305AE0DAB00
:10C210000595FEF79DFC0FCEDFF818C1A568ACE8C8
:10C220000F000FCEACE80F003368CCF800302420AC
:10C2300093E794F83C2094F83D0094F83E10DFF822
:10C24000F4C04FF0000E4FF00003CDE905EECDE94C
:10C2500007EE62F303038DF81630F0220A23ADF8DF
:10C2600024E08DF820008DF821108DF814208DF831
:10C270001B3005AE0FCEACE80F003368A4F83CE0ED
:10C2800084F83EE0ACF80030122066E7FEF7B4FC1C
:10C29000002888D0F6E6A268A36B94F83C0084F8E6
:10C2A0002C50D11A0225A16284F8305020B942F2F4
:10C2B000050584F83E00A587002A3FF4D1AD00298A
:10C2C0003FF4CEAD237BDB0900F0948094F82E1070
:10C2D000384601F0A5FBA36BC2E51B4B002B3FF4D6
:10C2E000A1AD607BFEF7EEFC9CE5184B002B3FF404
:10C2F00099AD607BAFF3008094E5E28A52BA92B2C6
:10C30000002D3FF436AE207BC0093FF449AE94F8CF
:10C310003C30A562022284F82C2084F83020002BC7
:10C320007BD094F82E10384601F07AFB94F8305008
:10C330001EE500BFE8710020F77300200000000038
:10C340000000000000800202C5AC020000000000F6
:10C35000A36BA2683344D11A43F20330A3630023D2
:10C36000A08784F83E3001200223A16284F82C00CB
:10C3700084F83030002A3FF487AD00293FF484ADC3
:10C3800098E6012294F83C3084F82C200222A56221
:10C3900084F83020002B7FF422AE42F2050284F8AC
:10C3A0003E30A287002D3FF46FAD16E6A36B361A20
:10C3B0000344291832462846A36310F073FBC2E5F4
:10C3C000194AABB2384601F0EFFA00287FF413ADFA
:10C3D00034E5A84228BF284683B26063124A94F825
:10C3E0002E10384601F0E0FA00287FF404AD25E570
:10C3F0000222C7E794F82F10384601F011FB81E5BF
:10C400000120E7E60849A568013B1BBA12BAC1E959
:10C4100000320820A1E6A5689FE642F2050284F8F2
:10C420003E30A287D9E500BFE871002030B5154C39
:10C4300083B000210D464FF4EE72204610F04CFB05
:10C4400004F13C01201D00950123402200F0F2F888
:10C45000402204F17C010123009504F1200000F04A
:10C46000E9F804F1BC01012008F0C6FE04F586716C
:10C4700003460120C4E9065308F0BEFEC4E90D05D9
:10C4800003B030BD2874002010B5064C20460023B0
:10C4900040F8043B00F05EFA04F12000BDE81040D3
:10C4A00000F058BA287400204B79FF2B01D00020EF
:10C4B00070472DE9F041324C6678A378334382B05F
:10C4C00003D0002002B0BDE8F0810D788B78237096
:10C4D000804608790F460D4408B36B78052B0AD0C7
:10C4E000AB189D4202D306E0AB4204D929780D4433
:10C4F00069780529F8D1234E0196731C02460093F2
:10C5000029460223404601F057F90346A8B13B797A
:10C51000A178C3EBC3031D4431B96178A1B9E81B0D
:10C5200080B202B0BDE8F081402306F25B124046C3
:10C5300001F03AFA03460028EFD1134A1268D207F5
:10C54000BFD500BE1846BDE7002001F05BFA0646E5
:10C550000028E4D10D494022A1F5BE7000F0D2F8C8
:10C560000028DCD003466178084A304601F01CFA06
:10C570000028D4D1044B1B68DB07D0D500BECEE722
:10C580002874002029740020F0ED00E0C47500201C
:10C5900038B5234CA2788A420AD063788B424FF098
:10C5A000000004D101F02EFA054600B3012038BD89
:10C5B0009AB204F5AE71201D00F056F9194B13B173
:10C5C0000020AFF30080A178002001F01BFA05469F
:10C5D0000028EBD1144800F083F83F28E6D9A17871
:10C5E000124A2846402301F0DFF9012038BD4022DD
:10C5F00004F5CE7104F1200000F084F80028D5D0B5
:10C6000003466178284604F5CE7201F0CDF9002882
:10C61000CCD1074B1B68DB07C8D500BEC6E700BFFF
:10C6200028740020000000002C7400208475002075
:10C63000F0ED00E02DE9F041B2F5004F9DF81880D3
:10C6400030D80446406915460E461F4618B14FF0D3
:10C65000FF3109F011F8A06918B14FF0FF3109F06E
:10C660000BF86A0092B260692660511E00235242A4
:10C67000E381A580E78084F80880A181628123821C
:10C6800018B11A46194608F007FCA06938B1002312
:10C690001A46194608F000FC0120BDE8F08101208F
:10C6A000BDE8F0810020BDE8F08100BFC189028AA9
:10C6B00089B292B28B1A91429BB202D242899B1AE2
:10C6C0009BB28088984228BF18467047C289038A67
:10C6D00090B29BB2C01AB0FA80F04009704700BF18
:10C6E000C189028A89B292B28B1A914210B49BB26C
:10C6F000848802D240891B1A9BB2E01A80B25DF88E
:10C70000044B70472DE9F0470546806988469146FD
:10C7100018B14FF0FF3108F0AFFFEB892C8A9BB2C4
:10C72000A4B21E1BA342B6B202D26A89B61AB6B22E
:10C73000AF88B74209D2BB4249D26A893A449B1AB0
:10C740009AB22A822C8A3E46A4B2002E45D04E458B
:10C7500028BF4E46A74203D8E41BA4B2A742FBD988
:10C76000A7EB0409B5F806A029681FFA89F94E4518
:10C770000AFB041125D919FB0AF91FFA89F94A465F
:10C78000404610F081F9F21B224412FB0AF229689C
:10C7900092B208EB090010F077F92A8A92B2931945
:10C7A0009BB29A421BD96A8913449BB2A8692B8217
:10C7B00020B100231A46194608F06EFB3046BDE84A
:10C7C000F0870AFB06F2404610F05EF9E5E7A9891A
:10C7D000DA1B92B29142B4D2AFE72B8A9BB2AA89FC
:10C7E0009A42E3D2DFE700BF70B5044680690E4687
:10C7F00018B14FF0FF3108F03FFFE289238A92B26F
:10C800009BB2D01A9A4280B202D26189401A80B299
:10C81000A588854207D2AA421DD261892944521AAD
:10C8200091B221822846E0B1AB4203D35B1B9BB29D
:10C830009D42FBD9E2882168304602FB031110F0CB
:10C8400023F90125A06920B100231A46194608F0F2
:10C8500023FB284670BDA089511B89B28842E0D2D3
:10C86000DBE70546EEE700BF2DE9F84F1546002A45
:10C870003FD004464069884618B14FF0FF3108F0B8
:10C88000FBFEE789237A218ABFB289B2A3BB7A1A59
:10C890008F42A38892B252D39A1A92B2954228BF7D
:10C8A0001546A5EB0309B4F806A01FFA89F99F42C3
:10C8B0003E4603D3F61AB6B29E42FBD29B1B2068BB
:10C8C0009BB29D420AFB060027D80AFB05F24146AF
:10C8D00010F0DAF8EB199BB29F421AD8A2899A425B
:10C8E00017D36069E38120B100231A46194608F086
:10C8F000D3FA2846BDE8F88FA3889D4223D3B4F825
:10C9000006A0ED1A0AFB05880F461D464FF00009E8
:10C91000CDE7628913449BB2E3E713FB0AF31FFAE6
:10C9200083FB5A4641464E4410F0AEF816FB0AF21D
:10C93000206808EB0B0192B210F0A6F8CAE76189F3
:10C94000521A92B2A8E7A5EB0309B4F806A01FFAA1
:10C9500089F9ACE710B50446406918B14FF0FF31D2
:10C9600008F08AFEA06918B14FF0FF3108F084FE8C
:10C97000A38860695B009BB2591E5A420023E38181
:10C98000A1816281238218B11A46194608F084FAFF
:10C99000A06920B100231A46194608F07DFA01204B
:10C9A00010BD00BF38B5044640690D4618B14FF0C0
:10C9B000FF3108F061FEA06918B14FF0FF3108F0B7
:10C9C0005BFE6069257220B100231A46194608F003
:10C9D00063FAA06920B100231A46194608F05CFAF0
:10C9E000012038BD024B5878003818BF012070472D
:10C9F0005C760020024B1878C0F38000704700BFBF
:10CA00005C760020014B1878704700BF93760020B9
:10CA10002DE9F0433A4D2E7883B01EB1304603B075
:10CA2000BDE8F083372231460446364810F054F80A
:10CA30003549012008F0E0FB344B186000283BD05A
:10CA400033490B464A6833F8080B4988009608F0CA
:10CA50007FF9304B186078B32F4F27B12F48AFF3D1
:10CA600000802F4B18602D4E337877B32D4FDFF8B1
:10CA7000B0804FF000094B4537D8A9EB0303DBB278
:10CA8000042B39D803EB430307EBC3031B68984718
:10CA9000337809F101095FFA89F91A1D4A45EADA82
:10CAA000204601F06FF9204601F06EF9012630466C
:10CAB0002E7003B0BDE8F0831B4B1B68DB07ADD5C0
:10CAC00000BE304603B0BDE8F083DFF8588001E0D7
:10CAD000052F11D007EB4703013758F8333098473B
:10CAE000337804339F42F3DDDAE7D8F8003009EBFE
:10CAF000490203EBC203C9E700231B68FFDE00BF46
:10CB0000937600205C7600200C760020947600203E
:10CB1000E4600020987600200000000008760020E5
:10CB2000047600204C010400F0ED00E02DE9F04F08
:10CB30008BB002F01BF8002800F06F81BE4DDFF8CB
:10CB40001893DFF818A3DFF818B328684FF0FF3206
:10CB500007A908F035FC002800F05F819DF81D3022
:10CB6000013B072B00F2F284DFE813F00001C9005B
:10CB7000A300940088003F000E000800089B002BD3
:10CB8000E3D009989847E0E79DF82010AB4B01F0FF
:10CB90007F0403EB440303EBD11393F825006FF3F9
:10CBA000000083F8250093F825006FF3820083F8D6
:10CBB0002500002C00F03481A14ADB7C32B1A14A6F
:10CBC00012789342C0F01C819B1ADBB2042B00F256
:10CBD0001F8103EB43030AEBC3031C699DF821206B
:10CBE000099B9DF81C00A047AFE7DFF850829DF835
:10CBF0001C6098F8003043F0010388F8003098F882
:10CC000025306FF3000388F8253098F825306FF34E
:10CC1000820388F8253098F826306FF3000388F8EF
:10CC2000263098F826306FF3820388F826300020EB
:10CC300000F09EFF9DF8203003F06002602A0DD0C6
:10CC4000402A00F0438103F01F03012B00F09B8179
:10CC5000022B00F06D81002B00F04781D9F80030E5
:10CC6000DC0700D500BE9DF81C00002101F032FA5F
:10CC70009DF81C00802101F02DFA66E76F4B1B78B0
:10CC8000DA077FF562AF704B002B3FF45EAFAFF376
:10CC900000805AE7694B1A78D1077FF556AF6B4A87
:10CCA000002A3FF452AF1878C0F3C000AFF3008001
:10CCB0004BE7644C624F2278002F00F0F48000268E
:10CCC00014E0B31ADBB2042B00F2FD8003EB430344
:10CCD0000AEBC3035B691BB19DF81C0098472278DF
:10CCE0000136F6B2131DB342FFF62FAFB242E8D9B8
:10CCF000DBF8003006EB460103EBC103EAE7514CD9
:10CD00004F4F23789DF81C60002F00F0BA80002759
:10CD1000BB4267D8FB1ADBB2042B00F21F8403EB83
:10CD200043030AEBC3035B68304698472378013717
:10CD3000FFB21A1DBA42EBDA372200213F480FF04A
:10CD4000CBFE434B4FF0FF321A605A609A60DA60B4
:10CD50001A615A619A61DA611A8400F0FFFE3D4B54
:10CD6000002B3FF4F2AEAFF30080EEE6354C344FCB
:10CD700023789DF81C60002F5AD000279F4238D39B
:10CD8000FB1ADBB2042B00F2E98303EB43030AEB4B
:10CD9000C3035B683046984723780137FFB21A1DFA
:10CDA000BA42EBDA254C3722002120460FF094FEE0
:10CDB0004FF0FF33C4F80330C4F80730C4F80B3029
:10CDC000C4F80F30C4F81330C4F81730C4F81B305F
:10CDD000C4F81F30A4F8233000F0C0FE9DF82030C6
:10CDE000A370B2E6DBF8003007EB470203EBC203A7
:10CDF00099E7DBF8003007EB470203EBC203C8E713
:10CE0000DBF8002003EB430312EBC3037FF4E5AE32
:10CE1000114B1B68D80700D500BE0BB0BDE8F08FE2
:10CE2000099B9DF821209DF81C0000F0B3FE8CE6C4
:10CE3000DFF8288019E000BF987600205C7600209B
:10CE40000000000008760020000000000000000044
:10CE50005F76002000000000F0ED00E04C010400CF
:10CE600004760020052F00F07983D8F8043030468E
:10CE700098472378013704339F4208F11808F1DD01
:10CE800090E7DFF8508302E0052F00F06783D8F8C1
:10CE9000043030469847237801370433BB4208F109
:10CEA0001808F1DA48E7CB4E73691BB19DF81C00F6
:10CEB000984722780137131D9F4206F118063FF765
:10CEC00044AE052FF0D100235B69FFDEC248002885
:10CED0003FF4C9AE00F04CFE304608AA0021FDF731
:10CEE0004DFF00287FF431AEBDE6202A00F084809B
:10CEF000002A7FF4B3AE9DF82130092B3FF6AEAE89
:10CF000001A252F823F000BF8FD002008FD102009F
:10CF10005DCC02006FD102005DCC020051D1020055
:10CF2000FDD002005DCC0200E5D00200B3D00200CB
:10CF30009DF8241001F07F03082B3FF68FAE08EB1D
:10CF4000430000EBD110A54CC07C5B00CF0934B18D
:10CF5000A34C2478A042C0F08E80001BC0B20428ED
:10CF600062D800EB40000AEBC004002A60D0E06801
:10CF700000F0FEFDE368304608AA0021984700282B
:10CF80007FF4E3AD6FE69DF824300F2B3FF66BAED8
:10CF90004344924ADB782AB1914A1278934261D392
:10CFA0009B1ADBB2042B3FF65EAE03EB43030AEBA6
:10CFB000C304E06800F0DCFDE36808AA0021304605
:10CFC000984700287FF4C1AD9DF8203013F060042D
:10CFD0007FF449AE9DF821300A3B012B3FF643AE6A
:10CFE00000F0C6FD9DF821300A2B00F07B8108A9D6
:10CFF000304600F03FFDA8E59DF824300F2B3FF6AA
:10D0000032AE4344754ADB7832B1754A12789342A6
:10D01000C0F04D819B1ADBB2042B3FF624AE03EB2C
:10D0200043030AEBC304A2E7002A7FF41CAE1446B4
:10D030009DF8212002F0FD00012800F00A81002A5D
:10D040007FF40CAE43443B44304693F825400DF149
:10D050001A02C4F34004022308A9ADF81A4000F0F4
:10D0600023FD72E5DBF8004003EB430314EBC3043C
:10D070003FF4F9AD9DE7DBF8004000EB400004EB26
:10D08000C004002AD4D0002C7FF471AFEBE598F8EF
:10D0900000309C0804F00204C3F340131C433046E4
:10D0A00002230DF11A0208A9ADF81A4000F0FCFCA9
:10D0B0004BE59DF8223002931A4698F801309A42C7
:10D0C00008D098F80130002B40F09581029B002B8E
:10D0D00040F01281029B88F80130304608A900F028
:10D0E000C9FC32E598F801308DF81A30304601233A
:10D0F0000DF11A0208A900F0D7FC26E5BDF82200C0
:10D10000030A5A1EC0B20E2A3FF6ADAD01A151F876
:10D1100022F000BF3BD202001FD202000FD2020059
:10D1200067CC020067CC0200E9D102001FD20200E6
:10D1300067CC020067CC020067CC020067CC02001B
:10D1400067CC020067CC020067CC0200AFD10200BE
:10D1500008A800F013FD9DF82210304600F01AFEDA
:10D1600098F8003043F0020388F80030EDE4BDF891
:10D170002230012B7FF477AD98F80030304643F031
:10D18000080308A988F8003000F074FCDDE4BDF85D
:10D190002230012B7FF467AD98F8003030466FF3F2
:10D1A000C30308A988F8003000F064FCCDE40D4BFF
:10D1B000002B3FF458ADFDF7DDFD024600283FF49B
:10D1C0004DAD5388304608A900F06EFC00287FF46E
:10D1D000BCAC48E54C0104007DAD0200000000003D
:10D1E0000876002075AD0200B64B002B3FF43BAD36
:10D1F000AFF30080024600283FF435AD1378304687
:10D2000008A900F051FC00287FF49FAC2BE5BDF885
:10D210002410FDF75DFC02460028EFD123E5022B28
:10D2200000F08A81A84B002B3FF41DADAFF30080C6
:10D230000246002A3FF412ADC3E7FDF73FFC12237C
:10D24000024608A9304600F02FFC00287FF47DAC90
:10D2500009E5BDF82200009048B9012A43442FD0C7
:10D260003B4403F1200793F825309B0713D5002C8E
:10D270003FF46BACE06800F07BFCE36808AA002197
:10D2800030469847002000F073FC98F82630DF07FE
:10D290003FF55BACABE6304600F01CFF7B7943F01A
:10D2A00002037B717B7943F001037B71DFE7DBF8DD
:10D2B000004003EB430314EBC3043FF4D4AC56E645
:10D2C0001F4420377B799A07D1D5304600F042FFC2
:10D2D0007B79009A62F341037B717B7962F30003EF
:10D2E0007B71C4E708A9304601230DF11A028DF8BD
:10D2F0001A4000F0D9FB28E4581EC0B2FDF7E2FB4B
:10D30000002871D04378022B6ED1C27998F80010B2
:10D31000C2F340131B01C2F3801221F0300143EA33
:10D3200042130B4388F8003043880396C31800F17A
:10D33000090704933946049B8B4240F2F5804B78F1
:10D340000B2B00F0DD8001220092042B4CD1049BBA
:10D350005E4A5B1A9BB201935D4B1B784AB3002671
:10D3600037461DE0F31ADCB2042C00F2EC8004EB2B
:10D3700044040AEBC404019AA368039805919847F2
:10D3800008280599024603D9019B834280F08280D8
:10D390004F4B1B780136F6B21A1DB242374623DBDB
:10D3A000B342DFD9DBF8004006EB460304EBC304CD
:10D3B000E1E7484B17461C46052FFEB200F0C3803C
:10D3C000019AA36803980591984708280599024691
:10D3D00002D9019890425DD23D4B1B78013704334E
:10D3E000BB4204F11804E7DAD9F80030D9077FF519
:10D3F00035AC00BE32E4364C344F304600F072FD9E
:10D4000098F802202378009287B30027BB4226D8E1
:10D41000FB1ADBB2042B00F2A18003EB43030AEBFF
:10D42000C3035B683046984723780137FFB21A1D63
:10D43000BA42EBDA3722284800210FF04DFB274B88
:10D44000009A88F802204FF0FF321A605A609A6002
:10D45000DA601A615A619A61DA611A8436E6DBF899
:10D46000003007EB470203EBC203DAE7194B304603
:10D4700026461C4601E0052F70D06368019098474E
:10D480003278019801370432BA4204F11804F2DA12
:10D490000646CFE7009B012B38D0009B03B391F8E1
:10D4A00002C0002305E00133C6700098DCB284425C
:10D4B00016D20CEB030058FA80F0C478FF2CF2D09F
:10D4C00092E700BF00000000000000000000000024
:10D4D000087600204C0104005C7600205F76002076
:10D4E00033462048CDE9001201F076FB1E4B1B7835
:10D4F000DDE900120433BB421144BFF61CAF73E7F1
:10D500000B78CA78009219444B781EE7A368174835
:10D51000834206D0009C1648834208BF0224009430
:10D52000BDE702230093BAE7124B039E002B3FF4A2
:10D53000D1ADAFF30080CDE5FDF7C4FA0246002A75
:10D540003FF48CAB3DE600239B68FFDED9F800304A
:10D55000DB077FF5FAAA00BEFFF7F7BA00235B6886
:10D56000FFDE00BF6F7600200876002071B0020059
:10D57000F9B702000000000030B589B000248D1E0C
:10D58000CDE9024404948DF809108DF80800032DAC
:10D590005CD8DFE805F0082C48023B4B1978C80737
:10D5A00061D409B030BD384938480B7800686FF352
:10D5B00000030B700C7800236FF341040C704B7068
:10D5C0000C7863F382040C70002A37D002A905AAF4
:10D5D00007F048FE059B002BE3D02D4B4FF0805207
:10D5E0005A6040BFBFF34F8FBFF36F8FD9E7264B11
:10D5F00019784907D5D51978244C6FF38201197031
:10D6000000230521CDE9053307938DF814008DF82B
:10D6100015102068002A2FD1134605A94FF0FF32BC
:10D6200007F03AFCBDE7184B1978CC07B9D5197843
:10D63000164841F00401006819705AB9134602A94E
:10D640004FF0FF3207F028FC09B030BD0F4B1868CF
:10D65000002AF3D0002302A905AA07F003FE059BC8
:10D66000002B9ED0B9E7197808486FF38201006853
:10D670001970002AEED1E1E705A901AA07F0F2FD31
:10D68000019B002B8DD0A8E75C76002098760020C7
:10D6900000ED00E030B5144D85B000240123CDE944
:10D6A000014403948DF804008DF8081028688DF863
:10D6B00005303AB9134601A94FF0FF3207F0ECFBF1
:10D6C00005B030BD234601A96A4607F0CBFD009B9B
:10D6D000002BF5D0054B4FF080525A6040BFBFF38E
:10D6E0004F8FBFF36F8FEBE79876002000ED00E0DF
:10D6F00030B50B4685B0044649681868124D8DF860
:10D70000044002AC03C4002306212868ADF80630AB
:10D710008DF805103AB9134601A94FF0FF3207F012
:10D72000BBFB05B030BD6A4601A907F09BFD009B1D
:10D73000002BF6D0054B4FF080525A6040BFBFF32C
:10D740004F8FBFF36F8FECE79876002000ED00E07D
:10D7500030B585B0164D03929DF820402D6800220B
:10D76000CDE901228DF8081007218DF804008DF80D
:10D7700009308DF8051044B9234601A928464FF019
:10D78000FF3207F089FB05B030BD134601A92846DA
:10D790006A4607F067FD009B002BF4D0054B4FF065
:10D7A00080525A6040BFBFF34F8FBFF36F8FEAE7DD
:10D7B0009876002000ED00E02DE9F84FDDE90A8AB7
:10D7C000002A3CD0DFF8809007460C461E461546DE
:10D7D0004FF0000B17E099F8021001F0C9F9034669
:10D7E00021463846EBB100F0E7FAF8B1A378DA0940
:10D7F00014BF8AF8003088F8003023780BF1010B51
:10D80000AB451C441BD06378052B20460ED1E17834
:10D8100001F00301B14209D1A37803F07F03082B83
:10D82000D9D9084B1B68DA0700D500BE054B1B6829
:10D83000DB0702D40020BDE8F88F00BEFAE7012024
:10D84000BDE8F88FF0ED00E05C76002030B5124DB9
:10D8500085B000230824CDE90201019328688DF8E2
:10D8600005403AB9134601A94FF0FF3207F014FB07
:10D8700005B030BD6A4601A907F0F4FC009B002BFF
:10D88000F6D0064B4FF080525A6040BFBFF34F8F27
:10D89000BFF36F8FECE700BF9876002000ED00E04B
:10D8A00038B58B7803F07F03082B06D90A4B1B6829
:10D8B000DB0700D500BE002038BD084B0C460546EE
:10D8C0000846997801F054F90028EFD021462846FF
:10D8D000BDE8384000F070BAF0ED00E05C76002062
:10D8E000F8B5194B01F07F0403EB440303EBD111AE
:10D8F00001F12004607910F0010519D163795A070C
:10D90000C3F3800701D52846F8BD104E4FF0FF3114
:10D91000306807F0B1FE607910F001050BD1637932
:10D920005B0709D4637943F004036371012503E0C5
:10D9300000252846F8BD3D46002330681A461946A2
:10D9400007F0AAFA2846F8BD5C76002094760020FD
:10D9500038B5134D0C4628684FF0FF3107F08CFEA8
:10D96000104B04F07F0103EB410303EBD411203192
:10D970004B7913F0010310D14A79C2F380045207A6
:10D9800003D54A7963F382024A71002328681A4654
:10D99000194607F081FA204638BD0024F5E700BF9C
:10D9A000947600205C76002070B5144D01F07F065F
:10D9B00005EB460505EBD11420346579ED0706D556
:10D9C0000F4B1B68DA0700D500BE002070BD6579DB
:10D9D00045F00105657100F0D5FA0028F6D16379AC
:10D9E000074A60F300036371637960F38203637134
:10D9F0001368DB07E9D500BE70BD00BF5C76002070
:10DA0000F0ED00E0054B01F07F0203EB420303EB76
:10DA1000D11191F8250000F0010070475C760020DC
:10DA200010B50C4B01F07F0203EB420303EBD11462
:10DA300094F825309B0700D510BD203400F04AFB38
:10DA4000637943F002036371637943F00103637107
:10DA500010BD00BF5C760020054B01F07F0203EB98
:10DA6000420303EBD11191F82500C0F34000704749
:10DA70005C7600200B4630B40A4C496805461868AD
:10DA8000224603C293F9002000239A42C4E90233DC
:10DA90002846A8BF802130BCB8BF19461A46FFF7F8
:10DAA00083BF00BF5C770020F0B50C46284F496863
:10DAB00006462068BA603D4603C50021F981E58825
:10DAC000AB4228BF2B4683B0BB81A5B11BB352B379
:10DAD00097F90000402B28BF402300282ADB1D4A6D
:10DAE0003046FFF761FF98B91B4B1B68DB071ED55B
:10DAF00000BE03B0F0BD94F90030002BACBF802114
:10DB0000002130462B462A46FFF74EFF0028EBD077
:10DB1000012003B0F0BD97F90020002AACBF1946E0
:10DB200080211A46DCE70C4B1B68D9070CD4002077
:10DB300003B0F0BD1146074801931A460EF0A4FF4A
:10DB4000044A019B8021CBE700BE1046E1E700BFFD
:10DB50005C77002070770020F0ED00E0034B00229E
:10DB6000C3E90022C3E902221A6170475C770020F2
:10DB7000014B1861704700BF5C7700200346044AE0
:10DB800059680068134603C30023C2E90233704793
:10DB90005C770020F0B5414C2578C909B1EBD51F61
:10DBA00083B01F46064616D033B13D4B1B68DA07DB
:10DBB00057D4002003B0F0BD3A4B13B12146AFF368
:10DBC00000802369002B2FD0344A30460221984729
:10DBD000012003B0F0BD94F90020002A06DBA06804
:10DBE0000028E6D030491A460EF04EFFE589A168BC
:10DBF000E2883D44ADB23944AA42E581A16016D025
:10DC00003F2F14D9A28994F90000531B9BB2402BDB
:10DC100028BF402300282FDB95423BD0224A002119
:10DC20003046FFF7C1FEB0B1012003B0F0BD23695B
:10DC300023B11A4A012130469847A0B194F9002037
:10DC400000239A42ACBF8021194630461A46FFF79E
:10DC5000ABFE0028E8D1124B1B68DB07A9D500BE3C
:10DC6000A8E700BEA5E70146304600F033FA30468B
:10DC7000802100F02FFAD7E7954208D01A460A48CB
:10DC800001930EF001FF084A019B8021C8E7802123
:10DC90000022C5E700210A46C2E700BF5C770020EA
:10DCA000F0ED00E0000000007077002042DF7047D8
:10DCB00043DF704744DF704712DF70472C4B5B68CF
:10DCC000C3F3080313B9EFF310839BB1294B93F807
:10DCD000D820002A36D1012283F8D8200260BFF371
:10DCE0006F8FBFF34F8F244A904227D0043A90425F
:10DCF00024D07047214A53681B06E7D5802110B411
:10DD0000C2F88410BFF34F8FBFF36F8F194B93F896
:10DD1000D840E4B9012283F8D8200260BFF36F8FA6
:10DD2000BFF34F8F144A90421DD0043A90421AD04C
:10DD3000124B80225A605DF8044B7047002283F832
:10DD4000D8207047014601220D48FFF77FBD516082
:10DD5000C2F88410BFF34F8FBFF36F8F93F8D84092
:10DD6000002CF4D1D6E7002283F8D820E0E700BFEA
:10DD700000ED00E0B07700205070024000E100E0CC
:10DD8000BDDC0200704700BF014B80225A60704723
:10DD900000E100E0074BD3F80014D3F80024002082
:10DDA0000A434FF48001C3F80024C3F85801C3F8B4
:10DDB0000413704700700240F0B488788D88CC78E6
:10DDC000444FC10900F07F0202EB42034E00DB002A
:10DDD0000E4403EB86033B4404F00304C5F30A0539
:10DDE000012C1D812FD0D9B13B49941C012303FA8A
:10DDF00004F4C1F80443D1F8104503FA02F22243B7
:10DE0000C1F81025344B40F48072C3F81805C3F8EC
:10DE10000C25BFF36F8FBFF34F8F0120F0BC70470D
:10DE20002D4C02F10C05012303FA05F5C4F8045347
:10DE3000D4F81455934002F594722B43C4F814356A
:10DE400044F82210DEE7082A07D0244B186810F0A7
:10DE50000100E3D000BE0020E0E7E9B9B7F8D43014
:10DE60001BB11D4B8022C3F81C251B4A0023C2F89E
:10DE70005031D2F8003313F4001308BFC2F8543104
:10DE8000154B4FF44012C3F80423D3F8142542F481
:10DE90008072C3F81425B5E7B7F8C8200E4B0021EF
:10DEA000C3F82C1112B18022C3F81C250A4AD2F8FB
:10DEB000003313F4001308BFC2F85431064B084A6C
:10DEC000C3F80423D3F8102542F48072C3F8102558
:10DED00098E700BFB077002000700240F0ED00E04E
:10DEE00000082000214B8022F0B4C3F88420BFF347
:10DEF0004F8FBFF36F8F1E4A1E4E0D210125002349
:10DF00001D4CA1F10A004FEA810C05FA01F76444A7
:10DF100005FA00F0013138431429C6F8080363609C
:10DF2000A362C2E90033C2E90233C2E9043302F159
:10DF30001802E5D11149124AC6F80823C6F81C3563
:10DF4000C1F8C0307362C1F8C430B364C1F8C830DE
:10DF5000C6F81455C1F8CC30C6F81055C1E93433B1
:10DF6000024B80225A60F0BC704700BF00E100E025
:10DF7000C877002000700240D06F0240B0770020C8
:10DF800000083000F0B501F07F00CF090D467C009D
:10DF900000EB4001DFF838C1C9003C4401EB8404C8
:10DFA0000CEB040E1E460023AEF806304CF804209D
:10DFB00083B0AEF80460430040B127BB0CEB010313
:10DFC0009A7A002A48D1012003B0F0BDD6B93A4A66
:10DFD000D2F88024C2F3C012974213D03748FFF71B
:10DFE0006DFE374B5B68C3F30803003B18BF01238A
:10DFF00000933046294633463246FFF7A9FB0120FD
:10E0000003B0F0BD17B303440CEBC30C00EB80036B
:10E01000BCF81210BCF81020BCF81440DCF80C500E
:10E02000521A9B0092B203F1804303F51C33254939
:10E03000C3F80056A24228BF224601EB8000C3F875
:10E040000426FFF73BFE012003B0F0BD1E48FFF79A
:10E0500035FE012003B0F0BD08289F720ED1164B8B
:10E06000D3F8C024D103AED4DCF8C010C3F8A01795
:10E070001648C3F8A427FFF721FEA4E75CF8015077
:10E080000D4C9A8800F5947100EB800654F821102D
:10E09000DB88D31A9BB289B204EB86028B4204F16F
:10E0A000280428BF0B46C2F8005704EB8000C2F8D2
:10E0B0000437FFF703FE86E700700240507002400D
:10E0C00000ED00E0047002404C70024048700240D5
:10E0D000B0770020F8B511F07F0307D11A4B012269
:10E0E0005A65BFF36F8FBFF34F8FF8BD082BF8D081
:10E0F000154A41F48070C909C2F81805F1D1134DD1
:10E1000003EB430005EBC004C000A67A002EE8D064
:10E1100003F59476A17252F82660A188E4882F58FE
:10E120000B480C1BA1B2B5B203EB830C02EB8C02C3
:10E13000A94228BF2946C2F8007700EB8300C2F845
:10E140000417FFF7BBFDCCE700700240B07700205A
:10E150002870024011F0770F12D00A4B41F4807200
:10E16000C3F80C15C3F80C25CA09C3F8181504BF69
:10E1700001F5947143F82120BFF36F8FBFF34F8FE8
:10E18000704700BF007002402DE9F04F854B864874
:10E19000D3F80013002387B01F461D46012421FA3F
:10E1A00003F2D6070BD550F8232042B104FA03F24C
:10E1B00040F823501743BFF36F8FBFF34F8F0133E6
:10E1C000192BECD1FC0700F1C781784E380508D532
:10E1D000744BD3F8A83601229BB2A6F8D23086F849
:10E1E000D720B90214D56F4CD4F81435DA0500F1F4
:10E1F0000482D4F81035DB0540F1098296F8D73057
:10E20000002B40F03482012203210020FFF7B4F9F3
:10E2100079021FD5634BD3F8004404F4E062C3F8DD
:10E220000024E20500F1DE81650510D55D4B012279
:10E23000C3F808259A65D3F8002312F4001208BF2A
:10E24000C3F85421574B4FF40012C3F80423A00520
:10E2500000F1C28139022BD5524BD3F88024D2B2BF
:10E260008DF81020D3F88414C9B28DF81110D3F8AA
:10E2700088048DF81200D3F88C048DF81300D3F8BD
:10E2800090048DF81400D3F894048DF81500D3F899
:10E2900098048DF81600D3F89C348DF81730520688
:10E2A00001D1052904D0012204A90020FFF720FA9A
:10E2B0003F4B3B403BB196F8D830002B00F08581B6
:10E2C000002386F8D830DFF8E490DFF8D8A0029772
:10E2D0004D460024C8460DE0B2F806C0A5F804C0BB
:10E2E000D2880127009792B2FFF732FA082E3DD06C
:10E2F00001341835029B04F10C0223FA02F204EBFC
:10E30000440C04EB840E08EBCC0C0023E6B212F0B4
:10E31000010F0AEB8E0E624631461846E6D0DEF853
:10E3200008E72F685FFA8EFE07EB0E0BC5F800B00A
:10E33000BCF806B01EFA8BFB1FFA8BFB082CACF85E
:10E3400006B01FFA8EFEC7D0B5F808B0F345C3D1AA
:10E35000BCF806C0B5F804E01FFA8CFCE645BBD952
:10E36000002EC3D11348FFF7A9FCC1E7029F124B4F
:10E370003B404646002B00F0CA800A4BD3F86C8421
:10E38000C3F86C84BFF36F8FBFF34F8F17F48067B0
:10E3900040F0C080CDE90277024FDFF820A00024D2
:10E3A00016E000BF0070024000710240B07700200C
:10E3B000FCFB1F004C70024000040001047002408E
:10E3C000002C00F0BC80072D3DD0013409F1180964
:10E3D00028FA04F304EB840C04EB440213F0010F5D
:10E3E00007EB8C0C06EBC202E5B24FEA8400E7D0E3
:10E3F000DCF80816D9F80C30C9B203EB010BC9F8E8
:10E400000CB0538A11FA83F39BB25382518AB9F844
:10E4100010E089B271454FF00003504445F080018F
:10E4200080F08580538AB9F81420CCF800B6AEEBA2
:10E4300003039BB2934228BF1346CCF80436FFF780
:10E440003DFC072DC1D118F4803F7DD1039B002BEB
:10E450007AD118F4003F08D0F28BB38B92B293427A
:10E4600000F2F280012386F8223018F4802F08D0C1
:10E47000F38EB28E9BB29342C0F00681012386F8E0
:10E480003A3018F4002F0AD0B6F84E20B6F84C30C7
:10E4900092B29A42C0F00B81012386F8523018F4F0
:10E4A000801F0AD0B6F86620B6F8643092B29A425D
:10E4B000C0F01181012386F86A3018F4001F0AD0D9
:10E4C000B6F87E30B6F87C209BB29342C0F0218132
:10E4D000012386F8823018F4800F0AD0B6F89630FF
:10E4E000B6F894209BB29342C0F02781012386F8AE
:10E4F0009A3018F4000F0AD0B6F8AE30B6F8AC2057
:10E500009BB29342C0F02E81012386F8B23007B04F
:10E51000BDE8F08FD3F88024D3F8803483F08003F3
:10E52000C3F3C0130393C2F3C013029334E7528AB8
:10E530000120009092B21846FFF70AF943E7029BC8
:10E54000002B3FF442AF53E7F388B2889BB29A4264
:10E5500067D80123B3727CE78D4B8E4A8E4E8F486D
:10E5600000240125C2F81455C2F810555460946275
:10E570005C609C629C60DC62DC601C631C615C63B0
:10E580005C619C639C61DC63DC611C645462946428
:10E59000C2F85841D2F80034D2F800140B43C2F844
:10E5A0000034D2F80033C2F808332146C2F804031D
:10E5B0003046DC220EF090FA40232A4621462046BF
:10E5C000B3823381FFF766F800E6754B1B68DB0703
:10E5D0007FF579AE00BE76E6012205210020FEF728
:10E5E000CBFF37E60122C3F82C2504210020FEF7DB
:10E5F000C3FF65057FF52BAE18E6D4F8C034DD0304
:10E600007DD5D4F81035D8053FF5F8ADFBE54FF4CE
:10E610000013C4F80833012203210020FEF7ACFFE9
:10E62000F6E55C493468D1F8A004F388C1F80047E6
:10E63000D31A9BB282B2934228BF13465948C1F8FD
:10E640000437FFF73BFB04E7524AB469D2F8A4143D
:10E65000F08BC2F814471B1A9BB289B28B4228BFB9
:10E660000B465148C2F81837FFF728FBFDE6B6F80D
:10E67000D22000230121009192B21846882186F809
:10E68000D730FFF765F8BEE54249346BD1F8A804EE
:10E69000F38EC1F82847D31A9BB282B2934228BFA7
:10E6A00013464248C1F82C37FFF708FBE9E6394A20
:10E6B000B46CD2F8AC14B6F84E00C2F83C471B1A42
:10E6C0009BB289B28B4228BF0B463948C2F840370B
:10E6D000FFF7F4FAE3E62F4A346ED2F8B014B6F836
:10E6E0006600C2F850471B1A9BB289B28B4228BF02
:10E6F0000B463048C2F85437FFF7E0FADDE6D6F8AB
:10E70000C020C4F8A0272C48C4F8A437FFF7D6FAD5
:10E7100077E72049B46FD1F8B404B6F87E30C1F879
:10E720006447D31A9BB282B2934228BF1346234850
:10E73000C1F86837FFF7C2FACDE61649D6F890401F
:10E74000D1F8B804B6F89630C1F87847D31A9BB21E
:10E7500082B2934228BF13461948C1F87C37FFF7AD
:10E76000ADFAC6E60B49D6F8A840D1F8BC04B6F815
:10E77000AE30C1F88C47D31A9BB282B2934228BF05
:10E7800013461048C1F89037FFF798FABFE600BF6C
:10E790000470024000700240B07700200514C001F0
:10E7A000F0ED00E0287002402C7002403070024012
:10E7B0003470024038700240487002403C700240A1
:10E7C0004070024044700240F0B5012883B006D08A
:10E7D000022800F0828000283AD003B0F0BDB34B8D
:10E7E000D3F80025002AF8D00022C3F80425BFF38F
:10E7F0006F8FBFF34F8FAE498020C1F88400BFF305
:10E800004F8FBFF36F8FD3F80013C3F80813C3F80B
:10E810000025BFF36F8FBFF34F8F43F2040103F165
:10E820008D53096803F5772303F2DB53994200F017
:10E830006D81A04B01221A609F4B5A68C2F30802F7
:10E84000003A18BF012202210020FEF795FEC4E71E
:10E85000964BD3F80025002ABFD14FF480014FF426
:10E860000062C3F80813C3F80024BFF36F8FBFF32F
:10E870004F8F924B1B68082B00F0C7808B4B0122F7
:10E88000C3F80025BFF36F8FBFF34F8F43F204022D
:10E8900003F18D53126803F5772303F2DB539A4299
:10E8A00000F0DD804FF08043D3F80C24D3F80C3413
:10E8B000DF0300F1E88043F20402814B12689A42C0
:10E8C00000F0E5807F4B00221A601B6801934FF037
:10E8D0008043012201991A607FE7744BD3F8043515
:10E8E000002B47D1714AD2F800341805FBD54FF4FC
:10E8F0000063C2F80034BFF36F8FBFF34F8F6F4BCD
:10E900001B68082B48D06949694A80230120C1F857
:10E910001C35C1F80403C2F884315360684E43F2D9
:10E9200004054FF080442B68B34211D0D4F80C2476
:10E93000D4F80C34D903F6D5D307F4D55B4B0122B8
:10E94000C3F80425BFF36F8FBFF34F8F03B0F0BD43
:10E9500001A800278DF80470FFF7AEF99DF8043088
:10E96000002BE3D001A80197FFF7A4F9019B002B2E
:10E97000D9D0E3E743F20402514B12689A4200F007
:10E98000B1804FF08043D3F80C24D3F80C34DD036E
:10E99000A8D5D407A6D520E74B4B1B68032BB2D8CC
:10E9A0004A4B1A68002A40F0BE80494849F2753146
:10E9B000196002601960414A434B12681B68082ABB
:10E9C000A1D1032B9FD8434AD35C93B13F4B1A6824
:10E9D000002A40F0B080404849F275311960026069
:10E9E0001960364A384B12681B68082A8BD1032BF2
:10E9F00089D83A493A4B40F2E370402208601A60E5
:10EA0000BFF36F8FBFF34F8F7DE72F4B1B68032B37
:10EA10003FF634AF2F4AD35CABB12C4B1A68002AB7
:10EA200040F08D802C4949F2753203201A6008604D
:10EA30001A60224A244B12681B68082A7FF41EAF12
:10EA4000032B3FF61BAF214B1A68002A6FD12049D8
:10EA500049F27532C0201A6008601A600EE701A8FA
:10EA600000248DF80440FFF727F99DF80430002BAF
:10EA70003FF418AF01A80194FFF71CF9019B002B8C
:10EA80007FF4ABAE17E7D6073FF5A7AE13E7002339
:10EA900001A88DF80430FFF70FF99DF80430002B22
:10EAA0003FF410AFFFF702F997E600BF0070024095
:10EAB00000E100E00400004000ED00E03001001043
:10EAC000DBE5B151000100403401001000EC0640CC
:10EAD00014EC0640C401040014ED06400078024026
:10EAE0000478024001A800248DF80440FFF7E4F800
:10EAF0009DF80430002B3FF444AF01A80194FFF7C8
:10EB0000D9F8019B002B7FF468AEEBE601A88DF8E5
:10EB10000420FFF7D1F89DF80430002B3FF489AEB4
:10EB2000FFF7C6F888E6084B00221A6043E7064B59
:10EB3000C0221A60A2E6054B00221A6051E7034B7F
:10EB400003221A6075E700BF14EC064014ED06407E
:10EB500008B50020FDF75CFF00B108BD024B1B6843
:10EB6000DB07FAD500BE08BDF0ED00E0FDF74ABFB7
:10EB7000C378828803F003000228C2F30A0205D09A
:10EB8000032819D0012807D00020704702291CD083
:10EB9000402A09D801207047022940F2FF3308BFFC
:10EBA0004FF480639342F6D20A4B186810F00100CC
:10EBB000F1D000BE0020704702290CBF4FF48063E3
:10EBC00040239342F0D30120E5E7B2F5007FE1D086
:10EBD000EAE700BFF0ED00E00A44914216D230B4FB
:10EBE0004C78052C05D00C7821448A42F8D830BCEA
:10EBF00070478C7804F07F0500EB4505E4092B5540
:10EC00000C7821448A42EBD830BC7047704700BF73
:10EC1000704700BF10B5044608F070FB204610BDD9
:10EC200038B50A4B04460D46442240F80C3B0021FF
:10EC30000DF052FF0023A560237104F1540101205F
:10EC400006F0DAFA2065204638BD00BFD001040086
:10EC500070B504460E46006D4FF0FF3106F00CFD16
:10EC6000257955B98EB1A660314604F10C0005F046
:10EC7000BBFBB0FA80F56D0925710023206D1A46A3
:10EC8000194606F009F9284670BDA668002EF4D092
:10EC9000EAE700BF70B505464FF0FF31006D06F0A2
:10ECA000EBFC2B7993B1002305F10C062B71304658
:10ECB00005F0AEFC044680B10023286D1A461946C3
:10ECC00006F0EAF8B4FA84F0400970BDA96805F1CD
:10ECD0000C0004F029FF0446EEE7A968304604F072
:10ECE00023FF04460028E7D1A968304605F07CFBE5
:10ECF00004460028E0D101232B71DDE730B504463E
:10ED000095B00D46006D4FF0FF3106F0B5FC294679
:10ED100001AA04F10C0004F0DBFC002302461946B2
:10ED2000206D14461A4606F0B7F8B4FA84F040098C
:10ED300015B030BD2DE9F04F83B00B7800AF2F2B0D
:10ED400078600CBF4C1C0C4606460D46006D4FF01B
:10ED5000FF3106F091FC06F10C084FF0000917E0B6
:10ED6000ADEB030D68468B4500F8019BEA4601DDDB
:10ED70000DF0B2FE29465A4650460DF085FE51462A
:10ED8000404603F00BFD08B1113028D10134B546DF
:10ED900020462F210EF055FDA0EB050B0BF10803CB
:10EDA0006E460021044623F007035A460028D7D1B7
:10EDB0002946404603F0F2FC60B901247A6800233A
:10EDC000106D19461A4606F067F820460C37BD4606
:10EDD000BDE8F08F113014BF00240124EEE70024B9
:10EDE000B546EBE738B504460D46006D4FF0FF31F0
:10EDF00006F042FC294604F10C0004F0C1FC00239B
:10EE000002461946206D14461A4606F045F8B4FA33
:10EE100084F0400938BD00BF036970B504460D4653
:10EE2000186D4FF0FF31164606F026FC237D4BB1DE
:10EE3000002522690023106D19461A4606F02CF8A9
:10EE4000284670BD2069A1692A4633460C3003F07C
:10EE5000F3FF20EAE075ECE770B50369044682B081
:10EE6000186D4FF0FF3106F007FC267D4EBB206980
:10EE7000A1690C3004F01EFC05462069A1698DF8DB
:10EE8000076001230DF107020C3004F05FFB00283E
:10EE90002069A169C8BF9DF807602A4600F10C00EF
:10EEA0004FF00003D8BF4FF0FF3604F0D3FB2269C8
:10EEB0000023106D19461A4605F0EEFF304602B0E9
:10EEC00070BD4FF0FF36F2E738B5036904464FF0E6
:10EED000FF31186D06F0D0FB237D4BB10025226970
:10EEE0000023106D19461A4605F0D6FF284638BD96
:10EEF0002069A1690C3004F0DFFB05462069A16997
:10EF00000C3004F0D7FB2D1AE9E700BF036910B5F8
:10EF100004464FF0FF31186D06F0AEFB237D43B180
:10EF200022690023106DBDE810401A46194605F00D
:10EF3000B3BF2069A1690C3004F0E4F9F0E700BF29
:10EF400030B50369044683B0186D4FF0FF3106F009
:10EF500093FB257D55B122690023106D19461A4691
:10EF600005F09AFF4FF0FF3003B030BD2069A16972
:10EF70000DF1070201230C3004F0E8FA23692A4658
:10EF800004462946186D2B4605F086FF002CCCBFA1
:10EF90009DF807004FF0FF3003B030BD30B5036877
:10EFA000164A5B6883B093428DF807101ED103693F
:10EFB00004464FF0FF31186D06F05EFB237D53B120
:10EFC000002522690023106D19461A4605F064FFDA
:10EFD000284603B030BD2069A1690C3001230DF132
:10EFE000070203F029FF20EAE075EAE701220DF1AC
:10EFF000070198470546284603B030BD19EE0200C8
:10F0000030B4074C016100224FF47A75C0E9004228
:10F010008560C0E9062230BC027580F82020704768
:10F02000EC010400F0B5836997B004460D4616461E
:10F0300093B1077D006919460C30002F45D003F0CD
:10F04000ADFDA06905F04CFEE0690023A36108B1A5
:10F0500005F046FE0023E361206903AA0C3029462F
:10F0600004F036FB98B99DF80C30112B34D02C20CD
:10F0700005F01CFE0146A06130B120692A460C3023
:10F0800003F064FD002839D0002017B0F0BD023035
:10F09000FAD1012EF8D1382005F008FE0146A06112
:10F0A0000028F1D0206940F203130C302A4603F007
:10F0B00011FE06460028E7D12069A1690C30022321
:10F0C000324604F0C7FA267509E004F09DF9A069FC
:10F0D00005F006FEA761BFE7EEB1012E3AD02F2161
:10F0E00028460EF0EFFB203400B1451C294620468F
:10F0F00040220EF0D4FB012017B0F0BD0123237590
:10F1000028460EF0C4FB013005F0D0FD2946E06131
:10F110000EF0A4FBE3E701233820019305F0C6FDC0
:10F12000019BA06101460028AED020692A460C3020
:10F1300003F0D0FD0028A7D1012E02D000232375B3
:10F14000CDE72369A169024603F10C00022304F014
:10F1500081FAF3E740F20313DEE700BF30B503693D
:10F1600083B004460D46186D01924FF0FF3106F052
:10F1700083FA019A29462046FFF754FF21690023AC
:10F1800002461446086D1A46194605F085FE2046CB
:10F1900003B030BD70B504460025C4E906551048DB
:10F1A000236182B0206084F820504FF47A700E46BC
:10F1B000A0604FF0FF31186D65602575019206F073
:10F1C0005BFA019A31462046FFF72CFF22692B4655
:10F1D000106D29462A4605F05FFE204602B070BD3C
:10F1E000EC010400036970B504460D46186D4FF03C
:10F1F000FF31164606F040FA237D4BB10025226907
:10F200000023106D19461A4605F046FE284670BDCB
:10F210002069A1692A4633460C3004F097F9054667
:10F22000EDE700BF38B5036904460D46186D4FF091
:10F23000FF3106F021FA237D4BB10025226900231E
:10F24000106D19461A4605F027FE284638BD20697C
:10F25000A1692A460C3004F0FDF9C543ED0FEDE736
:10F2600038B5036904464FF0FF31186D06F004FA13
:10F27000237D4BB1002522690023106D19461A46E3
:10F2800005F00AFE284638BD2069A1690C3004F05B
:10F2900011FA0546EFE700BF38B5036904464FF0A1
:10F2A000FF31186D06F0E8F9237D4BB10025226986
:10F2B0000023106D19461A4605F0EEFD284638BDAC
:10F2C0002069A1690C3004F0F7F90546EFE700BFAB
:10F2D000036970B504464FF0FF31186D06F0CCF9A4
:10F2E000A16981B12069257D0C30ADB103F056FCD8
:10F2F000A06905F0F5FCE0690023A36108B105F001
:10F30000EFFC0023E36122690023106DBDE870402B
:10F310001A46194605F0C0BD04F076F8A06905F05C
:10F32000DFFCA561EFE700BF8069003818BF01204E
:10F33000704700BF2DE9F04F95B00B6906460C46AB
:10F34000186D4FF0FF3100AF904606F095F900239D
:10F350002069337586F82030227D2B4930614FF4C7
:10F360007A70C6E90013C6E90633B060DAB342F634
:10F370002E652069A1690C303A1D03F023FC012899
:10F3800031D1BB892E2BF4D0AB4238D0D4F81C90AD
:10F3900048460EF07CFA054607F10C000EF077FAAD
:10F3A0002B18093323F00703EA46ADEB030D68463B
:10F3B0006A1C49460DF068FB99F800302F2BEB468C
:10F3C00002D199F801301BB1104B1B882BF8053086
:10F3D00007F10C0158460EF025FA424659463046D0
:10F3E000FFF720FED54622690023106D19461A4604
:10F3F00005F052FD30465437BD46BDE8F08FBB7B6B
:10F40000002BB6D0C2E700BFEC010400E00104000D
:10F410002DE9F04F85B0DDE90E4B109F81460D467A
:10F4200090461E46002F63D0B8F1000F03D0D8F8E5
:10F430000030B34249D0D9F800002B689E422BD04F
:10F440004369B4FBF3F203FB1242BAB9BB4215D8CD
:10F45000B7FBF3F203FB127AA7EB0A0300930393C3
:10F46000436822461F4631465B46B84788B9039B2E
:10F4700057469B441C44002FD6D139E00093A21A72
:10F48000C5E90062D0F804A0AB683146D047002837
:10F49000CAD005B0BDE8F08F69684369A142D0D8F1
:10F4A000CA18A242CDD9A2EB040ABA45AB6828BF5C
:10F4B000BA46611A524658461944BF1A54440DF0D0
:10F4C000E3FAD344002FAFD112E0D8F80430A342BE
:10F4D000B1D8D9F8000082691A44A242ADD9A2EB92
:10F4E000040ABA45D8F8081028BFBA46E31AE1E77B
:10F4F000002005B0BDE8F08F2DE9F04F074687B03A
:10F500000D4672B30368D1F800B090469A69D1E90C
:10F5100001104AB3013A01F101098618A9EB00096B
:10F52000441E4FF0010A08E014F8012F9DF817302F
:10F530009A4223D1A6423B6814D01A6A934509EB3C
:10F54000040320D20DF11702CDE90032CDF808A056
:10F550005B46002241463846FFF75AFF0028E3D0B9
:10F5600009DB3B68A8689A69FF210DF0B5FA4FF0F6
:10F57000FF332B60002007B0BDE8F08F6FF0330041
:10F5800007B0BDE8F08F034B034A044812210DF089
:10F59000E1F900BF08020400380404002802040056
:10F5A0002DE9F04F87B0DDF840A00592002B64D024
:10F5B000D0F800908B46D9F81C105C1EA1F1080809
:10F5C0004445074651D3B4FBF8F001380DF04AF832
:10F5D000D04500F10200A4EB8003B3FBF8F560D83E
:10F5E000BAFBF8F001380DF03DF8861CAAEB860650
:10F5F000B6FBF8F630460DF035F8AAEB800006FBB6
:10F60000180AB54243D9D9F82020059B4FF00409C8
:10F610000DF114080BE0012B45D93A68126A9342A8
:10F6200041D8012101FA04F42D1BB54230D9AC1B9D
:10F63000B4FA84F495FAA5F1C4F11F04B1FA81F18A
:10F640008C4228BF0C4693424FEA840132D200918B
:10F65000CDE90189002259463846FFF7D9FE059BBE
:10F660000028D8D007B0BDE8F08FD04588BF13463A
:10F67000BAFBF8F00CD80025B4E711994FF0FF322F
:10F680000A60129A1846136007B0BDE8F08F059B18
:10F69000119A1360129B0020C3F800A007B0BDE8C8
:10F6A000F08F0026ADE7064B064A07484FF48F61FE
:10F6B0000DF050F9054B064A034812210DF04AF9A6
:10F6C000AC020400580404002802040008020400EC
:10F6D000380404002DE9F04F89B00746149C129DB0
:10F6E0008B4692461E46002C55D0DBF80030B342C4
:10F6F0005CD0013340F0A18038688269B5FBF2F339
:10F7000002FB1353002B4AD1A24248D8B4FBF2F3B8
:10F7100002FB13430593E31A009304938468139B3D
:10F720002A463146A04700287ED1BAF1000F29D0E1
:10F73000049B3BB3139B5C1E049B04EB0309139BCC
:10F7400005F10108A8EB030807E014F8012F9DF864
:10F750001F309A4266D14C4514D03B681A6A9642D3
:10F7600008EB040363D2012202920DF11F02CDE9DE
:10F7700000325146334600223846FFF749FE002842
:10F78000E3D051DB139A049B059C11461944139155
:10F790001D44002CA9D1002009B0BDE8F08FEB1A60
:10F7A000CBE90063DBF80030B342A2D1DBF80410F0
:10F7B000A9429ED83A6892690A44AA4299D9A2EB12
:10F7C0000508A045DBF8080028BFA046691A0844D0
:10F7D000424613990DF058F93868139982694544E7
:10F7E0004144B5FBF2F302FB1353A4EB080413915D
:10F7F000002B7FF478AFDBF800104B1C3FF473AFA5
:10F800000092DBE90123D0F80880C04760B9524676
:10F8100059463846FFF770FE00283FF464AF09B040
:10F82000BDE8F08F6FF0330009B0BDE8F08F064BF4
:10F83000064A074812210DF08DF8064B064A044887
:10F84000B7210DF087F800BF080204003804040057
:10F8500028020400D8020400480404002DE9F04FF7
:10F860000446D2E9003091B04FF0010B0A93002317
:10F870000B90069104F114080DF1280905932368F3
:10F8800059F8045B1B6A9D427BD210230DF1300AAC
:10F890000022CDE901A300922B4641462046FFF706
:10F8A000B7FD002839D1059B002B60D10D9B23F0BB
:10F8B0000043132B4FD92268D26993424BD84FF0A3
:10F8C000FF3309A810225146099304F0BFFE0D9B97
:10F8D00023F00043102B28D0CDF81C9010260DF1FA
:10F8E0002307994607E001360122394609A804F0AA
:10F8F000ADFEB14517D023681B6A9D4241D201235A
:10F90000CDE9017300962B46002241462046FFF7C1
:10F910007FFD0028E7D0DDF81C9010F1340F1AD0DD
:10F9200011B0BDE8F08FDDF81C90099B9BB99AE8F7
:10F930000F000BF0010610AF07EB860C069F102698
:10F94000FE603E467D601C365CF8185CBD6086E853
:10F950000F0001230593BBF1020F0FD1059B002B74
:10F9600014BF00206FF0330011B0BDE8F08F069A8D
:10F970000C9BD2699B1A002B98DAECE74FF0020B34
:10F980007DE7034B034A044812210CF0E3FF00BF5C
:10F99000080204003804040028020400436801330C
:10F9A00037D02DE9F0438368013383B0044628D073
:10F9B00015460E464FF000084FF001096A462946E9
:10F9C000CDE90089FFF74AFFE0B905F124086B6A29
:10F9D000591C16D0AF6A7A1C13D0D6F800C09C45CB
:10F9E00013D0D6F804E0BE450FD0734542462946F1
:10F9F00020460AD0BC4508D0FFF730FF0028E6D0EB
:10FA000000E0002003B0BDE8F083012003B0BDE8B2
:10FA1000F0830020704700BF2DE9F041D1F820C0ED
:10FA20000C46C9682CF00043043B01F10C069E42D1
:10FA300084B0054617461FD904F12408102612E0A9
:10FA4000424621462846FFF709FF90B9D4F820C066
:10FA5000A169E6602CF00043043B14311B2BA1612B
:10FA60004FF0100108D8BCF1000FE9DB39606FF0EE
:10FA7000010004B0BDE8F0812A46636852F8140B17
:10FA8000066AB34207F104001AD20C26CDE9001031
:10FA90000296114628460022FFF7BAFC0028E8D15A
:10FAA0007B79BA79FD79A16904331344E2683A603D
:10FAB0002B441A440B44E260A36104B0BDE8F0811A
:10FAC000024B034A034812210CF044FF08020400D1
:10FAD0003804040028020400F0B593B000260D4657
:10FAE000012707A96A46CDE900670446FFF7B6FE7D
:10FAF000064610B121E0831C22D1109B01331CD09B
:10FB0000119B013319D010AA07A92046FFF7A6FEC2
:10FB1000B0B903AA07A92046FFF77EFF0028EAD163
:10FB20009DF91030002B4FF00802294605A8F0DBA4
:10FB30000CF09CFF0028ECD10126304613B0F0BD3C
:10FB40000646304613B0F0BD2DE9F04716460024B6
:10FB50000122C6E90942824688461D4606F124096B
:10FB60004A4631465046FFF779FE074668B92A46AD
:10FB700031465046FFF750FF50B1831C1FD1736AC6
:10FB8000013302D0B36A0133EAD13846BDE8F087C9
:10FB90002C7904F07004202CE9D1AB68D8F800204F
:10FBA000934208D0E868D8F80410884203D08B420A
:10FBB00001D08242DBD101273846BDE8F0870746F5
:10FBC000E3E700BF2DE9F04F2DED028B8DB090469D
:10FBD0001C46099340F622032268C8F804300892B4
:10FBE000D0E90123724EC8F8082082468946C8F839
:10FBF0000C3000F1140B089D314628460DF076FEBE
:10FC00002B46034404463146184605930DF02EFE5C
:10FC10000128049000F0B080022804D1059B1B78D5
:10FC20002E2B00F0B280DDE90423134408931F4615
:10FC30000124314638460DF059FE07443846314616
:10FC40000DF014FE78B1022802D001340744F0E729
:10FC50003B782E2BF9D17B782E2BF6D1013CF5D1B8
:10FC6000BB1C0893C7E7059C207800285FD0099B40
:10FC70001C6098F80430222B40F08D8008F10803B6
:10FC80001A464946504608EE103AFFF7E7FD0028AD
:10FC90004DD1049B013B23440793424649465046BD
:10FCA000FFF7BAFE002842D198F8042002F07F0343
:10FCB000112B01D0222BF0D198F8073004998B42F8
:10FCC000EBD1D8F8003098F8051098F80650D9F81C
:10FCD000047004330B441D44049BA3B3059BCDF86F
:10FCE00018800135DDF81C80ED1A5C1E07E014F861
:10FCF000012F9DF82F309A421ED144451FD0DAF8CB
:10FD000000301A6A974205EB040347D2012202929F
:10FD10000DF12F02CDE9003259463B4600225046F4
:10FD2000FFF776FB0028E2D0DDF8188009DA0DB085
:10FD3000BDEC028BBDE8F08FDDF81880ADE7DDF893
:10FD4000188098F8042013067FF555AFDAF80430D0
:10FD500001330CD0DAF80830013308D018EE101A4D
:10FD60005046FFF7B9FE00281ED198F8042002F093
:10FD70007F0288F804203EE72B5D2E2B7FF453AFE3
:10FD8000DDE904231344089335E7059B5B782E2BAC
:10FD90007FF449AFF4E76FF01300C8E7054B064A5C
:10FDA000064812210CF0D6FDC1DB6FF00100BEE762
:10FDB000E0010400080204003804040028020400E2
:10FDC0002DE9F04F8B469DB00BF1040304930BF12A
:10FDD0000C03CDE9053B016B04464FF001080025FB
:10FDE000D4E90D3010E05A09E66B01385F1CA063BE
:10FDF000676356F822C003F01F0208FA02F212EA03
:10FE00000C0F00F027813B469942ECD1002800F00E
:10FE1000F2812268E36AD2E908621944904228BF5D
:10FE20001046B1FBF6F306FB13112063E162E06BB1
:10FE30006563D20800210CF04FFE6368013300F0C7
:10FE40005781A368013300F053810022012300256C
:10FE5000CDE9082304F1140701222E46D4F800C08E
:10FE6000E16ADCF82030206B591A0E44B6FBF3F53A
:10FE700003FB1565854210D26909E26B05F01F0589
:10FE800052F8213008FA05F51D4342F82150DCF8FC
:10FE90002030E16A099A206B591A0A44B2FBF3F147
:10FEA00003FB112383420AD25809E16B03F01F03BD
:10FEB00051F8202008FA03F3134341F8203008AA30
:10FEC00011A92046FFF7CAFC002840F00E810C253E
:10FED000149A24E02068129B006A834280F01A8200
:10FEE0000EA9CDE900210295002239462046FFF7F0
:10FEF0008FFA002840F0F9809DF839209DF83A30BB
:10FF00009DF83B60149904321A449DF8383032440D
:10FF100003F070030A44102B149200F0EB80199B3D
:10FF200023F00043043B02F10C009842D2D9DDE9F2
:10FF30001A62701CCDE9086201D0511C8ED1D4F830
:10FF40000C904D46B9F1000F00F0DE81EB69DA0349
:10FF500040F156816F69002F00F05281D4F800A063
:10FF6000DAF81C60013F083EB742C0F0CF81B7FB12
:10FF7000F6F001380CF076FB0230A7EB8002B2FB02
:10FF8000F6F6D4F830E0E16A2B69079505F12C000C
:10FF90000546DAF82020704604F114098E46014621
:10FFA0009818A0EB0E0EBEFBF2F002FB10E28A42A4
:10FFB0000AD25709E06B02F01F0250F8271008FA26
:10FFC00002F20A4340F82720002E00F01781DAF8E9
:10FFD000202006F00107C7F1020A93424FEA8A0087
:10FFE00080F098810BA90022CDE9011000924946CA
:10FFF0002A462046FFF70CFA002876D10AF1FF3C8A
:020000023000CC
:10000000D4F800A013E0BBFBF2F302FB13B38B4266
:100010004FF0010014D24FEA531EE16B03F01F03AF
:1000200051F82E2000FA03F3134341F82E30D4F890
:100030002CE0DAF820200B9B216BA2EB0E0B9B44EB
:100040006045E0DB1CAB03EB8C0C023F5CF8443CEE
:100050003E44A5E72068E26A016A1344B3FBF1F26B
:1000600001FB1233049A42F8043BD4E90C13994281
:10007000049207D10FE0A26B0133013A8B42C4E92D
:100080000D3208D05D0903F01F0256F8255008FA1A
:1000900002F22A42EFD1DDE9043293427FF49FAEAF
:1000A000DDF818B0006ADBF8043083420BF11C0263
:1000B00004F1140180F02E810425019200222046D3
:1000C00002950092FFF7A4F9002840F08B80DBF83E
:1000D0001C304FF0FF32CBE90922142001331021EC
:1000E000CBE90730CBF80C1000201DB0BDE8F08F35
:1000F000216B75E6109B002B3FF411AFD4F800A0E4
:10010000DAF81C6003F1FF3BA6F10809CB4570D378
:10011000BBFBF9F001380CF0A5FA861CABEB8606A8
:10012000B6FBF9F60F9BE16ADAF82020D4F830E04C
:100130009818401AB0FBF2F102FB110272450BD283
:100140004FEA521CE16B02F01F0251F82C0008FA32
:1001500002F2024341F82C20002E3FF4B9AEDAF847
:10016000202006F00109C9F1020A93424FEA8A00F1
:1001700080F0D0800BA90022CDE901100092394611
:100180002046FFF745F90028AFD10AF1FF3CD4F82B
:1001900000A013E0BBFBF2F302FB13B373454FF077
:1001A000010014D24FEA531EE16B03F01F0351F814
:1001B0002E2000FA03F3134341F82E30E16ADAF8F7
:1001C00020200B9BD4F830E0A2EB010B9B44604550
:1001D000E0DB1CAB03EB8C0CA9F102095CF8443C9E
:1001E0004E44A5E710F1340F3FF471AF1DB0BDE8E8
:1001F000F08F064696E76FF01B0076E7079DEB69E8
:100200009B037DD52F6A002F7AD0D4F800A0DAF8AE
:100210001C60013F083EB7427AD3B7FBF6F00138C5
:100220000CF020FA0230A7EB8003B3FBF6F6D4F80B
:1002300030E0E16A6B6A079505F12C000546DAF8B3
:100240002020704604F114098E4601469818A0EB50
:100250000E0EBEFBF2F002FB10E28A420AD25709F0
:10026000E06B02F01F0250F8271008FA02F20A436E
:1002700040F82720002E42D0DAF8202006F00107AF
:10028000C7F1020A93424FEA8A0043D20BA9002227
:10029000CDE90110009249462A462046FFF7B8F8FA
:1002A00000287FF422AF0AF1FF3CD4F800A013E04D
:1002B000BBFBF2F302FB13B38B424FF0010014D2ED
:1002C0004FEA531EE16B03F01F0351F82E2000FA92
:1002D00003F3134341F82E30D4F82CE0DAF8202051
:1002E0000B9B216BA2EB0E0B9B446045E0DB1CAB30
:1002F00003EB8C0C023F5CF8443C3E44A6E7079DB0
:100300002D68002D7FF422AE216B68E5002638E6CB
:1003100000268CE7024B034A034812210CF01AFB1B
:100320000802040038040400280204002DE9F04FFC
:100330002DED028B9BB0012504460491A9464FF098
:100340000008D4E90D31D4F830C00FE05A09E76B4A
:100350000139581CA163606357F8226003F01F0243
:1003600005FA02F2324200F02A8103469C45EDD1A3
:10037000002900F052822368E66AD3E90802B444F7
:10038000914228BF1146BCFBF0F300FB13C321636D
:10039000E362E06BC4F83480D20800210CF09CFBCF
:1003A00063680133CDD0A3680133CAD00022012392
:1003B000CDE906230122002004F1140796462268A5
:1003C000E36A116A266BCB1A03EB000CBCFBF1F05D
:1003D00001FB10C0864210D94609E16B00F01F00F6
:1003E00051F8263005FA00F0184341F82600D4E908
:1003F0000B36116ADDF81CE0CB1A7344B3FBF1F243
:1004000001FB1233B3420AD25809E16B03F01F0318
:1004100051F8202005FA03F3134341F8203006AACF
:100420000FA92046FFF71AFA002840F0E9804FF0A4
:100430000C08129A0CAE23E02168109B096A8B42CB
:1004400080F0F5810092CDE901680022394620460E
:10045000FEF7DEFF002840F0D3809DF831209DF8A4
:1004600032109DF833C0129B04320A449DF83010BC
:1004700062441A4401F07003102B129200F0C58000
:10048000179B23F00043043B02F10C019942D3D99E
:10049000DDE9180E411CCDE9060E02D0BEF1FF3F8A
:1004A0008DD1D4F80C804646B8F1000F3FF447AF29
:1004B000F369DA0340F128817769002F00F0248185
:1004C000D4F800A0DAF81C30013FA3F10808474532
:1004D000C0F0A881B7FBF8F001380CF0C3F8023087
:1004E000A7EB8007B7FBF8F704F11400E16AD4F832
:1004F00030C0DAF8202033690596834606F12C00D7
:1005000008EE100A0E4661469818A0EB060EBEFBD8
:10051000F2F002FB10E28A420BD2E06B4FEA521C6F
:1005200002F01F0150F82C2005FA01F10A4340F8AF
:100530002C20002F00F0E680DAF8202007F00108D8
:10054000C8F1020A93424FEA8A0080F0708109A93B
:100550000022CDE901100092594618EE102A2046DB
:10056000FEF756FF00284BD10AF1FF3CD4F800A05B
:1005700012E0BEFBF2F302FB13E38B424FF00100EB
:1005800012D25E09E16B03F01F0351F8262009FA2D
:1005900003F3134341F82630E66ADAF82020099B7A
:1005A000216BA2EB060E9E446045E2DB1AAB03EB27
:1005B0008C0CA8F102085CF8443C4744A4E721688D
:1005C000E26A096A1344B3FBF1F201FB1233049AA5
:1005D0001360D4E90C03834211D0012506E0A26B1D
:1005E0000133013A8342C4E90D3208D0590903F0BE
:1005F0001F0257F8211005FA02F20A42EFD100203B
:100600001BB0BDEC028BBDE8F08F0E9E002E3FF4B8
:1006100011AFD4F800A0DAF81C20013EA2F1080BBB
:100620005E450AD3B6FBFBF001380CF01BF8023034
:10063000A6EB8003B3FBFBF31846E16AD4F830C0A5
:100640000D9BDAF8202008EE107A8E4607466146A8
:100650009818A0EB0E0EBEFBF2F002FB10E28A42ED
:100660000AD25609E06B02F01F0250F8261005FA74
:1006700002F20A4340F82620002F00F0D580DAF875
:10068000202007F00106C6F1020A93424FEA8A00D1
:1006900080F0CD8009A90022CDE90110009218EE6A
:1006A000101A2046FEF7B4FE0028A9D10AF1FF3C3B
:1006B000D4F800A013E0BBFBF2F302FB13B38B42B0
:1006C0004FF0010014D24FEA531EE16B03F01F03F9
:1006D00051F82E2009FA03F3134341F82E30D4F8D1
:1006E0002CE0DAF82020099B216BA2EB0E0B9B4437
:1006F0006045E0DB1AAB03EB8C0C023E5CF8443C3B
:100700003744A5E7059EF3699B0340F18180376A72
:10071000002F7DD0D4F800A0DAF81C20013FA2F110
:10072000080847457CD3B7FBF8F001380BF09AFF77
:100730000230A7EB8007B7FBF8F704F11400E16A79
:10074000D4F830C0DAF82020736A0596834606F1A3
:100750002C0008EE100A0E4661469818A0EB060E13
:10076000BEFBF2F002FB10E28A420BD2E06B4FEAD2
:10077000521C02F01F0150F82C2005FA01F10A4327
:1007800040F82C20002F42D0DAF8202007F0010892
:10079000C8F1020A93424FEA8A0048D209A900220E
:1007A000CDE901100092594618EE102A2046FEF7B6
:1007B0002FFE00287FF424AF0AF1FF3CD4F800A0FC
:1007C00012E0BEFBF2F302FB13E38B424FF0010099
:1007D00012D25E09E16B03F01F0351F8262009FADB
:1007E00003F3134341F82630E66ADAF82020099B28
:1007F000216BA2EB060E9E446045E2DB1AAB03EBD5
:100800008C0CA8F102085CF8443C4744A5E7059E1F
:100810003668002E7FF44CAE91E56FF01B00EFE6DA
:1008200000278AE700275FE618EE107A01E6034BFF
:10083000034A044812210CF08DF800BF080204009E
:1008400038040400280204002DE9F04F044687B064
:100850000F4600F1140905A92046FFF767FD06467B
:1008600040B920680599C3689847064630B110F131
:10087000340FF0D0304607B0BDE8F08FBB6A83B3C9
:1008800007F12C0A35460DF1130804F1200B13E093
:100890002268059B126A934247D20122CDE9018268
:1008A00000954A4659462046FEF714FF002831D1EC
:1008B000BB6A0135AB4214D922687B6A126A934243
:1008C0002DD20122CDE901820095524649462046AB
:1008D000FEF79EFD0028DBD00646304607B0BDE897
:1008E000F08F2368A16A9A69786B0CF0CDF8D4E98F
:1008F00008122368A06AC7E90B12FF219A690CF05D
:10090000EBF8059B4FF0FF32304622627B6207B066
:10091000BDE8F08F10F1340F9DD00646DDE7064BA1
:10092000064A074812210CF015F8034B054A044803
:100930009C210CF00FF800BF0802040038040400EA
:1009400028020400480404002DE9F04F2DED028B2D
:10095000C9B004462C2200211CA80CF0BDF84FF0B1
:100960000043282227A8002124930CF0B5F823681F
:100970001B6A01223192002B00F0C98100274FF041
:100980000C09319B013300F0B18130AA27A9204620
:10099000FEF764FF0546002840F00C81249B002BE5
:1009A000C0F20E816368013300F04E81A368013309
:1009B00000F04A8132AE32460CAB25A92046FFF743
:1009C000C3F80028C0F2F58000F03E810E9B259A06
:1009D0000F982699934200F090818B4200F093810A
:1009E000DDE91D51239A26902068259301320023CA
:1009F000CDE91D150B9505932392C3680A9198477D
:100A00004FF0FF380546F0B115F1340F40F0D280B9
:100A10000A9BC4F82080012B40F279810B9B012BAB
:100A200040F275811DA92046FFF780FC054600288D
:100A300040F0C08020681D9901230593C368984742
:100A400005460028E0D123AF0DF1500AA14610223F
:100A500039465046CDF8508003F0F8FD59F8202B68
:100A60001D9B126A934280F015821026CDE9005733
:100A70002A46029649462046FEF72CFE05460028E7
:100A8000C2D1249B23F00043043B102B32D904F144
:100A9000140B3DAF22680B9B126A934280F0F481E5
:100AA0000122CDE901720096002259462046FEF748
:100AB000AFFC054600287DD101223946504603F09F
:100AC000C5FD22681D9B126A934280F0E3810122DA
:100AD000CDE9017200962A4649462046FEF7FAFD06
:100AE0000546002890D1249B23F000430136043BA7
:100AF0009E42CFD322681D9B126A934280F0CA8126
:100B000004220292CDE9006A494600222046FEF7FF
:100B1000E1FD054600287FF477AF216AC4F8148010
:100B20004A1C12D02068A36A826900928568626AB2
:100B3000A847054600287FF467AF2368A06A9A6932
:100B4000FF210BF0C9FFC4F8208020680369984793
:100B5000054600287FF458AF249EDDF874B0CDF828
:100B6000F48026F0004604F11403043E08EE103A27
:100B700000F0968107460DF1400908E00137012297
:100B800049463DA803F062FDBE4240F289812368D8
:100B90001B6A9B4580F078810123CDE9019318EE13
:100BA000101A00975B4600222046FEF731FC002811
:100BB000E4D00546284649B0BDEC028BBDE8F08F75
:100BC00032AE4FF00008324627A92046FEF724FF38
:100BD000F0B1831CEDD10DF19C0CBCE80F001CAEF4
:100BE0000FC6BCE80F000FC69CE8070086E80700A8
:100BF00023681B6A01379F4280F08980309B013354
:100C00007FF4BFAE284649B0BDEC028BBDE8F08F43
:100C10009DF9CC309DF8CC20002BD4DA63680133E9
:100C200041D0A36801333ED034A92046FEF754FFDB
:100C30000028BEDB35D0324627A9204601F0C8F98E
:100C40000028C0D00546B5E7DDE93050DDE91D21BB
:100C5000239B1D91CDE925500133239308911E92CA
:100C600009924FF0000801262068C368984705469E
:100C700000284FD015F1340F9CD1089B4FF0FF3264
:100C8000012B226243D9099B012B40D91DA9204683
:100C9000FFF74CFB054600288CD11D994FF0010849
:100CA000E2E79DF8CC20DDF8C8E09DF8CFC0CDF894
:100CB000F89002F07F020EF10C0033A9CDE93F1944
:100CC0008DF8CC20419001233DAA27A92046CDF8DC
:100CD0000C81CDF8F4E0CDF808C1CDF810C100F0DA
:100CE000F9F900283FF46FAF054663E70025284671
:100CF00049B0BDEC028BBDE8F08F88423FF461AF94
:100D00008B427FF46DAE82427FF46AAE59E76FF09A
:100D100033054FE723AFA2464FF0FF331022394689
:100D200007A8079303F092FC5AF8202B1D9B126A28
:100D3000934280F0AF804FF01009CDE900572A466A
:100D4000CDF8089051462046FEF7C4FC0546002821
:100D500090D1249B23F00043043B102B34D904F1A1
:100D6000140B10AF2268099B126A934280F08C80AA
:100D7000CDE90176CDF80090002259462046FEF7D5
:100D800047FB054600287FF415AF0122394607A826
:100D900003F05CFC22681D9B126A93427AD22A46B9
:100DA000CDE90176CDF8009051462046FEF792FC41
:100DB000054600287FF45EAF249B23F0004309F131
:100DC0000109043B9945CDD322681D9B126A9342C9
:100DD00060D2042207A9CDE9009102925146002277
:100DE0002046FEF777FC054600287FF443AF216AD2
:100DF0004FF0FF37B942676111D02068A36A82695A
:100E000000928568626AA847054600287FF432AFE1
:100E10002368A06A9A69FF210BF05EFE27622068B2
:100E200003699847054600287FF424AF249FDDF826
:100E300074B027F000474FF0FF3204F11403043F71
:100E400008EE103A109245D081460DF1F40A08E000
:100E500009F101090122514610A803F0F7FB4F45A3
:100E600038D923681B6A9B450ED2CDE901A618EE3E
:100E7000101ACDF800905B4600222046FEF7C8FA13
:100E80000028E5D0054695E68E4B8F4A8F48122103
:100E90000BF060FD8B4B8E4A8C489C210BF05AFD69
:100EA0003D9A149B9A427FF4B3AD059B002B30D141
:100EB0002369002B3FF47EAE5C681D9A944271D08A
:100EC00099681E9881426DD084426BD08A4269D065
:100ED0001B68EEE7109A079B9A427FF4CEAEB8F1FA
:100EE000000F40F082802369002B3FF463AE5C6802
:100EF0001D9A944200F0C48099681E98814200F0C7
:100F0000BF80844200F0BC808A4200F0B9801B6838
:100F1000EAE7636801334ED0A36801333DAE0AAF00
:100F20004BD03246394610AB2046FEF70DFE002866
:100F3000FFF63FAE41D0DDE91D03109F1497314607
:100F40000C370C2612909DF847001897139311AF99
:100F500015961796199000261B905246012320469D
:100F600016971A9600F0B6F800287FF422AE0A9879
:100F7000636898421AD00B9AA1688A4216D08842B8
:100F800014D0934212D00122013384F840208FD034
:100F9000A36801338CD02046FFF7D6FC002887D009
:100FA000054607E65A601E9A9A6091E7DDE91D3210
:100FB000C4E90132E7E73DAE0AAF39463246204682
:100FC000FEF7ECFC0028FFF6F4AD3FF471AF3146BC
:100FD000DDE91D60002347901A462046469600F042
:100FE00079F800283FF464AFDAE76368013350D042
:100FF000A36801333DAE4DD0324610AB08A9204660
:10100000FEF7A2FD0028FFF6D4AD43D0DDE91D02B6
:10101000109B14930C33189312900C2311A89DF875
:1010200047701392314615930026179316900123AB
:1010300014AA204619971B971A9600F04BF800281F
:101040007FF4B7AD0898636898421DD0099AA168EB
:101050008A4219D0884217D0934215D00122013319
:1010600084F840203FF43FAFA36801333FF43BAF27
:101070002046FFF769FC00283FF435AF054699E5A7
:101080005A601E9A9A6042E7DDE91D32C4E90132D6
:10109000E4E73DAE08A932462046FEF77FFC002873
:1010A000FFF687AD3FF41FAF3146DDE91D60002339
:1010B00047901A462046469600F00CF800283FF468
:1010C00012AFDBE708020400380404002802040021
:1010D000480404002DE9F04F2DED028BCE690D463A
:1010E000D1E90141A5B0013690462A1D69608246CA
:1010F000EE61AC600892059383B11E46D8F80400F7
:10110000D8F80C302A6A1B1A022E1A4405D1D8F8D6
:101110001C70D8F814603A44921B2A62DAF8000076
:10112000CDF818800023CDE90B140993C3689847C4
:101130000446E0B114F1340F3DD10B9B4FF0FF3268
:10114000012BCAF8202034D90C9B012B31D90899E6
:101150005046FFF7EBF8044668BBDAF80000696810
:1011600001230993C368984704460028E2D105F19A
:101170001C07D0464FF0FF331022394611A81193B7
:1011800003F064FA58F8202B6B68126A934280F0DF
:101190000D811026CDE90047224602964146504671
:1011A000FEF798FA834660B110F1340FC5D00446BB
:1011B00001E06FF03304204625B0BDEC028BBDE8A2
:1011C000F08F2B6A23F00043043BB3426BD90AF142
:1011D000140308EE103A37460DF1640934E0DAF8EA
:1011E00000200C9B126A934280F0E6800122CDE938
:1011F000019218EE101A009700225046FEF708F9E7
:1012000004460028D7D10122494611A803F01EFA4E
:10121000DAF800206B68126A934280F0C7800122DE
:10122000CDE901920096224641465046FEF752FA19
:10123000044600287FF47EAF013701362B6A23F085
:101240000043043B9E422ED2059B5B45C7DD069AB8
:101250004FEA0B1302EB0B11D3580791BB42BED1DF
:101260000C4611A8D1E9021203F0F0F9DAF80020D7
:101270006B68106AE168A268834280F09780CDE9CC
:1012800001210096002241465046FEF723FA04460B
:1012900000287FF44FAF079B5A68DB680BF1010B06
:1012A00017441E44CAE7DAF800206B68126A9342BA
:1012B0007CD2042211A9CDE90061029241460022AC
:1012C0005046FEF707FA044600287FF433AFDAF8F9
:1012D00020104FF0FF339942CAF8143019D0DAF8D1
:1012E0000000DAF82830826900928468DAF8242055
:1012F000A047044600287FF41DAFDAF80030DAF882
:1013000028009A69FF210BF0E7FB4FF0FF33CAF882
:101310002030DAF8000003699847044600287FF47B
:1013200009AF2B6AD5F8048023F000434FF0FF3259
:10133000B3F1040919920AF1140B1DD007460DAE42
:1013400007E001370122314619A803F07FF9B945BA
:1013500012D0DAF800301B6A98452DD20123CDE96E
:10136000016300974346002259465046FEF750F865
:101370000028E6D004461EE7199A119B9A427FF492
:10138000DCAE099B13BBDAF81030002B3FF413AF2F
:101390005E686A68964215D09968A868814211D043
:1013A00086420FD08A420DD01B68EEE73D4B3E4A85
:1013B0003E489C210BF0CEFA3A4B3D4A3B48122165
:1013C0000BF0C8FA5A60AA689A60EDE7DAF80430C0
:1013D000013347D0DAF80830013319AE0BAF43D0F0
:1013E000324639460DAB5046FEF7AEFB0028C1DB56
:1013F0003AD0D5E901030D9F119731460C370C26E1
:101400000F909DF83B00159710930EAF129614960F
:1014100016900026189011AA01235046139717968C
:10142000FFF758FE0028A5D10B98DAF8043098424F
:1014300031D00C9ADAF808108A422CD088422AD08F
:10144000934228D0012201338AF840209BD0DAF859
:101450000830013397D05046FFF776FA002892D033
:101460000446A8E619AE0BAF394632465046FEF7A1
:1014700095FA0028FFF67EAF85D03146D5E90160A8
:10148000002323901A4650462296FFF723FE002899
:101490003FF479AFE4E76B68CAF80430AA68CAF889
:1014A0000820CFE7080204004804040028020400D2
:1014B000380404002DE9F04F2DED028B0D46BDB030
:1014C000824616461F4601F1240809E0002B52DA35
:1014D000424629465046FEF7C1F9002840F00881EF
:1014E0007479B179F279DAF800002B6A04340C448B
:1014F0001444C1691C448C42E8D8B4461E1F4CF801
:10150000046BE96924974C1C6F68A96825920C3319
:1015100013442B62C5E901170C23002221932B1DD4
:10152000CDF880C01E96229613971291EC611F92FF
:10153000239207920693C36898470446002800F058
:10154000DE8014F1340F65D1129B4FF0FF32012B76
:10155000CAF820205CD9139B012B59D90699504613
:10156000FEF7E4FE0446002854D101236968DAF846
:1015700000000793DFE7AC46BCE80F0026AC0FC4C1
:10158000BCE80F000FC49CE8070084E80700294668
:101590005046FEF715FC044600283BD1DDE92F122A
:1015A0002B6A69623046191FAA6240F8041BF6795B
:1015B0001794CDE91B473344069416916C681A9131
:1015C000A968EA691D960C332B62C5E901140C2346
:1015D000013219932B1D18900F940E91EA61079315
:1015E0004FF00109DAF80000C36898470446002864
:1015F00000F0AA8014F1340F0CD10E9B4FF0FF3293
:10160000012BCAF8202003D90F9B012B00F2BF80C9
:101610006FF0330420463DB0BDEC028BBDE8F08F87
:10162000DAF800206B68126A934280F04C82042240
:101630000BA9CDE900610292414600225046FEF717
:1016400049F804460028D5D1DAF820104FF0FF33CE
:101650009942CAF8143018D0DAF80000DAF82830C5
:10166000826900928468DAF82420A04704460028A2
:10167000C0D1DAF80030DAF828009A69FF210BF0BF
:101680002BFA4FF0FF33CAF82030DAF80000036974
:10169000984704460028ADD12E6A26F000464FF048
:1016A000FF33321F0C930AF1140B6B68059200F0A4
:1016B000EA81074631AE1C4609E0012231460CA8FA
:1016C00002F0C4FF059B0137BB4200F0DC81DAF871
:1016D00000301B6A9C4280F0FC81CDE901690097D3
:1016E0002346002259465046FDF792FE0028E4D0DA
:1016F000044620463DB0BDEC028BBDE8F08F05F1FD
:101700001C07D0464FF0FF331022394609A8099331
:1017100002F09CFF58F8202B6B68126A934280F00D
:10172000D2811026CDE90047224602964146504616
:10173000FDF7D0FF8346002800F0AA8010F1340F97
:101740003FF402AF5C4665E705F11C07D0464FF059
:10175000FF33102239460BA80B9302F077FF58F89D
:10176000202B6B68126A934280F0AD811026CDE980
:1017700000472246029641465046FDF7ABFF83469E
:1017800088B110F1340F3FF438AF5C4642E7079957
:101790005046FEF7CBFD044600287FF43BAF012303
:1017A000696806931EE72B6A23F00043043BB342AB
:1017B0007FF636AF0AF1140308EE103A374638E0E8
:1017C000DAF800200F9B126A934280F082810CAA03
:1017D000CDE9007218EE101ACDF80890002250469C
:1017E000FDF716FE044600287FF414AF01220CA971
:1017F0000BA802F02BFFDAF800206B68126A934204
:1018000080F061810CAACDE90062CDF808902246F3
:1018100041465046FDF75EFF044600287FF4EAAEDD
:10182000013701362B6A23F00043043BB3427FF6B5
:10183000F7AEBBF1010FC3DC16AA4FEA0B1302EBA4
:101840000B11D3580591BB42BAD10C460BA8D1E974
:10185000021202F0FBFEDAF800206B68106AE16801
:10186000A268834280F02F81CDE9012100960022F9
:1018700041465046FDF72EFF044600287FF4BAAEDD
:10188000059B5A68DB680BF1010B17441E44C9E73E
:101890002B6A23F00043043BB3426CD90AF11403D2
:1018A00008EE103A37460DF1280935E0DAF8002045
:1018B000139B126A934280F00C810122CDE90192C0
:1018C00018EE101A009700225046FDF7A1FD0446BD
:1018D00000287FF49FAE0122494609A802F0B6FE17
:1018E000DAF800206B68126A934280F0EC800122E3
:1018F000CDE901920096224641465046FDF7EAFEA8
:10190000044600287FF41DAE013701362B6A23F010
:101910000043043BB3422ED9BBF1010FC6DC1EAA23
:101920004FEA0B1302EB0B11D3580591BB42BDD10B
:101930000C4609A8D1E9021202F088FEDAF800206C
:101940006B68106AE168A268834280F0BC80CDE9D0
:1019500001210096002241465046FDF7BBFE044699
:1019600000287FF4EEAD059B5A68DB680BF1010B94
:1019700017441E44CAE7DAF800206B68126A9342E3
:1019800080F0A180042209A9CDE9006102924146BC
:1019900000225046FDF79EFE044600287FF4D1AD9C
:1019A000DAF820104FF0FF339942CAF8143019D0FA
:1019B000DAF80000DAF82830826900928468DAF8F0
:1019C0002420A047044600287FF4BBADDAF800309D
:1019D000DAF828009A69FF210BF07EF84FF0FF3308
:1019E000CAF82030DAF80000036998470446002856
:1019F0007FF4A7AD2A6AD5F804B022F000424FF078
:101A0000FF33171F0A930AF114091ED006460DF181
:101A1000C40807E00136012241460AA802F016FE7A
:101A2000B74212D0DAF800301B6A9B4551D201232D
:101A3000CDE9018300965B46002249465046FDF7FA
:101A4000E7FC0028E6D0044653E6DDE909329A4275
:101A50007FF47AAD079B002B41D1DAF81030002BD0
:101A60003FF4D8AD5E686A68964200F08980996854
:101A7000A868814200F08480864200F081808A421A
:101A80007ED01B68EBE7DDE90B329A427FF4B5ADFF
:101A9000069B002B40F06E81DAF81040002C00F01D
:101AA000948060686B68984200F0B781A268A9686A
:101AB0008A4200F0B281884200F0AF81934200F088
:101AC000AC812468EAE7A74BA74AA8489C210AF002
:101AD00041FFA44BA64AA54812210AF03BFFDAF8C1
:101AE0000430013357D0DAF80830013331AE12AF89
:101AF00053D03246394616AB5046FEF725F800283B
:101B0000FFF6F6AD49D0D5E90102169B26930C33BA
:101B10002A9318900C2317A89DF85F7019923146EC
:101B20002793002629932890012326AA50462B9715
:101B30002D972C96FFF7CEFA00287FF4D9AD129896
:101B4000DAF8043098421FD0139ADAF808108A4263
:101B50001AD0884218D0934216D0012201338AF855
:101B600040203FF47AAFDAF8083001333FF475AF24
:101B70005046FEF7E9FE00283FF46FAF0446B8E593
:101B80005A60AA689A607CE76B68CAF80430AA6851
:101B9000CAF80820E1E731AE12AF39463246504666
:101BA000FDF7FCFE0028FFF6A3AD3FF456AF31462B
:101BB000D5E9016000233B901A4650463A96FFF75C
:101BC00089FA00283FF449AFD8E7D5E90116DDE9E5
:101BD0002D3227982F9128991190CDE92710DAF806
:101BE0000000309642F0004201332D932E92C368DC
:101BF0001091059498474FF0FF370126C1460446DF
:101C0000F8B114F1340F7FF405AD109BCAF82070C1
:101C1000012B7FF6FDAC119B012B7FF6F9AC27A9B8
:101C20005046FEF783FB044600287FF4F3ACDAF855
:101C30000000279901230593C368984704460028AC
:101C4000DFD10DF1B408102241460DA80D9702F026
:101C5000FDFCDAF80020279B126A9342BFF433AFF1
:101C60001025CDE900482246029549465046FDF729
:101C700031FD04460028C4D12E9B23F00043043BD1
:101C8000102B88BF0DF1C40830D9DAF80020119B61
:101C9000126A9342BFF41DAFCDE901860095002280
:101CA00059465046FDF7B4FB044600287FF4B2AC19
:101CB000012241460DA802F0C9FCDAF80020279B5A
:101CC000126A9342BFF4FFAE2246CDE90186009529
:101CD00049465046FDF7FEFC0446002891D12E9B54
:101CE00023F000430135043B9D42CED3DAF80020B7
:101CF000279B126A9342BFF4E6AE04220DA9CDE9F8
:101D000000510292494600225046FDF7E3FC04468A
:101D100000287FF476AFDAF82010CAF814704B1C54
:101D200017D0DAF80000DAF8283082690092846867
:101D3000DAF82420A047044600287FF462AFDAF8DE
:101D40000030DAF828009A69FF210AF0C5FECAF8C7
:101D50002070DAF8000003699847002861D0044633
:101D60004FE700BF080204004804040028020400F2
:101D700038040400DAF80430013379D0DAF8083096
:101D8000013331AE0EAF75D03246394612AB5046F4
:101D9000FDF7DAFE041EFFF63DAC6BD0D5E901235A
:101DA00012981E900C30229014920C2013AA9DF8C9
:101DB0004F40159331461F90219020920026012319
:101DC0001EAA5046239425942496FFF783F90446CF
:101DD00000287FF41FAC0E98DAF80430984263D0E4
:101DE0000F9ADAF808108A425ED088425CD093429B
:101DF0005AD0012201338AF840203FF44DAEDAF880
:101E0000083001333FF448AE5046FEF79DFD0446CE
:101E1000002C3FF441AEFFF7FDBB6360AB68A360ED
:101E20004FE62E9ADDF89C80319722F00042131F76
:101E30001C4640D0054607E0013501221EA931A805
:101E400002F004FCAC4236D0DAF800301B6A984548
:101E5000BFF43FAE1EABCDE90053029643460022CD
:101E600059465046FDF7D4FA0028E5D0044640E430
:101E700031AE0EAF394632465046FDF78FFD041E97
:101E8000FFF6C8AB3FF408AED5E9014000233B9014
:101E900031461A4650463A94FFF71CF90446002C86
:101EA0003FF4FAADFFF7B6BB6B68CAF80430AA6816
:101EB000CAF808209DE7319A0D9B9A427FF4A5AE9F
:101EC000059D95B9DAF81040002C3FF4A3AB60688B
:101ED000279B984278D0A26828998A4274D0884279
:101EE00072D0934270D02468EEE7DAF80430013300
:101EF0004BD0DAF80830013331AE10AD47D032465E
:101F0000294612AB5046FDF71FFE041EFFF682ABBA
:101F10003DD0129B1E93DDE927420C339DF84F0004
:101F200022930C231494159200241F932193239041
:101F30002590314613AD01231EAA504624942095C6
:101F4000FFF7C8F8044600287FF464AB1098DAF86D
:101F50000430984233D0119ADAF808108A422ED011
:101F600088422CD093422AD0012201338AF84020A3
:101F7000A8D0DAF808300133A4D05046FEF7E4FCCC
:101F80000446002C9ED0FFF745BB31AE10AD29466C
:101F900032465046FDF702FD041EFFF63BAB91D0E2
:101FA000DDE9274000233B9031461A4650463A94DB
:101FB000FFF790F80446002C84D0FFF72BBBDDE937
:101FC0002732CAE90132CFE76360289BA3608AE722
:101FD0002DE9F04F2DED028B154653799279EE796C
:101FE0000433B1B013440A6A33440C46059322F01B
:101FF00000411433994204F104038346079365D0EA
:10200000D4E901012E68E3690696059E0F90921BA4
:10201000C4E901100133DBF800000E91C4E9073276
:1020200000230893C36809959847A0460646E8B17F
:1020300016F1340F3CD10E9B4FF0FF32012BCBF841
:1020400020203BD90F9B012B38D907995846FEF722
:102050006DF9064660BBDBF80000D8F804100123D8
:102060000893C368984706460028E1D108F11C048C
:10207000DA464FF0FF331022214612A8129302F0E5
:10208000E5FA5AF8202BD8F80430126A934280F00F
:102090004B821025CDE900643246029551465846E0
:1020A000FDF718FB044620B310F1340FC3D00646E9
:1020B000304631B0BDEC028BBDE8F08F6FF03306D7
:1020C000304631B0BDEC028BBDE8F08F19461AAA3C
:1020D000FDF764FC061EEBDB229B002BC0F2E080C8
:1020E0006B79A979EA7904330B4413440593226A86
:1020F00086E7D8F8203023F00043043BAB4242D9B6
:102100000BF1140308EE103A2F460DF194091CB997
:10211000069BBB4200F0A680DBF800200F9B126AF2
:10212000934280F0FB810122CDE9019218EE101A52
:10213000009700225846FDF76BF906460028B7D1F4
:102140000122494612A802F081FADBF80020D8F8F3
:102150000430126A934280F0E7810122CDE90192B6
:102160000095324651465846FDF7B4FA0646002817
:102170007FF45EAF01370135D8F8203023F00043FB
:10218000043BAB42C3D8DBF80020D8F80430126A15
:10219000934280F0C981042212A9CDE90051029234
:1021A000514600225846FDF795FA064600287FF46E
:1021B0003FAFDBF820104FF0FF339942CBF81430DB
:1021C00019D0DBF80000DBF82830826900928468BF
:1021D000DBF82420A047064600287FF429AFDBF86F
:1021E0000030DBF828009A69FF210AF075FC4FF0F7
:1021F000FF33CBF82030DBF8000003699847064630
:1022000000287FF415AFD8F82030D8F8047023F0F8
:10221000004A4FF0FF32BAF1040A25920BF114097B
:1022200000F00D8105461AAC08E001350122214677
:1022300025A802F00BFAAA4500F00181DBF8003076
:102240001B6A9F4280F06A810123CDE9014300951A
:102250003B46002249465846FDF7DAF80028E4D00C
:10226000064625E72246214612A802F0EFF9DBF8E0
:102270000020D8F80430126A934280F05581CDE9ED
:1022800001440095224651465846FDF723FA06467A
:1022900000287FF4CDAEDDE9052301249F186BE70C
:1022A000226A2199D4E9090462F000421340239084
:1022B0004A1CDDE91B01CDE91B100D90DBF8000085
:1022C0002494CDE92123002305930C91C3689847FA
:1022D0004FF0FF3801270646F8B116F1340F7FF4AE
:1022E000E7AE0C9BCBF82080012B7FF6E7AE0D9B71
:1022F000012B7FF6E3AE1BA95846FEF717F80646FA
:1023000000287FF4D5AEDBF800001B99012305936C
:10231000C368984706460028DFD121ADD946102270
:1023200029460AA8CDF8288002F090F959F8202B08
:102330001B9B126A934280F0F7801024CDE9006560
:102340003246029449465846FDF7C4F9064600282D
:10235000C3D1229B23F00043043B102B33D90BF154
:10236000140A0BADDBF800200D9B126A934280F03B
:10237000D580CDE901570094002251465846FDF71B
:1023800047F8064600287FF493AE012229460AA8A2
:1023900002F05CF9DBF800201B9B126A934280F08C
:1023A000C3803246CDE90157009449465846FDF7AF
:1023B00091F90646002890D1229B23F00043013476
:1023C000043B9C42CED3DBF800201B9B126A934255
:1023D00080F0AA8004220AA9CDE900410292494670
:1023E00000225846FDF776F9064600287FF475AFBF
:1023F000DBF82010CBF814804B1C17D0DBF8000062
:10240000DBF82830826900928468DBF82420A0473A
:10241000064600287FF461AFDBF80030DBF82800C7
:102420009A69FF210AF058FBCBF82080DBF8000006
:1024300003699847002800F0D18006464DE7259AA9
:10244000129B9A427FF4F7ADDDE908354446002B34
:1024500070D1DBF810301A4672B1D2F804C061684E
:102460008C4557D09068A768B84253D0BC4551D02E
:1024700081424FD01268EFE7DBF80C2022B34FF017
:10248000FF370BE0D2F808E0D4F808C0E64509D0E1
:10249000614507D0704505D01268AAB151686068DF
:1024A0008142EFD1D1682868814230D0F4D968796F
:1024B00095F806E095F807C0043070446044091AA6
:1024C000D1601268002AE9D163B9F1E59F68A0687C
:1024D00087420BD0824209D0B94207D01B68002B3B
:1024E0003FF4E6AD5A6861688A42EFD1D9682A683C
:1024F0009142F3D96A7995F806C0EF799869043268
:1025000062443A44891A821AD9609A61E6E7C2E9BC
:102510000177C1E75160A1689160ABE79B4B9C4A92
:102520009C4812210AF016FA984B9B4A99489C2124
:102530000AF010FADBF80430013379D0DBF8083008
:10254000013325AF0DF1380875D012AB3A4641463C
:102550005846FDF7F9FA0028FFF682AE6BD0D4E9B1
:10256000012312981A900C301E9014920C2013AA7A
:102570009DF84FC0159339461B9000271D901C9263
:1025800001231AAA5846CDF87CC0CDF884C0209704
:10259000FEF7A0FD00287FF463AE0E98DBF8043050
:1025A000984260D00F9ADBF808108A425BD08842CC
:1025B00059D0934257D0012201338BF840203FF489
:1025C00048AFDBF8083001333FF443AF5846FEF71D
:1025D000BBF900283FF43DAF064669E5229DDDF8D2
:1025E0006CA0CDF82C8025F000450BF11403043DC0
:1025F0001E463FD004460DF1940907E00134012244
:1026000049460BA802F022F8A54233D0DBF800308F
:102610001B6A9A4582D2CDE9019700945346002265
:1026200031465846FCF7F4FE0028E7D006463FE561
:1026300025AF0DF1380841463A465846FDF7AEF948
:102640000028FFF60DAE3FF404AF3946D4E901701F
:1026500000232F901A4658462E97FEF73BFD002880
:102660003FF4F7AEB8E76368CBF80430A268CBF864
:102670000820A0E7DDE90A329A427FF432AE059BDA
:1026800093B9DBF81060002E3FF412AD70681B9B0D
:10269000984276D0B2681C998A4272D0884270D033
:1026A00093426ED03668EEE7DBF8043001334AD04F
:1026B000DBF80830013325AF0CAC46D03A46214652
:1026C0000EAB5846FDF740FA061EFFF6F1AC3CD0C3
:1026D0000E9B1293DDE91B420C339DF83F001693CD
:1026E0000C23109411921393159317901990394657
:1026F0000FAD0024012312AA584614951894FEF732
:10270000E9FC064600287FF4D3AC0C98DBF80430D3
:10271000984231D00D9ADBF808108A422CD08842BA
:102720002AD0934228D0012201338BF84020A8D030
:10273000DBF808300133A4D05846FEF705F9064609
:10274000002E9ED0B4E425AF0CAC21463A46584644
:10275000FDF724F9061EFFF6ABAC92D0DDE91B4075
:1027600000232F9039461A4658462E94FEF7B2FCA5
:102770000646002E85D09BE4DDE91B32CBE9013211
:10278000D1E773601C9BB3608CE700BF08020400B4
:102790003804040028020400480404002DE9F04F26
:1027A00090F84030BBB00546059163B943680122FB
:1027B000013380F8402006D08368013303D0FEF750
:1027C000C3F8044668B909AA19A905AB2846FDF75C
:1027D000F9F9821C044608D105982F210BF031F835
:1027E00058B120463BB0BDE8F08F002808BF6FF01D
:1027F000100420463BB0BDE8F08F2B681B6AAB632A
:1028000024A92846FDF7DCFA04460028E9D1DDE9D1
:102810002210259A2D9126992B9B0494CDE92512FF
:1028200001332B932E90089207914FF0FF3A4FF00F
:1028300001082868C36898470446B8B114F1340FFA
:10284000CFD1079BC5F820A0012B40F2D580089B73
:10285000012B40F2D18025A92846FDF767FD0446EB
:102860000028BED1012325990493E2E72BAFA946A6
:102870001022394611A8CDF844A001F0E7FE59F81E
:10288000202B259B126A934280F0BF801026CDE951
:1028900000472246029649462846FCF71BFF04469D
:1028A0000028CBD12C9B23F00043043B102B30D9C4
:1028B00005F1140B2FAF2A68089B126A934280F02F
:1028C0009E80CDE901780096002259462846FCF703
:1028D0009FFD0446002884D10122394611A801F049
:1028E000B5FE2A68259B126A934280F08E802246AC
:1028F000CDE90178009649462846FCF7EBFE0446F0
:1029000000289BD12C9B23F000430136043B9E42C0
:10291000D1D32A68259B126A934276D2042211A948
:10292000CDE900610292494600222846FCF7D2FE1A
:102930000446002882D1296AC5F814A04B1C12D085
:102940002868AB6A8269009284686A6AA047044674
:1029500000287FF473AF2B68A86A9A69FF210AF0F8
:10296000BBF8C5F820A028680369984704460028EA
:102970007FF464AF2C9B259FCDF8BCA023F0004BC7
:10298000BBF1040B05F114091BD006462B681B6A2A
:102990009F4234D20DABCDE90063CDF808803B46B1
:1029A000002249462846FCF733FD044600287FF400
:1029B00018AF013601220DA92FA801F047FEB3453B
:1029C000E4D12F9A119B9A427FF43BAF049B002BDA
:1029D00042D12A69FAB15468259B9C4200F0898053
:1029E00091682698814200F08480844200F08180C2
:1029F0008B427ED01268EDE76FF03304F1E64F4B67
:102A00004F4A5048122109F0A5FF4C4B4E4A4D4801
:102A10009C2109F09FFF059B8DF82A20184640F65F
:102A200022020493ADF828200AF031FFDDE9256485
:102A30008DF82B00049B0C9409AA19A9284623940D
:102A40000B962296FEF736FD044600287FF4C9AEA9
:102A50002B681B6AAB63C4E66B68013352D0AB686A
:102A600001332FAE07AF4FD0324639460DAB284663
:102A7000FDF76AF8041EFFF6B4AE45D0DDE9254047
:102A80000D9B11930C33159310900C239DF83B0074
:102A90000F9431461293149300241690189011AAA3
:102AA0000EAE0123284617941396FEF713FB044637
:102AB00000287FF496AE07986B6898421DD0089A5C
:102AC000A9688A4219D0884217D0934215D00122B2
:102AD000013385F840203FF47CAFAB6801333FF40D
:102AE00078AF2846FDF730FF0446002C3FF471AF65
:102AF00077E65360269B93607CE7DDE92532C5E9E4
:102B00000132E4E72FAE07AF394632462846FCF7DC
:102B100045FF041EFFF665AE3FF45BAFDDE92540DF
:102B20000023399031461A4628463894FEF7D2FAE7
:102B30000446002C3FF44DAF53E600BF08020400EA
:102B400038040400280204004804040070B5D0E9E9
:102B5000015386B0C1E90153019201AB02AA0646B6
:102B60000C46FDF72FF8A0B99DF80C30222B12D19E
:102B700004AA21463046FCF771FE50B9D4E901128F
:102B80003369216162610E211022A161E26023603C
:102B9000346106B070BD6FF01300FAE7036943B10A
:102BA000994202D107E0994207D01A461B68002BD0
:102BB000F9D10020704700F110020B68136000206B
:102BC000704700BFF0B515460E4689B004464C224A
:102BD0002846002109F080FFB3690E2B4AD00F2B45
:102BE00053D004AA31462046FCF716FF00285BD1DB
:102BF0009DF8142002F07F03112B01D0222BF0D17D
:102C0000110655D5626801320DD0A26801320AD092
:102C100006A92046FCF760FF002829DBE1D19DF8DA
:102C2000143003F07F038DF8143021462B70112BE4
:102C300051F8140B08BF079B049A08BF6B609DF8FE
:102C400015C07368066A9DF81670101D6044B34283
:102C50009DF8172005F1080538442BD2CDE9015223
:102C6000009000222046FCF7D3FB002808BF01207B
:102C700009B0F0BD124A222312882A812B70B36951
:102C800001200133B36109B0F0BD2B460D4A22216A
:102C900003F8081B1188927829819A70B369012082
:102CA0000133B36109B0F0BD841C08BF0020DFE729
:102CB0001346BAE7044B054A0548122109F04AFEBB
:102CC000D8010400DC0104000802040038040400F8
:102CD000280204002DE9F0431F4693B003F00303DC
:102CE000012B0C460192054603D090F84030002B92
:102CF00070D002AA07A901AB2846FCF763FF06467D
:102D000000283FD19DF80C30222B00F09180BB05AC
:102D100000F18B80DDE9082002996260049AA060CE
:102D20000023C4E90637C4E9031223627A05059B30
:102D3000636106D5002B5FD14FF0FF320023C4E959
:102D400004232B68586B4FF0FF32E262002857D003
:102D5000EB68002B5FD16063E36903F003034FF07E
:102D6000FF36012BE66205D02B68FF219A6909F036
:102D7000B3FEE662EB6823600026EC60304613B0D9
:102D8000BDE8F083B01CF9D1DDF804802F21404666
:102D90000AF057FD02460028F0D1F905EED540F6BD
:102DA000110340468DF80E20ADF80C300AF06FFD8F
:102DB0004FF0000943468DF80F0002AA07A94FF013
:102DC000FF382846CDE90489FEF774FB0646002843
:102DD000A0D0D3E743680122013380F8402088D097
:102DE0008368013385D0FDF7AFFD0646002880D00B
:102DF000304613B0BDE8F08347F48037E7619BE7C6
:102E0000E26902F00302012A08D0986901F07EFF0E
:102E100060630028A0D16FF00B06AFE7586901F09E
:102E200075FF6063002897D1F5E76FF01006A5E7FE
:102E30006FF01406A2E700BF2DE9F04F2DED028BD5
:102E4000CC698FB004F00305012D0592079300F0C3
:102E5000B98167038846834600F10D81250500F19D
:102E60001681A00340F1ED80079B002B00F0D88075
:102E700008F12C090693D8F81C30990300F18980D9
:102E8000D8F82030002B40F06481DBF800100B6A8A
:102E9000CBF83830D8E908730C930DAB08EE103A34
:102EA0000BF114044FF0010ACDF8208018EE101A2F
:102EB0005846FDF73BFA00285ED10D99012940F2F2
:102EC0009181DBF80000036A994200F28B81C368AC
:102ED0009847002840F0AD80002F00F06581DBF8B6
:102EE0000010D1F81C807D1EA8F10806B542C0F084
:102EF0001B81B5FBF6F00138049109F0B3FB0230F9
:102F0000A5EB8005B5FBF6F5284609F0ABFBA7EB72
:102F1000800005FB1607B845049900F0C380002F18
:102F200000F03F8100250DF12F0616E0DBF80020B0
:102F30000D9B126A934280F03F81CDE9016A0095B2
:102F4000224649465846FCF7C5FB002871D1013599
:102F5000BD4280F0EF80DBF800100A6A0C9B9342C0
:102F600080F03A81CDE9016A009500222146584659
:102F7000FCF74EFA0028D9D0DDF82080D8F81C30B4
:102F800043F40023C8F81C300FB0BDEC028BBDE841
:102F9000F08FDBF80010D8F82870CD69AF423FF40D
:102FA00076AFD8F824300BF11404069A059EED1B79
:102FB000954228BF15460EE010F1340FDED1414690
:102FC0005846FDF741FC0028D8D1D8F82870DBF826
:102FD0000010D8F824300A6A9A4240F2ED80CDE918
:102FE00001650097224649465846FCF773FB0028C6
:102FF000E2D1D8F82020D8F82830DBF800102A4495
:103000002B44096AC8F82020C8F82830059A069B86
:10301000CBF838102A445B1B059206937FF42BAF44
:10302000D8F81C30079823F40023C8F81C30ABE70D
:10303000099F10F1340F9FD14FF0FF33CBF82030B0
:1030400034E7D8F82040D8F814309C427FF60CAF13
:10305000C8F820300DAE00250123324641465846BF
:103060008DF83450FFF7E8FE00288DDBD8F82030CB
:103070009C42F1D8F8E64FF0FF3224F48023A603F7
:10308000CA62CB6100F185802205DAD51C46D8F8EA
:103090001430D8F820209A4238BFC8F82030A00356
:1030A000CFD5E1E6013595FAA5F3B3FA83F31846D7
:1030B000013304930A6A099700250DF13008074689
:1030C0000D9B93424FEA850676D20422CDE9018218
:1030D0000096224649465846FCF7FCFA0C9B00280D
:1030E000A6D1AF4211D0DBF80020126A934273D20E
:1030F0000422CDE901820096024621465846FCF79B
:1031000087F900287FF438AF0C9B012B5DD9DBF8E1
:1031100000100A6A934258D8049B0135AB42CFD1C4
:10312000DDF820809F0009E047457FF4FBAE0123D6
:103130000493BFE7DDF82080DBF800100D9BC8E9A1
:103140000937D8F81C20CD6942F40032C8F81C2099
:103150002BE708F1280108F12402CDE90121013B08
:103160000093D8E9042349465846FCF719FA002889
:103170007FF404AFDBF80030D8F834009A69FF21FF
:1031800009F0AAFC4FF0FF33DBF80010C8F82C3030
:103190007DE600F03DF800287FF4F6AED8F81C403C
:1031A0005CE6DDF82080C9E7DDF820800D9BDBF8C8
:1031B0000010C8E90937C4E70E4B0F4A0F489C219D
:1031C00009F0C8FB6FF00800DEE60D4B0D4A0B4816
:1031D00040F2D34109F0BEFB064B0B4A07481221CF
:1031E00009F0B8FB094B074A044840F28C4109F04A
:1031F000B1FB00BF080204004804040028020400D8
:10320000AC0204006804040038040400F402040062
:103210002DE9F0430D4693B0064600F114072C2229
:10322000002104A8D5F8208009F056FC97E8070093
:103230004FF0FF33D5E904C40DF1480E73610EE978
:103240000700296A6A69CDF8308001209142CDF8E3
:1032500020C009940B901FD2994601230DF10F0253
:1032600004A9304600F072F90446002C4FF0010327
:103270000DF10F02294630463ADBFFF7DDFD041E53
:1032800036DB7369013337D0C6F814906A692B6A4C
:10329000CDF83C909A42E0D805F12C0918E030684E
:1032A0006B6B8269009284682A6BA04704463A4699
:1032B000494630461CB9FCF71FF9044658B114F1D1
:1032C000340F2946304613D1FDF7BEFA044678B9CB
:1032D000E96A4B1CE3D1EB69D5E9082123F40033FB
:1032E00043F480332961EB616A61C5F820800024D2
:1032F000204613B0BDE8F0832A6A6B699A42ACD3CA
:10330000CAE700BFF0B5CB690C4659039DB005462E
:1033100005D523F480234FF0FF32E361E2629A0384
:1033200009D521462846FFF773FF024610B1104623
:103330001DB0F0BDE36903F41023B3F5803F03D063
:10334000002210461DB0F0BD63680133F8D0A368B9
:103350000133F5D0221D11A92846FCF77FFA024659
:103360000028E4D12946129B51F8140B0692076AF3
:10337000E068059006AEBB42C6E901222CD20C27BC
:10338000CDE9000602972846FCF742F802460028DD
:10339000CDD19DF81830112B24D1059B0B9603F14C
:1033A0000C060A9728460C979DF81B5027690F9228
:1033B00009930D9609AA6669079711A90123089632
:1033C0000E951095FDF786FE02460028AFD1E36901
:1033D00023F48033E361AAE7064B074A074812212A
:1033E00009F0B8FA064B074A044840F2136109F0A5
:1033F000B1FA00BF080204003804040028020400E7
:1034000024030400780404002DE9F041CB690C4644
:1034100059039CB0054605D523F480234FF0FF32B5
:10342000E361E2629A0321D521462846FFF7F0FEC8
:103430000646D0B1EB6843B19C4202D16AE09C429F
:103440006AD019461B68002BF9D1A3692BB11B6800
:103450001BB130461CB0BDE8F0812B685B6B002BC4
:10346000F7D1606B01F066FCF3E7E36903F4102326
:10347000B3F5803F01D00026DCE763680133FAD062
:10348000A3680133F7D011A9221D2846FCF7E6F9FD
:1034900006460028CED12946129B51F8142B0696D9
:1034A000106AE268059206AF8342C7E9016636D228
:1034B0004FF00C08CDE90027CDF8088032462846A9
:1034C000FBF7A6FF06460028B4D19DF81830112B53
:1034D0002BD1059B22690F9060699DF81B600B97AB
:1034E000099303F10C070792089011A9012309AA77
:1034F00028460E961096CDF82880CDF830800D978E
:10350000FDF7E8FD0646002894D1E36923F48033F3
:10351000E3618FE705F10C0123680B6095E7064B2B
:10352000064A0748122109F015FA064B064A0448D4
:1035300040F2136109F00EFA080204003804040096
:103540002802040024030400780404002DE9F04F4D
:103550000D46C96901F00304022C87B04FD08046A4
:10356000880317461E464FD42A6A69698A425CD28C
:10357000A1EB0209B1454B4628BF33460593002B0A
:1035800057D01E4605F12C0905F1280B05F1240A38
:103590001FE0D8F80000A96AC469A1421CD0641ACF
:1035A000026A6B6AB44228BF3446934245D2009106
:1035B000CDE90174002249464046FBF729FF00BBD4
:1035C0002A6AAB6A22442344361B27442A62AB6230
:1035D0002FD0EB695B03DCD4CDE901AB0092D5E9D8
:1035E000042349464046FBF7DBFF50B9EB69D8F8A6
:1035F0000000A96AC46943F48023EB61CFE76FF050
:10360000080007B0BDE8F08F4A0305D521F48021FA
:103610004FF0FF32E961EA6229464046FFF7F8FDC4
:103620000028A1D007B0BDE8F08F002007B0BDE8AA
:10363000F08F059807B0BDE8F08F034B034A0448AC
:10364000122109F087F900BF0802040038040400C1
:1036500028020400F8B50C46C96916464A03074615
:103660001D4605D521F480214FF0FF33E161E3626F
:103670008B0305D538462146FFF7CAFD00B1F8BDDA
:103680002DB1012D0CD0022D04D0206AF8BD266288
:103690003046F8BD002E606905DB30442062F8BD7D
:1036A000002E206AF9DA72428242F6D96FF01500D4
:1036B000F8BD00BF086A7047CB699B0305D5086A4F
:1036C0004B69984238BF184670474869704700BF39
:1036D000F0B597B01546059105AB07AA0BA90646AC
:1036E000FCF770FA044610B1204617B0F0BD4C222A
:1036F0000146284609F0F0F99DF820302B70112B77
:1037000004BF0A9B6B607268099B934223D00A989E
:10371000B16888421FD08B421DD082421BD03146F7
:10372000079A51F8143B9DF821701C6A0C9B9DF878
:10373000220004323A44A342024405F108059DF8F0
:1037400023000ED2CDE90150009230460022FBF753
:103750005FFE0446C8E7064B1B882B81204617B046
:10376000F0BD044B044A0548122109F0F3F800BFEC
:10377000E0010400080204003804040028020400E8
:103780002DE9F04F90F84030BBB00546059183B964
:1037900043680122013380F840200AD08368013356
:1037A00007D0FDF7D1F8044618B120463BB0BDE87C
:1037B000F08F09AA19A905AB2846FCF703FA0446BD
:1037C0000028F2D19DF82830222B00F0D08009AAE1
:1037D00019A92846FEF7FCFB04460028E5D19DF810
:1037E0002830222BE1D119AA25A92846FCF7D6F8C2
:1037F000041EDADB00F00B81DDE92D40209B2390D5
:10380000DDE91A21286822940133209300230493D0
:10381000CDE91A12C3680892079198474FF0FF3A12
:103820004FF001080446E0B114F1340FBDD1079BFD
:10383000C5F820A0012B40F2A480089B012B40F288
:10384000A0801AA92846FCF771FD04460028ACD1D7
:1038500028681A9901230493C368984704460028EE
:10386000E2D120AFA9461022394611A8CDF844A0D4
:1038700000F0ECFE59F8202B1A9B126A934280F05C
:103880003A811026CDE9004722460296494628464D
:10389000FBF720FF04460028C6D1219B23F00043FC
:1038A000043B102B31D905F1140B2FAF2A68089B6C
:1038B000126A934280F02581CDE9017800960022BA
:1038C00059462846FBF7A4FD044600287FF46DAF57
:1038D0000122394611A800F0B9FE2A681A9B126A23
:1038E000934280F008812246CDE90178009649464E
:1038F0002846FBF7EFFE0446002895D1219B23F0D4
:1039000000430136043B9E42D0D32A681A9B126AB8
:10391000934280F0F080042211A9CDE90061029267
:10392000494600222846FBF7D5FE044600287FF4CE
:103930007BAF296AC5F814A04B1C12D02868AB6A6B
:103940008269009284686A6AA047044600287FF46E
:103950006BAF2B68A86A9A69FF2109F0BDF8C5F81A
:1039600020A028680369984770B104465CE70BAA59
:1039700024A92846FBF772FF044600283FF427AF2E
:1039800013E76FF0330410E7219FDDF868B0CDF83E
:10399000BCA027F0004705F11403043F1C461DD0CE
:1039A00006460DF1340907E00136012249462FA8E9
:1039B00000F04CFEB74211D02B681B6A9B4580F08B
:1039C000A080CDE9019800965B460022214628465A
:1039D000FBF71EFD0028E7D00446E6E62F9A119B70
:1039E0009A427FF424AF049BC3B92C69002C3FF4A6
:1039F000DCAE60681A9B98425AD0A2681B998A4232
:103A000056D0884254D0934252D02468EEE7404BBF
:103A1000404A414840F26E7108F09CFF6B680133E8
:103A20004FD0AB6801332FAE07AF4CD0324639468A
:103A30000DAB2846FCF788F8041EFFF6B6AE42D060
:103A4000DDE91A400D9B11930C33159310900C2354
:103A50009DF83B000F943146129314930024169066
:103A6000189011AA0EAE0123284617941396FDF75D
:103A700031FB044600287FF498AE07986B689842A3
:103A80001AD0089AA9688A4216D0884214D0934264
:103A900012D00122013385F84020A6D0AB68013353
:103AA000A3D02846FCF750FF0446002C9DD07CE6AE
:103AB00063601B9BA360A8E7DDE91A32C5E9013208
:103AC000E7E72FAE07AF394632462846FBF766FFD9
:103AD000041EFFF66AAE88D0DDE91A400023399053
:103AE00031461A4628463894FDF7F4FA0446002C6D
:103AF0003FF47BAF59E6094B094A07489C2108F07F
:103B000029FF064B074A0448122108F023FF00BF93
:103B1000440304008804040028020400080204008E
:103B200048040400380404002DE9F04F2DED028B09
:103B30008B6A0160C5B00446002B00F09780C3611A
:103B4000C86A002800F09E80A0628A69FF2108F000
:103B5000C3FF4FF0FF33226823626361536AD906C3
:103B600040F02783002B00F01D83106B002800F02D
:103B70009280E063D2E90551B1FBF5F305FB131325
:103B8000002B40F0FA82D769B7FBF1F501FB157500
:103B9000002D40F000834FF0FF36A7F10803B6FB7D
:103BA000F3F33344B3FA83F3C3F12003B7EB830F8A
:103BB000C0F0EA82526A25612946C4E90265D2084A
:103BC00084F84050666008F087FF2368E562D3E917
:103BD0000823934228BF1346C4E90C35A26322A9E7
:103BE0002046FCF7EDF8054678B123689A6A002A6A
:103BF00063D0DA6A002A5BD01B6B002B54D02846B6
:103C000045B0BDEC028BBDE8F08F2DA92046FCF736
:103C1000D7F805460028E8D1DDE92E21349B0E9225
:103C2000CDE92E120133049034930D914FF0010928
:103C30002068C36898470546002843D015F1340F23
:103C4000D3D10D9B2662012B0DD90E9B012B0AD9D6
:103C50002EA92046FCF76AFB05460028C5D10123A2
:103C60002E990493E4E76FF03305BEE7486901F04D
:103C70004DF8E061002800F0DF802168C86A002864
:103C80007FF462AF886901F041F8A062002800F07B
:103C9000D380216859E7D80801F038F8E06300289C
:103CA00000F0CA80226865E7E06B01F043F8A6E700
:103CB000A06A01F03FF823689EE7E06901F03AF856
:103CC000236896E734AFA2461022394609A8099620
:103CD00000F0BCFC5AF8202B2E9B126A934280F015
:103CE0007D824FF01008CDE900572A46CDF80880B4
:103CF00051462046FBF7EEFC054600289ED1359B39
:103D000023F00043043B102B474633D904F1140B36
:103D10000DF1280822680E9B126A934280F064829B
:103D2000CDE901890097002259462046FBF770FB38
:103D3000054600287FF459AF0122414609A800F04A
:103D400085FC22682E9B126A934280F047822A46A5
:103D5000CDE90189009751462046FBF7BBFC05469B
:103D600000287FF46BAF359B23F000430137043B01
:103D70009F42CFD322682E9B126A934280F02E82FC
:103D8000042209A9CDE90071029251460022204681
:103D9000FBF7A0FC054600287FF450AF216A66615E
:103DA0004B1C11D02068A36A826900928568626A00
:103DB000A847054600287FF441AF2368A06A9A69A6
:103DC000FF2108F089FE26622068036998470546AE
:103DD00000287FF433AF359BDDF8B8B00A9623F0A6
:103DE000004304F11402043B08EE102A3CD01D46A7
:103DF000234608EE90AA38AF92460446984607E05C
:103E00000134012239460AA800F020FCA54228D03E
:103E1000D8F800301B6A9B4580F0E681CDE9017936
:103E200000945B46002251464046FBF7F1FA002819
:103E3000E6D005464446D8E623689A6A002A00F090
:103E4000C881DA6A002A00F0BF811B6B002B00F0EA
:103E5000B7816FF00B05284645B0BDEC028BBDE87D
:103E6000F08F18EE90AA4446DDE909329A427FF4B9
:103E7000E8AE049B002B40F0168225698DB168687E
:103E80002E9B984200F0B681AA682F998A4200F0D2
:103E9000B181884200F0AE81934200F0AB812D6881
:103EA000ECE7A74A23688DF86A50082641F22E47AE
:103EB000ADF868708DF86B6092E80300D3E90726CF
:103EC0001D9220AA82E803002F9A06954FF0011058
:103ED0002E9D1E9634211026A2601C922C92022246
:103EE0001F9065601B952B9519962A914FF001093B
:103EF00004921846DDE92331299A0C93CDE9231366
:103F00000132002307932992C3680B919847054615
:103F1000D8B115F1340F7FF468AE0B9B4FF0FF3230
:103F2000012B226232D90C9B012B2FD923A92046C9
:103F3000FCF7FCF9054628BB206823990123079369
:103F4000C368984705460028E3D129AF4FF0FF33F7
:103F50001022394611A8119300F078FB2268239BA8
:103F6000126A934280F03A811026CDE900572A4622
:103F7000029651462046FBF7ADFB18B310F1340F03
:103F8000CBD0054615F1340F7FF42FAE049B012BE7
:103F900014D1069B002B3FF466AE22A90026012710
:103FA00038AA2046CDE93867FBF758FC05460028BB
:103FB0007FF41BAE23681A6AA26317E60123206808
:103FC000049397E72A9B23F00043043BB34259D95B
:103FD00018EE108A37460DF1E00B05902FE02268AD
:103FE0000C9B126A934280F0FF80CDE901B90097E3
:103FF000002241462046FBF70BFA05460028C1D1B6
:104000000122594611A800F021FB2268239B126A65
:10401000934280F0E3802A46CDE901B900965146EB
:104020002046FBF757FB054600287FF472AF0137A7
:1040300001362A9B23F00043043B9E4222D2059B7B
:10404000002BCCD1102FCAD11AAD2022294611A89D
:1040500000F0FCFA2268239B126A934280F0BE8033
:104060002021CDE900650291059A51462046FBF7D3
:1040700031FB054600287FF44CAF01232036302762
:104080000593D6E72268239B126A934280F0A680AC
:10409000042211A9CDE90061029251460022204676
:1040A000FBF718FB054600287FF433AF216A4FF079
:1040B000FF339942636113D02068A36A826900923A
:1040C0008568626AA847054600287FF422AF236806
:1040D000A06A9A69FF2108F0FFFC4FF0FF332362CA
:1040E000206803699847054600287FF412AF2A9B91
:1040F000DDF88C8023F0004B4FF0FF32BBF1040B56
:1041000038921FD018EE105A07460DAE07E001375F
:104110000122314638A800F099FABB4512D0236835
:104120001B6A984560D2CDE9016900974346002299
:1041300029462046FBF76CF90028E8D0054621E720
:104140002C040400389A119B9A427FF4E6AE079B38
:10415000002B57D123696BB15D68239A95424DD0EE
:1041600099682498814249D0854247D08A4245D0F7
:104170001B68F0E70123069308E7914B914A9248A8
:1041800040F61F0108F0E6FB904B8E4A8E4840F641
:10419000230108F0DFFB8E4B8A4A8B484FF4026103
:1041A00008F0D8FB8B4B874A874840F6140108F08B
:1041B000D1FB894B834A844840F6130108F0CAFBBF
:1041C000E06B00F0B7FD44E6A06A00F0B3FD2368A1
:1041D0003BE6E06900F0AEFD236832E67F4B804AA3
:1041E00079489C2108F0B6FB7C4B7E4A7648122128
:1041F00008F0B0FB6B602F9BAB6050E65A60249ACE
:104200009A60B5E76368013300F09F80A3680133CB
:1042100038AE0BAF00F09B80324639460DAB2046DE
:10422000FBF792FC051EFFF6ADAE00F09080DDE9D5
:1042300023030D9D11950C3515950F900C259DF8B8
:104240003B00109331461295149516900025189056
:1042500011AA0EAE0123204617951396FCF73AFFDC
:10426000054600287FF48EAE0B986368984267D0AD
:104270000C9AA1688A4263D0884261D093425FD091
:104280004FF00102013384F840203FF463AFA3688C
:1042900001333FF45FAF2046FCF756FB0546002D87
:1042A0003FF458AF6EE6636801336ED0A368013304
:1042B00038AE0DAF6BD03246394611AB2046FBF716
:1042C00043FC051EFFF691AC61D0DDE92E02119B87
:1042D00019930C331D9313900C2312A89DF84B5087
:1042E000149231461A931C931B900026012319AA9D
:1042F00020461E9520951F96FCF7ECFE05460028EB
:104300007FF473AC0D986368984239D00E9AA16817
:104310008A4235D0884233D0934231D001220133D2
:1043200084F840203FF4A9ADA36801333FF4A5AD64
:104330002046FCF709FB0546002D3FF49EAD54E4F2
:10434000DDE92332C4E901329AE738AE0BAF3946D2
:1043500032462046FBF722FB051EFFF613AE3FF464
:10436000F9AEDDE923500023429031461A4620463B
:104370004195FCF7AFFE0546002D3FF4EBAE01E69C
:10438000DDE92E32C4E90132C8E738AE0DAF394657
:1043900032462046FBF702FB051EFFF626AC3FF433
:1043A0006CADDDE92E500023429031461A4620467E
:1043B0004195FCF78FFE0546002D3FF45EAD14E4F9
:1043C000800304009404040028020400E0030400B5
:1043D000B00304006803040048030400080204005A
:1043E0004804040038040400F0B58B6A01609BB0F7
:1043F0000446002B7CD0C361C86A002800F083808B
:10440000A0628A69FF2108F067FB4FF0FF33216843
:1044100023626361486AC30640F0C380002800F04D
:10442000D5800B6B002B75D0E363D1E90503B3FB9B
:10443000F0F200FB1232002A40F0C180C869B0FBE4
:10444000F3F203FB1202002A40F0B2804FF0FF3576
:10445000A0F10803B5FBF3F32B44B3FA83F3C3F1E4
:104460002003B0EB830FC0F085800B6AA363C4E91F
:104470000155C4E90322C4E90B2284F84020626399
:104480000026012704AA0FA92046CDE90467FBF7FF
:10449000E5F9054660B123689A6A002A46D0DA6ACF
:1044A000002A3ED01B6B002B45D028461BB0F0BD28
:1044B0002146109B51F8142B126A934280F08D8094
:1044C0002020029007AE1020CDE900062A462046A3
:1044D000FAF79EFF05460028DDD1DDE90810424BC2
:1044E0000D9A9A42C4E9011029D06FF03305D2E742
:1044F000486900F00BFCE061002831D02168C86AEF
:1045000000287FF47DAF886900F000FCA06238B31A
:10451000216876E7C00800F0F9FBE06300B321688A
:1045200083E7A06A00F006FC2368BBE7E06900F0BF
:1045300001FC2368B3E7E06B00F0FCFBB5E70E9AE3
:10454000A3F18773A3F580639A42CED10C9B1A0C1A
:10455000012A02D19BB2012BA7D96FF015059AE76A
:1045600023689A6AC2B1DA6A8AB11B6B4BB16FF0E9
:104570000B059AE71D4B1E4A1E4840F6230108F022
:10458000E9F9E06B00F0D6FB6FF00B058DE7A06A50
:1045900000F0D0FB2368E8E7E06900F0CBFB23687C
:1045A000E1E7154B124A134840F6130108F0D2F91F
:1045B000124B0F4A0F484FF4026108F0CBF9104B31
:1045C0000B4A0C4840F61F0108F0C4F90D4B084A8D
:1045D000084840F6140108F0BDF90B4B0B4A05489A
:1045E000122108F0B7F900BF6C697474E00304008D
:1045F000940404002802040048030400B0030400EB
:104600008003040068030400080204003804040066
:1046100003689A6A10B504462AB1DA6A52B11B6B74
:104620007BB1002010BDC06900F084FB2368DA6A0A
:10463000002AF4D1A06A00F07DFB23681B6B002BDD
:10464000EFD1E06B00F076FB002010BDE2B170B45A
:10465000561E0E4D02680E444C1E14F8013F83EAAC
:10466000020101F00F01A64255F8211081EA121251
:1046700082EA131303F00F0355F8233083EA121272
:10468000EBD170BC02607047704700BFA00404000B
:1046900010B5034B03600446FAF7BAFA204610BD82
:1046A000E804040010B5054B03600446FAF7B0FABD
:1046B000204602F023FE204610BD00BFE80404009F
:1046C00008B500F0B5F9002008BD00BF70B501F5D0
:1046D000ED51CC0182B004F18006FF250122204675
:1046E0000DF1070114448DF8075000F0A7F9A64218
:1046F000F4D1002002B070BD08B501F5ED5102EB18
:10470000C110029A194600F099F9B0FA80F04009F8
:10471000404208BD08B501F5ED5102EBC111184644
:10472000029A00F0A3F90028CCBF002001204042EB
:1047300008BD00BF38B500210546FAF789FA98B9D7
:104740004FF46D24204604F5805400F09BF958B1D5
:10475000B4F5742FF6D12846FAF79CFA28460021C2
:10476000BDE83840FAF774BA38BD00BF10B5074C41
:1047700007492046FAF754FA064B23602046064ABA
:104780000649BDE8104007F093BD00BF8C780020BB
:104790003C610020E8040400006000209146030012
:1047A0002DE9F04F83B00193002B37D0DFF87490E0
:1047B00005460E4690461F46C6F30B0ACAF58054BE
:1047C000296906EA090BBC4228BF3C4659452644E4
:1047D0001BD04B1C4FF4805208460ED0EB681BB127
:1047E0006969984748B929692B6808469847D5E907
:1047F00004016B684FF480529847AB686869C5F84C
:1048000010B059464FF48052984768694146224695
:10481000504408F039F93F1BA044CDD1019803B0B2
:10482000BDE8F08F00F0FFFF10B504460069431C9F
:1048300012D0E3682BB161694FF48052984740B9B8
:10484000206923689847D4E9040163684FF48052D3
:1048500098474FF0FF33236110BD00BF2DE9F843A7
:1048600007691D467B1C06468846144605D09742BC
:104870000BD807F580539A4230D3B368214640469F
:104880002A4698472846BDE8F88353199F42F4D238
:1048900007F580539A42F0D2A7EB04094A46214615
:1048A000B3684046E71B98477A1908EB09004FF4B4
:1048B000805C0021624528BF62467369174619442F
:1048C0004F4408F0E1F8BD42DCD9B368E11908EBC8
:1048D0000700EA1B98472846BDE8F883A7EB040CBD
:1048E0000CF5805CE11B2A4640464FF00009E1E7E9
:1048F00029DF704728DF704712DF704708B508F0DE
:10490000B5F8B0FA80F0400908BD00BF10B51446F4
:1049100008F0BAF8204610BDF0B583B00746002372
:104920000DF1070016460C46D5088DF80730FFF745
:10493000E3FF01E000F09EF92A4621463846FFF7E2
:10494000D7FF112803464FF00100F3D0D3B99DF8EB
:104950000730D3B907EB560704EB560401E000F02B
:1049600089F92A4621463846FFF7C2FF1128034637
:104970004FF00100F3D02BB99DF8073063B93046F2
:1049800003B0F0BD002003B0F0BD084B4FF0FF3185
:10499000186800F071FEDDE7044B4FF0FF31186836
:1049A00000F06AFE304603B0F0BD00BF3089002041
:1049B00030B5184D296883B00446D9B1240B01E005
:1049C00000F058F92046FFF795FF112803464FF0F5
:1049D0000100F5D013B1002003B030BD0DF1070088
:1049E0008DF80730FFF788FF9DF807304BB901209D
:1049F00003B030BD0A2000F01DFA28600028DDD188
:104A0000E9E728684FF0FF3100F036FE012003B0DF
:104A100030BD00BF30890020044B186820B100234E
:104A20001A46194600F038BA704700BF3089002096
:104A30000148FFF7F9BE00BF7461002010B4094CB3
:104A4000A0420AD3B0F5742F07D213465DF8044B89
:104A50000A4601460448FFF7A3BE4FF0FF305DF859
:104A6000044B7047007002007461002010B40C46C3
:104A700013460146224602485DF8044BFFF7EEBE9E
:104A80007461002030B5184D296883B00446D9B14F
:104A9000240B01E000F0EEF82046FFF72BFF112871
:104AA00003464FF00100F5D013B1002003B030BD34
:104AB0000DF107008DF80730FFF71EFF9DF8073056
:104AC0004BB9012003B030BD0A2000F0B3F92860D3
:104AD0000028DDD1E9E728684FF0FF3100F0CCFD78
:104AE000012003B030BD00BF3089002008B501218E
:104AF0000E2002F087FF01210E2003F007F80021AD
:104B0000162002F07FFF0121192002F07BFF012116
:104B1000192002F0FBFF01210B2002F073FF01219D
:104B20000B2002F0F3FF01210D2002F06BFF0121A9
:104B30000D2002F0EBFF01210C2002F063FFBDE825
:104B4000084001210C2002F0E1BF00BFF8B5174674
:104B500082B105460E46002402E00134A74207D088
:104B60002B6816F8011B1B68284698470028F4D1CB
:104B70002046F8BD1446FBE72DE9F0470768DFF84B
:104B800094A0D7F8049004460E4600293AD008466F
:104B900008F07DFED145804622D1002836D0002580
:104BA00003E00135A845276820D03B6816F8011BB3
:104BB000204698470028F4D12768D7F80490D145BB
:104BC00018D13B680D212046984730B12368204614
:104BD0001B680A219847B8B102352846BDE8F0871E
:104BE000024631462046C84727680546D7F8049054
:104BF000D145E6D0064920460222C847054428464A
:104C0000BDE8F0870D46DAE70135E6E70546D6E769
:104C1000580704004D4B03000EB4F0B5C2B047ABCB
:104C2000044653F8042B019302A84FF4807108F056
:104C300099FE23680E4A5B689342054612D102AB87
:104C40001F181E4605E0236816F8011B1B689847CD
:104C500010B1BE422046F6D1284642B0BDE8F04031
:104C600003B0704702A920462A469847F4E700BFE0
:104C70004D4B0300014638B54FF47A720023800291
:104C8000890D07F0D7FC044601F000FA0546F5F758
:104C90005FFB01F0FBF9431B9C4200D838BD2C445C
:104CA000201ABDE8384001F029BB00BF10B504460A
:104CB00001F080FD022804D02046BDE8104007F036
:104CC000C5BE01F0DBF9204607F0C0FE044601F046
:104CD00085FA0CB1204610BD02F0E0FCFAE700BFF7
:104CE00010B5044601F066FD02280AD144B101F076
:104CF000C5F9204607F0B2FEBDE8104001F06EBADB
:104D000010BD2046BDE8104007F0A8BE10B582B027
:104D1000019001F0B3F9019807F098FE044601F004
:104D20005DFA14B1204602B010BD02F0B7FC204677
:104D300002B010BD50B110B5044601F09FF92046F5
:104D400007F08CFEBDE8104001F048BA704700BF84
:104D500038B51C469DF8105043B3002908BF1A46C9
:104D60000123C4E90F01226084F8463002F07AF88A
:104D7000D4E90F132268A26001FB03F1CB1A13449C
:104D800000200A44FF21A063E36084F844106260BD
:104D900084F8451004F1100002F0F8FE04F124003C
:104DA00002F0F4FE02F068F884F84C50204638BD5A
:104DB000F8B5064617460D4669B100FB01F05030C4
:104DC000FFF7A4FF044690B3002200F1500380F8DF
:104DD0004620036007E05020FFF798FF044630B3F9
:104DE00084F846502460C4E90F6502F03BF8D4E92A
:104DF0000F132268A26001FB03F1CB1A13440020B9
:104E00000A44FF21A063E36084F84410626084F8E0
:104E1000451004F1100002F0B9FE04F1240002F084
:104E2000B5FE02F029F884F84C702046F8BD002445
:104E30002046F8BDF8B5064650200D46FFF766FF40
:104E4000044630B300272060C66380F846700764CC
:104E500002F008F8D4E90F322168A76303FB02F3DC
:104E60009A1A0A440B44FF26C4E90131E26084F82F
:104E7000446004F1100084F8456002F087FE04F1FC
:104E8000240002F083FE01F0F7FF0223A56384F8FB
:104E90004C302046F8BD00BF2DE9F047044684B0F1
:104EA0001F460192884600F1240601F0DBFFA26B49
:104EB000E36BDFF840939A424FF0000A7CD3022F55
:104EC00000F0E880019D002D00F0128102ADBAF1E2
:104ED000000F00F0DB8001F0CFFF01F0CFF801F010
:104EE000C1FF94F84430FF2B04BF002384F8443002
:104EF00094F84530FF2B04BF002384F8453001F0BF
:104F0000BBFF284601A901F0FFFB002840F0F68016
:104F100001F0A8FFA26BE36B9A4261D001F0ACFFF5
:104F200001F0A0FF94F845506DB2002D05DC12E0B1
:104F30006B1E13F0FF0F5DB20DD0636A304653B1A4
:104F400001F084FB0028F3D001F012FC6B1E13F07B
:104F5000FF0F5DB2F1D1FF2384F8453001F08CFFE3
:104F600001F080FF94F844506DB2002D15DD04F17E
:104F7000100A04E06B1E13F0FF0F5DB20DD0236921
:104F8000504653B101F062FB0028F3D001F0F0FB72
:104F90006B1E13F0FF0F5DB2F1D1FF2384F8443094
:104FA00001F06AFF01F01AF901F05CFFA26BE36BFC
:104FB0009A424FF0010A82D2226CA56B002A40F07F
:104FC000E7802668002E00F0F9800135A563636A4A
:104FD000002B7CD101F050FF012004B0BDE8F08728
:104FE00004F1100A01F048FF0199504601F0B2FAAD
:104FF00001F038FF94F845506DB2002D05DC12E049
:105000006B1E13F0FF0F5DB20DD0636A304653B1D3
:1050100001F01CFB0028F3D001F0AAFB6B1E13F07B
:10502000FF0F5DB2F1D1FF2384F8453001F024FF7A
:1050300001F018FF94F844506DB2002D05DC12E029
:105040006B1E13F0FF0F5DB20DD02369504653B1B4
:1050500001F0FCFA0028F3D001F08AFB6B1E13F07C
:10506000FF0F5DB2F1D1FF2384F8443001F004FF5B
:1050700001F0B4F8002897D14FF08053C9F80430FC
:1050800040BFBFF34F8FBFF36F8F8DE7284601F00E
:105090002FFB20E7226CA56B002A92D04146E068E6
:1050A00007F0F2FC226CE36821689B1A8B42E360F4
:1050B000C2F1000204D263681A44E260022F84D174
:1050C000002D83D10123A363636A002B82D004F1F6
:1050D000240001F0BBFA00283FF47CAF454B4FF0B1
:1050E00080525A6040BFBFF34F8FBFF36F8F71E79D
:1050F00001F0C2FE284604B0BDE8F08701F0B2FE20
:1051000094F845506DB2002D15DD04F1240604E03D
:105110006B1E13F0FF0F5DB20DD0636A304653B1C2
:1051200001F094FA0028F3D001F022FB6B1E13F07B
:10513000FF0F5DB2F1D1FF2384F8453001F09CFEF2
:1051400001F090FE94F844506DB2002D15DD04F18D
:10515000100604E06B1E13F0FF0F5DB20DD0236943
:10516000304653B101F072FA0028F3D001F000FB91
:105170006B1E13F0FF0F5DB2F1D1FF2384F84430B2
:1051800001F07AFE01F02AF8002004B0BDE8F087B3
:10519000414607BBA06807F077FCA368216C6268F2
:1051A0000B449342A360FFF410AF0135A563636A1B
:1051B0002268A260002B3FF40DAF88E760680135DC
:1051C00001F04EFBA563636A6660002B7FF47FAF3E
:1051D000002883D1FEE6E06807F056FC226CE36805
:1051E00021689B1A8B42E360C2F10002BFF466AFF4
:1051F00061E700BF00ED00E0F8B50C4679B300258B
:1052000001232160C1E90F3581F84630064601F0DF
:1052100029FED4E90F322168A56303FB02F39A1A31
:105220000A440B44FF27C4E90131E26084F844706A
:1052300004F1100084F8457002F0A8FC04F1240089
:1052400002F0A4FC01F018FEC4E90055E56084F802
:105250004C602B462A4629462046FFF71DFE204675
:10526000F8BD00BF2DE9F043044683B016469946C9
:10527000EFF31188402282F31188806BE26B904239
:105280001ED3022B05D0002088F3118803B0BDE89F
:10529000F08394F84550226CA76B6DB232BB236843
:1052A000002B47D001376B1CA76335D001356DB299
:1052B00084F84550012088F3118803B0BDE8F083DD
:1052C00094F84550226CA76B6DB2002AE7D0002BF2
:1052D00038D1A06807F0D8FBA368216C62680B4442
:1052E0009342A36024BF2368A360DBE7E06807F074
:1052F000CBFB226CE0682168801A8842E060C2F132
:10530000000205D261680A44E260B9F1020FC9D116
:10531000012F38BF0127C6E7636A002BCAD004F10A
:10532000240001F093F90028C4D0002EC2D001203F
:105330003060A9E76068019301F092FA019B636015
:105340000137B0E7E06807F09FFB226CE068216856
:10535000801A8842E060C2F10002D6D2D2E700BFD4
:1053600010B582B0EFF31184402383F31188836B6F
:10537000C26B9A420FD990F845200133FF2A83630C
:1053800053B20DD001335BB280F84530012084F375
:10539000118802B010BD002084F3118802B010BD46
:1053A000436A002BF2D02430019101F04FF900281C
:1053B000ECD001990029E9D001200860ECE700BF9A
:1053C0002DE9F043044685B00F46019201F04AFDF5
:1053D000A56B002D40F02781019B002B00F0D280AF
:1053E00002A801F085F9DFF88C8204F1240601F0AF
:1053F00043FD00F043FE01F035FD94F84430FF2BEF
:1054000004BF002384F8443094F84530FF2B04BFD8
:10541000002384F8453001F02FFD01A902A801F016
:1054200073F900285BD101F01DFDA36B002B40F048
:10543000AF8001F021FD0199304601F08BF801F0B9
:1054400011FD94F845506DB2002D05DC12E06B1E85
:1054500013F0FF0F5DB20DD0636A304653B101F017
:10546000F5F80028F3D001F083F96B1E13F0FF0F5D
:105470005DB2F1D1FF2384F8453001F0FDFC01F06D
:10548000F1FC94F844506DB2002D15DD04F11009C3
:1054900004E06B1E13F0FF0F5DB20DD02369484688
:1054A00053B101F0D3F80028F3D001F061F96B1E7D
:1054B00013F0FF0F5DB2F1D1FF2384F8443001F007
:1054C000DBFC00F08BFE002853D14FF08053C8F86E
:1054D000043040BFBFF34F8FBFF36F8F49E001F03F
:1054E000C1FC94F845506DB2002D05DC12E06B1E36
:1054F00013F0FF0F5DB20DD0636A304653B101F077
:10550000A5F80028F3D001F033F96B1E13F0FF0F5C
:105510005DB2F1D1FF2384F8453001F0ADFC01F01C
:10552000A1FC94F844506DB2002D15DD04F1100972
:1055300004E06B1E13F0FF0F5DB20DD023694846E7
:1055400053B101F083F80028F3D001F011F96B1E7C
:1055500013F0FF0F5DB2F1D1FF2384F8443001F066
:105560008BFC00F03BFE01F07DFCA36B53B101F01E
:1055700083FC01F077FCA56B002D54D1019B002B1F
:105580007FF435AF01F078FC002005B0BDE8F08372
:1055900001F072FC01F066FC94F845506DB2002DEC
:1055A00005DC12E06B1E13F0FF0F5DB20DD0636AD5
:1055B000304653B101F04AF80028F3D001F0D8F892
:1055C0006B1E13F0FF0F5DB2F1D1FF2384F845305D
:1055D00001F052FC01F046FC94F844506DB2002DED
:1055E00015DD04F1100904E06B1E13F0FF0F5DB22E
:1055F0000DD02369484653B101F028F80028F3D0B4
:1056000001F0B6F86B1E13F0FF0F5DB2F1D1FF236E
:1056100084F8443001F030FC00F0E0FD01F022FCA1
:10562000A56B002DAAD0226C52B1E16863681144C9
:105630009942E16024BF2168E160384607F024FA0E
:10564000013DA56323692BB901F016FC012005B0CB
:10565000BDE8F08304F1100000F0F8FF0028F3D05B
:10566000044B4FF080525A6040BFBFF34F8FBFF3DF
:105670006F8FE9E700ED00E02DE9F043044685B0C7
:1056800000F12406019101F0EDFBA36BDFF8DC8251
:105690000027B946002B40F0D780019D002D00F077
:1056A000418102ADB9F1000F00F0DE8001F0E4FBB2
:1056B00000F0E4FC01F0D6FB94F84430FF2B04BF6B
:1056C000002384F8443094F84530FF2B04BF0023B6
:1056D00084F8453001F0D0FB284601A901F014F808
:1056E00000285FD101F0BEFBA36B002B40F0C88007
:1056F00001F0C2FB2368002B00F01B8101993046AA
:1057000000F028FF01F0AEFB94F845506DB2002D7B
:1057100005DC12E06B1E13F0FF0F5DB20DD0636A63
:10572000304653B100F092FF0028F3D001F020F88A
:105730006B1E13F0FF0F5DB2F1D1FF2384F84530EB
:1057400001F09AFB01F08EFB94F844506DB2002DED
:1057500015DD04F1100904E06B1E13F0FF0F5DB2BC
:105760000DD02369484653B100F070FF0028F3D0F4
:1057700000F0FEFF6B1E13F0FF0F5DB2F1D1FF23AF
:1057800084F8443001F078FB00F028FD002853D164
:105790004FF08053C8F8043040BFBFF34F8FBFF3C2
:1057A0006F8F49E001F05EFB94F845506DB2002D1B
:1057B00005DC12E06B1E13F0FF0F5DB20DD0636AC3
:1057C000304653B100F042FF0028F3D000F0D0FF84
:1057D0006B1E13F0FF0F5DB2F1D1FF2384F845304B
:1057E00001F04AFB01F03EFB94F844506DB2002DED
:1057F00015DD04F1100904E06B1E13F0FF0F5DB21C
:105800000DD02369484653B100F020FF0028F3D0A3
:1058100000F0AEFF6B1E13F0FF0F5DB2F1D1FF235E
:1058200084F8443001F028FB00F0D8FC01F01AFBAA
:10583000A36BEBB101F020FB01F014FBA36B4FF065
:105840000109002B3FF429AF2268013BA363002A22
:1058500000F088802369002B74D101F00DFB012733
:10586000384605B0BDE8F083284600F041FF1DE74B
:1058700001F002FB002F4AD1384605B0BDE8F083A5
:1058800001F0FAFA01F0EEFA94F845506DB2002DED
:1058900005DC12E06B1E13F0FF0F5DB20DD0636AE2
:1058A000304653B100F0D2FE0028F3D000F060FF84
:1058B0006B1E13F0FF0F5DB2F1D1FF2384F845306A
:1058C00001F0DAFA01F0CEFA94F844506DB2002DEE
:1058D00015DD04F1100904E06B1E13F0FF0F5DB23B
:1058E0000DD02369484653B100F0B0FE0028F3D034
:1058F00000F03EFF6B1E13F0FF0F5DB2F1D1FF23EE
:1059000084F8443001F0B8FA00F068FC94E701F044
:10591000A9FA616A19B1236B1968C1F105016068C0
:1059200000F0CEFF01F0A8FA0027384605B0BDE828
:10593000F08301F097FA606800F04CFF074601F031
:105940009BFADBE604F1100000F080FE002884D012
:10595000064B4FF080525A6040BFBFF34F8FBFF3EA
:105960006F8F7AE700F0E6FF606073E700ED00E01C
:10597000104B5A68904208D0DA68904208BF012262
:1059800004D090F8463093B170470022002110B443
:1059900003EBC20443F8321090F84630616013B153
:1059A0005DF8044B70475DF8044BFFF7C3B9FFF790
:1059B000C1B900BF98950020074B1A681AB19A68C0
:1059C00002B17047012210B403EBC20443F8321055
:1059D00060605DF8044B70479895002070B50446F0
:1059E0000E46154601F03EFA94F84430FF2B04BFF2
:1059F000002384F8443094F84530FF2B04BF002383
:105A000084F8453001F038FAA36B002B45D001F043
:105A100029FA94F845506DB2002D15DD04F12406E5
:105A200004E06B1E13F0FF0F5DB20DD0636A3046C9
:105A300053B100F00BFE0028F3D000F099FE6B1E6E
:105A400013F0FF0F5DB2F1D1FF2384F8453001F070
:105A500013FA01F007FA94F844506DB2002D15DDE9
:105A600004F1100604E06B1E13F0FF0F5DB20DD0C1
:105A70002369304653B100F0E9FD0028F3D000F06F
:105A800077FE6B1E13F0FF0F5DB2F1D1FF2384F898
:105A90004430BDE8704001F0EFB92A46314604F1C8
:105AA000240000F093FDB2E72DE9F041044601F037
:105AB000D9F9344A344D1368013313602B68002B35
:105AC00030D0324E336833B3E36A31483149076826
:105AD0000A689F4238BF03602F48013203EB8303FB
:105AE0000A6000EB8300E263211D02F05FF801F021
:105AF000C3F933686BB12A68E36AD26A9A4208D262
:105B0000264B4FF080525A6040BFBFF34F8FBFF318
:105B10006F8FBDE8F0812A68E36AD26A9A4298BF23
:105B20002C60D2E72C601368012B02D0E36A174E79
:105B3000CBE71948DFF89080194F144E02F026F891
:105B4000184802F023F8184802F020F8174802F02D
:105B50001DF8174802F01AF8404602F017F83846C8
:105B600002F014F8134802F011F8134802F00EF88E
:105B7000124802F00BF8124B124AC2F800801F6064
:105B8000E36AA2E7A489002034890020048A002067
:105B9000B8890020B48900204089002000ED00E091
:105BA000D089002054890020688900207C89002049
:105BB00090890020F08900201C8A0020088A00209B
:105BC0003C89002038890020BC8900202DE9F84359
:105BD000DDE909C4002C66D0BCF1000F60D00D4691
:105BE000960098460223324684F85130A521074694
:105BF000C4F830C0604606F06FFF2A7884F834207D
:105C0000236B2978321F1A4422F0070601B36B7800
:105C100084F835306B78DBB1AB7884F83630AB780C
:105C2000B3B1EB7884F83730EB788BB12B7984F80B
:105C300038302B7963B16B7984F839306B793BB1AB
:105C4000AB7984F83A30AB7913B1EB7984F83B3017
:105C5000089D042D28BF04254FF00009E562656406
:105C6000201D84F83B90C4F8489001F09BFFC5F1DB
:105C7000050504F1180001F095FFC4F84C90424668
:105C80003946A561246184F850906462304601F081
:105C9000ADF820602046FFF707FF2046BDE8F883F7
:105CA0006046BDE8F8832046BDE8F8832DE9F0475B
:105CB0009600804630460D469946FFF727F80028A3
:105CC00062D007465420FFF721F8044600285FD031
:105CD00000230763324684F851303846A52106F088
:105CE000FBFE2B7884F834302B78D4F830A003B343
:105CF0006B7884F835306B78DBB1AB7884F836306C
:105D0000AB78B3B1EB7884F83730EB788BB12B7983
:105D100084F838302B7963B16B7984F839306B793A
:105D20003BB1AB7984F83A30AB7913B1EB7984F8B5
:105D30003B30089D042D28BF04250027E5626564DB
:105D4000201D84F83B70A764043E01F02BFFC5F1D1
:105D5000050504F11800564401F024FFE764A5612D
:105D600026F0070084F85070246164624A46414678
:105D700001F03CF8099B206003B11C602046FFF74E
:105D800093FE0120BDE8F0874FF0FF30BDE8F087BB
:105D90003846FEF7CFFF4FF0FF30F3E770B504460B
:105DA000534E01F05FF8002C00F08280251D28463C
:105DB00001F024FFA36A1BB104F1180001F01EFFDB
:105DC00029464C484C4D01F0F1FE94F85030012B1F
:105DD00004BF002384F8503001F04EF82B68002BEC
:105DE00057D13368A34200D070BD2B68002B66D119
:105DF0004049424A0968126891426AD0404B1B6888
:105E0000002B68D13F4A13603268336812681B6BFD
:105E10009A4266D93C4C3D4B226802EB82008000DE
:105E20009100185828BB501E00EB8005AD00810082
:105E30005D59002D53D1901E00EB8005AD0081000F
:105E40005D59002D4BD1D01E00EB8005AD008100C7
:105E50005D59002D43D1101F00EB8005AD0081007E
:105E60005D59002D3BD1053A02EB82008000910084
:105E70001858114403EB81000346416849684160AA
:105E80000833994204BF49684160CB68336022609F
:105E900070BD00F0E7FF1E4B1A68126852B11A6815
:105EA0001C4BD268D26852681A6000F0E5FF98E790
:105EB00034687BE7174B4FF0FF321A60F5E7164B5B
:105EC0004FF080525A6040BFBFF34F8FBFF36F8FC8
:105ED00070BD336070BD0B4B01221A6070BD02466D
:105EE000C7E730683168343101F0D6FB92E700BF74
:105EF00034890020088A0020048A0020A489002018
:105F0000B0890020348A0020B88900204089002010
:105F100038890020E889002000ED00E098B130B514
:105F20001D4D2B68834283B004460AD000F09AFFCF
:105F30001A4B62699A4207D003B0BDE8304000F0C6
:105F40009BBF03B030BD7047A36A154A9342F3D09C
:105F5000002BF1D1211D0846019101F04FFE114A9D
:105F6000E36A1068019983420F4888BF136003EB0E
:105F7000830300EB830001F019FE2B68E26ADB6A01
:105F80009A42D9D3094B4FF080525A6040BFBFF3B9
:105F90004F8FBFF36F8FCFE734890020088A00202E
:105FA000F0890020B88900204089002000ED00E041
:105FB00070B584B0002503AA02A901A8CDE9015556
:105FC00001F06EFB019C002C46D00298002843D0C3
:105FD000039E20630223B6003246A52184F8513087
:105FE00006F07AFD206B1F4B6363043E0644C4E950
:105FF0001155201D84F8385084F83B50E56201F0BB
:10600000D1FD04F1180001F0CDFD26F007060523AF
:106010001549A3612A46E56430462461646284F828
:10602000505000F0E3FE20602046FFF73DFD0F4B8F
:106030001C6000F0EFFD012811D1402383F311888B
:106040000B490C4A0C4B4FF0FF340C6010601D6084
:1060500000F0E2FE04B070BD044B00221A6004B0F0
:1060600070BD00BF49444C4581630300E4890020B2
:10607000E8890020048A0020308A0020024A136840
:1060800001331360704700BFB0890020014B1868CE
:10609000704700BF308A0020024A1368184410601D
:1060A000704700BF308A00202DE9F04F404B1B683D
:1060B00083B0002B46D13F4B1E6801361E60002E78
:1060C0004ED0DFF808B1DBF80030B3425FD83A4F6A
:1060D0003B681D68002D65D0DFF8F480DFF8F4A080
:1060E000DFF8F490002522E0019101F087FDA36A1A
:1060F000019904F1180013B101F080FD0199E36AE0
:10610000D8F8002003EB830093420AEB800088BF9D
:10611000C8F8003001F04AFDD9F800203B68E16A78
:10612000D26A1B68914228BF0125002B3AD03B68F8
:10613000DB68DC686368211D9E420846D4D2CBF838
:10614000003004E01D4A13680133136000251C4B26
:106150001B68002B0CBF2846012003B0BDE8F08F60
:10616000154B184A1868184914681C6010600A68B2
:1061700001320A601A6812685AB9DFF850B04FF05D
:10618000FF33CBF80030DBF80030B3429FD9002555
:10619000DDE71B68DFF834B0DB68DB685B68CBF8F1
:1061A000003090E74FF0FF33CBF80030CFE700BF6F
:1061B000B0890020308A002038890020AC89002076
:1061C000348A00203C890020EC890020E8890020E6
:1061D000B889002040890020348900202DE9F04F43
:1061E00083B000F03FFE3A4B1A68013A1A601B6810
:1061F000002B55D1374B1B68002B51D0364D2B68E7
:10620000002B62D0354EDFF8EC80354FDFF8E89098
:106210004FF0010AEB68DC6804F1040B04F118008C
:1062200001F0ECFC584601F0E9FCE36A326803EB4C
:1062300083009342594608EB800088BF336001F029
:10624000B5FC3B68E26ADB6A9A4231D3C9F800A028
:106250002B68002BDED1234B1A681268002A2FD03E
:106260001A68214BD268D26852681A601F4E34688F
:1062700044B10125FFF718FF08B1C9F80050013CEF
:10628000F8D13460D9F8003053B1194B4FF0805237
:106290005A6040BFBFF34F8FBFF36F8F012000E004
:1062A0000020019000F0E8FD019803B0BDE8F08FF8
:1062B0002B68002BAED10B4B1A681268002ACFD185
:1062C000094B4FF0FF321A60D0E7DFF82C90CDE792
:1062D000B0890020A4890020F0890020B88900201E
:1062E0003489002038890020E8890020AC8900200A
:1062F00000ED00E040890020348A002070B548B9E4
:10630000184B4FF080525A6040BFBFF34F8FBFF31E
:106310006F8F70BD144A15491368154D0133136012
:106320000E6804462868043001F068FC2B68A41944
:106330005C600FD20F4B18682968043101F046FCED
:106340000D4B1A68944238BF1C60FFF747FF0028C6
:10635000D6D070BD094B18682968043101F036FCAD
:10636000F3E700BF00ED00E0B0890020308A002094
:106370003489002038890020E88900203C890020E9
:106380002DE9F84F3A4CDFF804913A4D3A4EDFF8D8
:1063900000813A4FDFF8FCB02368EBB100F062FDFA
:1063A000D9F80C30D3F80CA00AF1040001F026FC57
:1063B0002B68013B2B602368013B236000F05CFDF0
:1063C0009AF85130002B34D0012BE5D15046FEF71E
:1063D000B1FC2368002BE1D13368012B08D94FF0C1
:1063E0008053CBF8043040BFBFF34F8FBFF36F8FA4
:1063F00000F0E8FED8F800301BBB3B68DB6A002BDE
:10640000CAD13368012BC7D81D4B1E4A1B681268BE
:106410009B1A012BC0D91C4A136801331360D8F8AA
:106420000030A3B13B68DB6A03B93368FFF7D6FEDF
:10643000B2E7DAF83000FEF77DFC5046FEF77AFC52
:10644000AAE73B68DB6A002BA6D13368A4E73B6868
:10645000DB6A002BEAD13368012BE7D8084B1868B8
:10646000084B1B68C01A0128E0D900F075FDDDE774
:10647000A8890020A48900204089002034890020B8
:10648000E8890020308A0020B08900201C8A002082
:10649000B889002000ED00E0294B1B681BB1294B97
:1064A00001221A607047274A70B5274C1360226892
:1064B000236812681B6B9A423CD9244D244B2A68EE
:1064C00002EB820080009100185808BB501E00EBC0
:1064D0008006B60081009E5956BB901E00EB8006D8
:1064E000B60081009E591EBBD01E00EB8006B60090
:1064F00081009E59E6B9101F00EB8006B6008100AE
:106500009E59AEB9053A02EB8200800091001858FE
:10651000114403EB81000346416849684160083338
:10652000994204BF49684160CB6823602A6070BD0E
:106530000246EDE720682168343101F0ADF8BCE790
:10654000B0890020348A002034890020B8890020D6
:106550004089002070B5174D2B680C4603F11801D7
:1065600001F034FB144B1E682868043001F046FB30
:10657000631C17D02B68A4195C6007D30F4B1868F5
:106580002968BDE87040043101F020BB0C4B18684D
:106590002968043101F01AFB0A4B1A68944238BF8B
:1065A0001C6070BD29680848BDE87040043101F0E6
:1065B000FDBA00BF34890020308A00203C890020C9
:1065C00038890020E8890020088A002070B5194D1C
:1065D0002B6816460C4603F1180101F0E7FA164B3A
:1065E0005EB11B682868043001F008FB2968134875
:1065F000BDE87040043101F0D9BA1E682868043043
:1066000001F0FCFA2B68A4195C6007D30C4B1868E6
:106610002968BDE87040043101F0D8BA094B186808
:106620002968043101F0D2FA074B1A68944238BF46
:106630001C6070BD34890020308A0020088A002048
:106640003C89002038890020E889002030B5C368E3
:10665000DC6804F1180583B0284601F0CFFA1C4B22
:106660001B683BBB211D0846019101F0C7FA194A7E
:10667000E36A106801998342174888BF136003EBEF
:10668000830300EB830001F091FA144BE26A1B686C
:10669000DB6A9A4282BF124B01201860114B1A68C4
:1066A000126898BF002052B90F4B4FF0FF321A60AA
:1066B00003B030BD0D48294601F078FAE5E71A68C5
:1066C000094BD268D26852681A6003B030BD00BF6F
:1066D000B0890020B889002040890020348900203A
:1066E000348A002038890020E8890020F0890020C1
:1066F000034A044B12681B68C0E90023704700BFBF
:10670000EC890020308A0020F0B50D4683B00446A5
:1067100000F0A8FB2B68144A591C10681DD0DFF844
:106720004CC0D4E90061DCF80070BE4208D0814260
:1067300006D80120019000F09FFB019803B0F0BD46
:10674000471ABB420BD91B1A0B44DCF80010126825
:106750002B600020C4E90012ECE70020EAE70023E8
:106760002B600120E6E700BF308A0020EC89002082
:10677000014B01221A607047348A0020094B1868C7
:1067800018B9094B1B6813B1704700207047074ABE
:10679000074B10681B68013B984214BF0120022080
:1067A000704700BFF0890020348A0020088A00204A
:1067B000A4890020054B1B6833B1054B1B68002BD7
:1067C0000CBF02200020704701207047048A00207F
:1067D000B089002070B5044682B0C8B11D4DC36AAF
:1067E0002A68D26A934215D28269002A04DB2A6899
:1067F000D26AC2F105028261174E626903EB83031C
:1068000006EB83039A420ED02B68DB6AE362012019
:1068100002B070BD2B68406CDC6AA0422CBF002027
:10682000012002B070BD211D0846019101F0E6F97A
:106830002A680A4BD06A1A680199E062904200D92E
:10684000186000EB800006EB800001F0AFF901203A
:10685000DEE700BF3489002040890020B88900208D
:1068600068B130B5836CC16A426C013B914283B020
:106870000446836400D023B1002003B030BD002063
:106880007047011D0846019101F0B8F90A4A636C8E
:106890001068E3628342094888BF1360C3F10505AD
:1068A00003EB830300EB83000199A56101F07EF9FE
:1068B000012003B030BD00BFB8890020408900200E
:1068C00070B130B5426CC36A914238BF11468B42F9
:1068D00083B0044602D0826C012A02D003B030BDDE
:1068E00070478269114DC162002A03EB830342693C
:1068F000A8BFC1F1050105EB8303A8BF81619A42DE
:10690000ECD1011D0846019101F078F9084BE06ACD
:106910001A680199904288BF186000EB800005EB6F
:10692000800003B0BDE8304001F040B9408900204C
:10693000B8890020044B1A681AB119688A6C0132B0
:106940008A641868704700BF348900202DE9F0433D
:106950001D4EDFF87C9085B04FF000080CE0DB683E
:10696000DC681F68251D284601F048F9636A204647
:106970009847E369012B0AD033681A68002AEED1E0
:10698000124A11683160136005B0BDE8F083A36955
:106990003B449F42294610D3D9F80030002BEBD05E
:1069A000CDE900870294FFF705FF0023D9F8000026
:1069B0001A466946FEF770FADEE7306863602461C4
:1069C00001F004F9D8E700BF388A00203C8A002093
:1069D000BC8C00202DE9F04F894E8A4CDFF82C82C8
:1069E000894DDFF82CA28BB03368D3F800B0BBF12F
:1069F000000F00F0A980DB68D3F800B0FFF73EFB82
:106A0000FFF744FB22688242814600F2AE80834554
:106A1000206040F2BF8000222868ABEB0901FEF73E
:106A2000DDFFFFF7DBFB40B94FF08053CAF80430BD
:106A300040BFBFF34F8FBFF36F8F2868002202A9BA
:106A4000FEF7BEFC0028CFD0029B002B73DBDDF8E5
:106A50001090D9F814301BB109F1040001F0CEF800
:106A6000FFF714FB236898420746C0F08580029B1D
:106A70002760092BE1D801A252F823F0A56A030090
:106A8000A56A0300A56A03003B6A0300FF6A0300CE
:106A9000276B0300A56A0300A56A03003B6A030095
:106AA000FF6A03000398D9F81830C9F81090C2188B
:106AB0002CBF01210021BA42C9F804205FD8381A3E
:106AC000834228D8D9F8243048469847D9F81C3052
:106AD0002868012BB2D10028B0D0D9F81820039B28
:106AE00000211344CDE907390691FFF763FE002327
:106AF00028681A4606A9FEF7CFF928689EE7039B87
:106B0000C9F81090DA19BA42C9F81830C9F8042047
:106B100039D8002B91D0D8F8000009F1040101F018
:106B200055F828688AE799F82C30002B85D148461B
:106B3000FEF700F981E7039BDDE904019847029B1A
:106B4000002BFFF67AAF82E7FFF798FAFFF79EFA7D
:106B500022689042814608D3D8F80020C4F80090FB
:106B60001268B2FA82F2520956E7FFF7EFFEC4F854
:106B70000090FFF733FB60E7FFF7E8FE77E7B842E6
:106B800001D900299ED0306809F1040101F01EF8F6
:106B9000286853E7FFF722FB3268D268D768391DAF
:106BA0000846019101F02AF8F8690199012803D0FB
:106BB0007B6A3846984740E7BA693F610BEB0200B1
:106BC0004845786003D9306801F000F8F0E7A9EB98
:106BD0000B039A420FD82B68002BE9D00023CDE994
:106BE000063B0897FFF7E6FD002328681A4606A92A
:106BF000FEF752F9DCE7D8F8000000F0E7FFD7E72E
:106C0000388A0020688C0020BC8C00203C8A002040
:106C100000ED00E0F0B51F4C89B000F023F92568C5
:106C2000F5B100F029F92068C0B1002407AA06A92F
:106C300005A8CDE9054400F041FDDDE9053102225A
:106C4000CDE900210293079A134914482346FEF721
:106C5000BDFF134B1860001B18BF012009B0F0BD29
:106C6000104F114E384600F091FF304600F08EFF75
:106C70000E4A0F4900950F4B17600E600E4A102107
:106C80002020FEF765F820600028CAD00B49FEF7E7
:106C900093FEC6E7BC8C00207C050400D569030088
:106CA000C08C0020408C0020548C0020388A0020AA
:106CB0003C8A00206C8C0020408A0020740504006F
:106CC0002DE9F04F074685B03020884616461D4610
:106CD000FEF71CF80446A0B1DFF8849000F0C2F87B
:106CE000D9F800308BB100F0C7F80E9B6362C4E99D
:106CF000068627602562201D00F054FF002384F8DB
:106D00002C30204605B0BDE8F08FDFF858B0DFF832
:106D100058A00393584600F039FF504600F036FF64
:106D20000A4A0B49039B00932020C2F800B0C1F827
:106D300000A0084B084A1021FEF70AF8C9F8000025
:106D40000028D0D00549FEF737FECCE7388A00206E
:106D50003C8A00206C8C0020408A002074050400CE
:106D6000BC8C0020408C0020548C002050B5144E68
:106D7000346885B0C4B10529CDE9001202900BDC5E
:106D8000FFF718FD022812D0002330681A46694622
:106D9000FEF782F805B050BD1A462046002369462A
:106DA000FEF760FA05B050BD204605B050BD306812
:106DB000089A00236946FEF76FF805B050BD00BF82
:106DC000BC8C002010B5044682B000F04BF860691E
:106DD000003818BF0120019000F04EF8019802B071
:106DE00010BD00BF402383F31188FEE730B46FF07D
:106DF0000203084C40F80C4C4FF0807540F8045CDE
:106E000040F8081C40F8202C40F8243C30BC4438A2
:106E1000704700BFE56D03000F4C08B5E02384F810
:106E2000223000F07BF80D4B0D4A00211960D4F898
:106E3000883043F47003C4F88830536843F040430B
:106E40005360236943F01003236100F069F9402384
:106E500083F31188FEE700BF00ED00E0C48C002042
:106E600030EF00E0402383F31188024A13680133B6
:106E700013607047C48C0020034A1368013B136001
:106E80000BB983F311887047C48C002041DF704731
:106E900012DF704770B51D4B00221A6082B01B686C
:106EA0000193019BEFF31186402383F31188184966
:106EB000184BD1F804451A601B680093009BFFF73C
:106EC000E5F8201A20F07F4323F0010320F07F45EE
:106ED0009BB96C1E6DB10025FFF7E6F8013C631C01
:106EE00045EA0005F8D125B10B4B4FF080525A60AE
:106EF00040BF86F3118802B070BDFFF75BFC02282B
:106F0000E7D0FFF7D1F80546EDE700BF401101409B
:106F1000001001400011014000ED00E00B4B0C4956
:106F200030B41F200B4DC3F8080501220224E020D5
:106F3000C3F804232A601A60C3F8444381F811039C
:106F40004FF400330B6030BC704700BF00100140AD
:106F500000E100E0081001402DE9F041054684B051
:106F6000EFF3108272B6634CA36883B9624B634837
:106F70000121A160D3F8801001402160C3F8800096
:106F8000D3F8841061604FF0FF31C3F8841002B968
:106F900062B65B4ED6F80485FFF7F0FB78B3594F25
:106FA000594AAF4228BF2F4607EB080323F07F431F
:106FB00001214FF0000CC6F80813C6F84035C2F89E
:106FC00000C0136801934FF480330198C6F804336E
:106FD000BFF34F8F25BBC6F80833156012684B4BC3
:106FE0000392039A1D601B680293434B029AC6F8F2
:106FF00004134FF40032D6F80415C3F88021A368B7
:107000005BB1EFF3108272B63B4B21681960616887
:1070100059600023A36002B962B604B0BDE8F081F4
:10702000F1EE103A23F09F03E1EE103AF1EE103A40
:10703000314D4FF480634022C5F8842103A8C5F880
:1070400084318DF80CC0FFF723FF9DF80C30002B26
:107050004DD12B4620BFD3F80011D3F804210A43A9
:10706000F8D0274B2848294A4FF48031C3F8081339
:107070000021016000680390039811601268029279
:1070800001220299C3F80423D3F804351A4AA3EB6A
:10709000080828F07F48474528BF47464FF400338B
:1070A000012FC2F8803120D9781EFEF7F5FF184B6A
:1070B000DB68DA010FD5174A1368DB070BD5164BCF
:1070C000516803FB07F7A7F57427A7F51077BF0AE8
:1070D00001EB87175760FEF7E7FF00288FD00F4BB3
:1070E0004FF080525A6040BF89E7F4D087E7FFF73E
:1070F000CDFEB6E7AC95002000E100E0FC06FFBD48
:1071000000100140FDFFFF0040110140001101404F
:10711000F0ED00E0001000E040420F0000ED00E064
:107120000748006880F3088862B661B6BFF34F8FE6
:10713000BFF36F8F4FF0E00080F3118800DF00BFD6
:1071400000700200064B19680868B0E8F04F80F341
:107150000988BFF36F8F4FF0000080F311887047EC
:1071600034890020EFF30980BFF36F8F144B1A6846
:107170001EF0100F08BF20ED108A20E9F04F1060BC
:107180004DF8043D4FF0400080F31188BFF34F8F5E
:10719000BFF36F8FFFF780F94FF0000080F3118885
:1071A00008BC19680868B0E8F04F1EF0100F08BF5F
:1071B000B0EC108A80F30988BFF36F8F704700BF6F
:1071C00034890020704700BF0A490B4A0B4B9B1AB9
:1071D00003DD043BC858D050FBDC094809494FF097
:1071E000AD32026004300439FBD100F08DF9F0F7C4
:1071F0002FF80000982A040000600020806300201F
:1072000000F8032000080000FEE7FEE7FEE7FEE7C7
:10721000FEE7FEE7FEE7FEE7FEE7FEE708B5002033
:10722000F3F790F8F0F796F8114BBBB1114B63B13F
:10723000F0F7CAF900F020FAAFF30080F0F7C4F9D4
:1072400000F01AFAAFF30080F2E7F0F7BDF900F0B2
:1072500013FAF0F7B9F900F00FFAF6E7F0F7B4F91E
:1072600000F00AFAF0F7B0F900F006FAF6E700BF0E
:10727000000000000000000000B583B000F05CFBDF
:10728000FDF734FC0E4B019301230E4900934FF49C
:10729000806200230C48FEF709FD4FF4407000F0B7
:1072A00011FBFEF785FEBFF34F8F0849084BCA68F4
:1072B00002F4E0621343CB60BFF34F8F00BFFDE7E2
:1072C000C88C0020840504001D72030000ED00E05E
:1072D0000400FA0538B507480C461546F3F7F0F9EF
:1072E00000B938BD2A4621460248BDE83840F3F7C8
:1072F000FBB800BF446C0020FDF7D8BCFDF7F0BC24
:10730000084A094908B513681844884202D8106031
:10731000184608BD05F04AFB0C2303604FF0FF330D
:10732000184608BD8C61002000F80320114B1A7824
:10733000EAB90178104810B40A464FF0804402F0D0
:107340000102C1F34001C4F88015C4F87825026831
:10735000D20706D4E021012280F80013C0F8802172
:107360000260012205485DF8044B1A70704704481A
:10737000704700BFA895002000E100E00000AD0BC1
:107380000C00AD0B0C4B012230B4C3F88020BFF3CE
:107390004F8FBFF36F8F094C094D0A490A4A0023EA
:1073A0004FF0804023604FF460742B60C0F80843B6
:1073B00030BC0B601370704700E100E0CC8C002003
:1073C000D08C0020D48C0020A8950020044B0268AB
:1073D0004FF080414FF46070C1F808031A607047A5
:1073E000D48C00204FF080434FF46072C3F8042324
:1073F000704700BF4FF080434FF46072C3F808231A
:10740000704700BF044B4FF080414FF46070002282
:10741000C1F808031A607047D48C002010B54FF0F3
:10742000804386B0D3F80443620705D5D3F808211A
:1074300003F58473002A4ED1A30603D52A4B1A689C
:10744000002A3FD1600603D5284B1A68002A2FD1A5
:10745000210602D5264B1A680ABBE20502D5254B48
:107460001A6892B9A3050ED5234B1A685AB10022A7
:107470001A601A68214B0592059A1B68022006B013
:10748000BDE81040184706B010BD00221A601B4A24
:107490001B68049301201368049A9847E2E70020D0
:1074A0001860164A1B6803931368039A9847D4E739
:1074B00000221A60124A1B68029301201368029A84
:1074C0009847C5E7002018600D4A1B6801931368B0
:1074D000019A9847B6E700221A600A4A1B6800938F
:1074E0001368009A9847A7E714010040180100406C
:1074F0001C0100402001004024010040D48C0020E9
:10750000D08C0020CC8C0020534B1B685A1C16D00A
:10751000524A082B12680ED0514AD2F8883043F4F0
:107520007003C2F88830BFF34F8FBFF36F8F4D4B9E
:107530004D4A1A607047032A2CD9082288E04B4A2A
:107540004B4B12781B68082A4FEA1313E4D113F04F
:107550000C0F1FD0454A464B12781B68082A4FEA89
:107560001313D9D113F00C0F27D0414B3F4A1B689E
:107570001278C3F30313082ACED1032BCCD84FF0D3
:107580008043D3F80024D20744BF6FF00102C3F850
:107590000024C1E7304A11684FF080430022481CA4
:1075A000C3F80C21C3F81021C3F83825D2D02B4BD7
:1075B00008291A68B0D1032ABFD84FF080522D4B4A
:1075C000D2F80414C3F82015D2F80814C3F824150F
:1075D000D2F80C14C3F82815D2F81014C3F82C15DF
:1075E000D2F81414C3F83015D2F81814C3F83415AF
:1075F000D2F81C14C3F84015D2F82014C3F844156F
:10760000D2F82414C3F84815D2F82814C3F84C153E
:10761000D2F82C14C3F85015D2F83014C3F854150E
:10762000D2F83414C3F86015D2F83814C3F86415CE
:10763000D2F83C14C3F86815D2F840140648C3F8D1
:107640006C15D2F844140268C3F87015511C8CD024
:10765000024B1B688FE700BF30010010340100109F
:1076600000ED00E0906100200090D003E00F00F0FA
:10767000E80F00F000C0004008B5F2F769FE054BC6
:107680004FF080525A6040BFBFF34F8FBFF36F8FF0
:1076900008BD00BF00ED00E0704700BF704700BFAD
:1076A000044B036010B46423034C0C605DF8044B7E
:1076B00013607047D88C00202C8D0020054B036090
:1076C00010B44FF48073044C0C605DF8044B1360ED
:1076D000704700BFBC8E0020108F002070B51F4D7A
:1076E00084B028684FF0FF3203A9FDF769FE002837
:1076F000F7D0039C237A6668052B0CD8DFE803F0EB
:107700002629211B1403D4E90523D4E90301E469E4
:107710000094B047039C206810B1FDF7E1FA039C88
:107720002046FDF7DDFADCE7D4E90523D4E90301BF
:10773000B047039CEFE7D4E90412E068B047039C2C
:10774000E9E7D4E90301B047039CE4E7B047039CB1
:10775000E1E7E068B047039CDDE700BF1493002039
:107760002DE9F043304B314D5B6885B0C3F308031E
:10777000019001AF53B10023286839461A46FDF73E
:1077800071FD012809D105B0BDE8F08328683946AC
:107790006422FDF781FB0128F5D0DFF89480D8F84A
:1077A0000000002240000421FDF702FB06460028ED
:1077B000E9D0DFF88090D9F80000FEF7EFFAFFF784
:1077C00051FB01E0FDF768FB002203A92868FDF7E3
:1077D000F7FD04460023642203A93046002CF1D1B2
:1077E0002868FEF7C5F82E60FFF746FBD9F80000C1
:1077F000FEF794FBD8F800300B4A28685B00C8F805
:1078000000305368C3F30803394633B12346224698
:10781000FDF728FD05B0BDE8F0836422FDF73CFBD1
:1078200005B0BDE8F08300BF00ED00E01493002038
:1078300010930020189300202DE9F8439DF8206054
:1078400005460F46904699469EB1B0000C30FDF7B4
:107850002DFA044658B10023C0F804800672036074
:1078600005B147B90EBB2046FFF77AFF0120BDE8FE
:10787000F8831020EBE73846FDF718FA80462060C1
:10788000D0B13A46294605F0FFF8002EEBD0711E24
:10789000C9B209EB8101A9F1040252F8043FAB42DD
:1078A00008BFC2F800809142F7D1B200494604F106
:1078B0000C0005F0E9F8D6E72046FDF711FA40463E
:1078C000D5E700BF70B540230B4D82B004460022BF
:1078D000184604212B60FDF76BFA084D084B019305
:1078E00006460223009307492E60A2B200230648F1
:1078F000FEF7DCF902B070BD109300201493002055
:10790000189300208C050400DD760300BFF34F8F31
:107910000549064BCA6802F4E0621343CB60BFF32B
:107920004F8F00BFFDE700BF00ED00E00400FA0547
:1079300041DF704712DF70474FF08043194AD3F898
:107940000014194830B41160D3F80054D3F800245F
:10795000164C17492A43C3F80024D4F84025026086
:1079600001224FF40030C3F818259A60C1F8800056
:10797000BFF34F8FBFF36F8F0E4C03F588334FF07B
:10798000A0454FF480304FF0FF31C3F84803C3F8EF
:1079900008035A609A60C5F80815C4F8081530BC89
:1079A000704700BF1C9300202093002000A00040DF
:1079B00000E100E00003005008B54FF080434E2284
:1079C000C3F81C25FFF7A2FF00B583B000230DF11B
:1079D00007008DF80730FFF7ADFF094B4FF48062C9
:1079E000C3F884219DF807302BB920BF40BF20BFCA
:1079F00003B05DF804FBFFF79BFF03B05DF804FBE9
:107A000000E100E020281BD83C4B53F820301F2B0E
:107A100086BF3B4A03F01F034FF0A0420E290FD848
:107A2000DFE801F0655F59534D474039322B241D83
:107A3000160F080003F5E07340F2037142F82310BB
:107A4000704703F5E07340F2036142F8231070477A
:107A500003F5E07340F2035142F82310704703F539
:107A6000E07340F2034142F82310704703F5E073DE
:107A700040F2033142F82310704703F5E07340F2FF
:107A8000032142F82310704703F5E07340F203111D
:107A900042F82310704703F5E0734FF4403142F889
:107AA0002310704703F5E0734FF4003142F82310C0
:107AB000704703F5E073134942F82310704703F54C
:107AC000E073114942F82310704703F5E073042175
:107AD00042F82310704703F5E0730C2142F823109D
:107AE000704703F5E073032142F82310704703F554
:107AF000E073002142F82310704700BFF004040037
:107B000000030050040002000C00030020280FD8DE
:107B10000B4B53F820301F2B86BF0A4A03F01F037C
:107B20004FF0A04229B1012101FA03F3C2F8083550
:107B30007047012101FA03F3C2F80C35704700BF0A
:107B4000F004040000030050202817D80D4B53F810
:107B500020101F298ABF0C4A4FF0A04201F01F01DC
:107B6000D2F8140501238B40034214BFD2F8041548
:107B7000D2F810150B4202D1C2F808357047C2F88E
:107B80000C357047F00404000003005000F10803B6
:107B90004FF0FF310022C0E903338160026043608F
:107BA000704700BF00230361704700BF436802684D
:107BB00010B49C688C609C684B6001326160996075
:107BC0005DF8044B08610260704700BF30B40D6877
:107BD0006B1C10D000F108031C465B681A68AA42AF
:107BE000FAD902684B60013299608C60616008616B
:107BF00030BC0260704704696368F2E7036910B43F
:107C0000D0E901125C688A608442516008BF5A6002
:107C10001A685DF8044B0021013A01611A60186886
:107C2000704700BFF0B5054699B01F4600230E46C9
:107C3000144605A819460322D5F8D05001F062F980
:107C400038BB0146AD00082303AA05A8CDE90345CA
:107C500001F098F9E8B9611905A801F0B7F9C0B9C0
:107C600037B923461022314605A801F0C7F980B97B
:107C700005F1100302A9019100941946324605A8A6
:107C8000029301F0F9F9044B002818BF184619B007
:107C9000F0BD014819B0F0BD360CF0002DE9F04FF1
:107CA000864C80469E460F4694460FCCB7B00DF1E9
:107CB0001C0A55460FC594E80F0004F1100685E82C
:107CC0000F000FCE0FAD0FC596E80F00303485E8DA
:107CD0000F000FCC17AD0FC50FCC0FC594E80F00E8
:107CE000D8F8D040CDF80CE0042C85E80F0001D086
:107CF000082C6BD1409A231DB2EB830F4FEA830B04
:107D000003D06F4837B0BDE8F08F07EB0C019CFA49
:107D10008CF30CF118060CF109003B609BFA8BF513
:107D2000802326F00F06321A7D6038440B72002142
:107D300001F09CFD409B1B09ABF1100B00F0BB80D8
:107D4000042C47D0DDF80C90CDF808B04B4617ADA9
:107D5000B1464FF0000823ACBB461E4624E0029F0C
:107D6000CDF814A0069701F00DF9034629462046E8
:107D700010353BBB01F02AF984464FF0100E4B46FC
:107D80005A4649462046BCF1000F1BD10DEB0E07A9
:107D9000CDE90067CDF810E001F06EF9103688B932
:107DA000409BB8EB131F58D20023194602222046ED
:107DB00001F0A8F8014608F10108082305AA2046A9
:107DC0000029CCD03F4837B0BDE8F08F3E4837B0EF
:107DD000BDE8F08FDDF80C90CDF808B033460FAD5C
:107DE0004E464FF0000823ACBB46994626E0029F62
:107DF000CDF814A0069701F0C5F8034629462046A1
:107E00001035002BDED101F0E1F884464FF0100E62
:107E10004B465A4649462046BCF1000FD2D10DEBE5
:107E20000E07CDE90067CDF810E001F025F9103616
:107E30000028C7D1409BB8EB131F0ED20023194670
:107E40000222204601F05EF8014608F101080823ED
:107E500005AA20460029CAD0B4E7DDF808B0039D82
:107E60000023194601222046CDE9055B01F04AF8BE
:107E700001460028A6D1082305AA204601F082F871
:107E800000289FD105EB0B01204601F09FF8014629
:107E9000002897D1409A284601F0E8FC409B0095C5
:107EA00040A901912A462046194601F0E5F800282C
:107EB0003FF428AF86E723ACD1E700BF08060400F3
:107EC000230CF000360CF000210CF0002DE9F04FEF
:107ED0002DED028B164687B007321C46D308129D43
:107EE0000393002800F0BC800F46002900F0BF80FB
:107EF000002C54D0BDF80C108046204600F0BCFF8A
:107F00000228064640F2AA8003285DD12378032B7D
:107F100040F2A480039B681C591E0123019301F0C9
:107F2000A7FC019B0493019B76429AB206F00706D8
:107F30004FF0FF0A4AFA06FA08EE102A5E1E4FF6C4
:107F4000FF72103B5FFA8AFA2E440292059318EEF4
:107F5000101A2A464046B84700287DD133780AEAED
:107F600003033370049B102B40D0BDF8043022462D
:107F70001946284600F0ACFE022852D0029B013B75
:107F80000293E4D13E4B03990193284601F070FC23
:107F9000019B184607B0BDEC028BBDE8F08F99B28B
:107FA0002A461C46B84703460028ECD1611E7007DC
:107FB0006A5C42F080025CD16A540023184607B024
:107FC000BDEC028BBDE8F08F039B00F10709A3EB2A
:107FD000D90105EBD90001F04BFC4FEAD903B9F107
:107FE000870F019388BF102304939CE7059B05EB43
:107FF000030904EB030B07E0002BB6D0B84758BBCE
:1080000033780AEA03033370102319465A46484668
:1080100000F05EFE0346022B4A464FF01001404638
:10802000EAD1019B002BC8D0013DE918012315F8C6
:10803000012F13448D422B704FEA2323F7D1019B6C
:10804000013C2344022214F8011F0A449C4222707E
:108050004FEA2222F7D1B0E7034694E7094B92E7B3
:10806000094B184607B0BDEC028BBDE8F08F074BFB
:108070008FE7764206F0070632416A5489E700BF6F
:10808000010CF000320CF000250CF000140CF00094
:108090002DE9F0438FB0884607A91746044601F042
:1080A000A5FA054600284ED1D4F8D050042D01D0B1
:1080B000082D4ED1D4F8C4300C2B62D8B8F1000F83
:1080C00045D02E1D760106AA04ABCDE900320297F9
:1080D00007A905AB00222046059600F0DFFD002829
:1080E0003CD1069B0498D4F8C42023F00303083342
:1080F00004F1840918449200494601F0B3FBD4F816
:10810000C400069A04992B1D9E0002EB8002009683
:108110004B4620460692FFF7C1FD054650B9B8F11F
:10812000010F33D00346224649462046FFF77AFD29
:10813000B0B105462046E42101F09AFB38464FF4E1
:10814000BF5101F095FB28460FB0BDE8F0836E01EA
:10815000B9E71B4D28460FB0BDE8F083194DE9E79C
:10816000D4F8D430012243F00103C4F8D430C4F869
:10817000CC2000234846C4F8C430402101F078FBED
:10818000DCE7114D28460FB0BDE8F08331462046AC
:1081900001F06EFB2B46224649462046FFF742FD82
:1081A0000028C6D1D4F8D430084AC4F8CC8023F4CF
:1081B000803343F00103C4F8D430C4F8DC20D8E79E
:1081C000210CF000260CF000040CF000CDAB2301D4
:1081D0002DE9F04F9DB0002800F03B811646002AA3
:1081E00000F03D810D4621B98B4658461DB0BDE8D3
:1081F000F08FB14F04464FF0FF31386801F058FB63
:10820000002840F01981AD4BD4F8DC209A4216D0FA
:10821000DFF8B8B22946304601F02AFBD4F8C43062
:10822000002B40F00D81386801F05CFB0028DCD0A9
:10823000A34801F0EBFA58461DB0BDE8F08FD4F822
:10824000D430DA0740F10E81D4F8CC30113300F28B
:108250000F81D4F8D080B8F1040F05D0B8F1080F21
:1082600002D0DFF86CB2D5E7D4F8C4200C2A00F2B3
:10827000FC8004F14003029304F1840A002A00F018
:10828000FD809200514604F1480001F0EBFAD4F869
:10829000C420029908F104039B0000939200534606
:1082A0002046FFF7FBFC83460028B3D10346224655
:1082B00051462046FFF7B6FC83460028AAD104EBBE
:1082C00088090122D9F80C301BBA9B181BBAC9F8CF
:1082D0000C304FEA880B16D3D9F808301BBA9B181C
:1082E0001BBAC9F808300ED3D9F804301BBA9B1852
:1082F0001BBAC9F8043006D354F828301BBA13440B
:108300001BBA44F82830002309A81946032200F0BC
:10831000F9FD002840F0AF800146082307AA09A80C
:10832000CDE9074B00F02EFE002840F0A48049461E
:1083300009A800F04BFE002840F09D80614AD4F867
:10834000D4301A4200F0A2802B0915F00F0B0493D1
:1083500000F0998001330493CDF80CB05B469D4248
:108360000DD0EA1A11463046059201F081FA059ABD
:108370003346314609A800F041FE00287BD104F1C4
:10838000300B10220298594601F06CFA5846102121
:1083900001F06EFA102306A90191CDF800B009A8EA
:1083A0005A461946069300F067FE002863D1039AE7
:1083B000A81A3044594601F055FAD4F8D430DB05F8
:1083C00009D45A460298049B314600F0CBF9834603
:1083D00000287FF41FAFD9F80C30049A1BBAD318C9
:1083E0001BBAC9F80C3017D3D9F8083001221BBAD0
:1083F0009B181BBAC9F808300ED3D9F804301BBA41
:108400009B181BBAC9F8043006D354F828301BBA9D
:1084100013441BBA44F82830514601232246204613
:10842000FFF700FC834600287FF4F4AED4F8CC308C
:108430000133C4F8CC30F1E6234801F0E7F9E2E675
:108440000023C4F8C43004F18400402101F010FA84
:10845000E9E6DFF880B058461DB0BDE8F08FDFF8E0
:1084600078B0C2E6DFF874B0D4E6DFF874B0D1E6D5
:10847000DFF870B0CEE6DFF870B0CBE650464021B2
:1084800001F0F6F91BE71023039368E704F13003CA
:1084900018461021039301F0EBF9039B10221946B3
:1084A00009A800F0ABFD0028E5D1D4F8D43043F49E
:1084B0008033C4F8D43047E7B8950020CDAB230112
:1084C000B005040000010100980504000E0CF00046
:1084D000210CF000270CF000000CF000080CF0005C
:1084E000040CF000070CF000360CF00070B500280A
:1084F00049D00D46002943D0244E04464FF0FF31A9
:10850000306801F0D5F990BB002001F021FA50BB92
:1085100020462A460121FFF7BBFD0446012001F059
:1085200017FAB8B9306801F0DDF950B9012001F04F
:108530000FFA08B9204670BD154801F067F92046CA
:1085400070BD144801F062F9012001F001FA002821
:10855000F0D0F1E70E4801F059F9306801F0C2F9A6
:108560000028E3D0EDE70C4801F050F9D0E70B48C4
:1085700001F04CF9002001F0EBF90028C8D0F2E737
:10858000074C204670BD074C204670BDC8950020A2
:10859000E8050400B0050400C805040098050400BF
:1085A000200CF000250CF00000284CD0F0B50D4652
:1085B00089B0002938D00446E42101F059F901A915
:1085C000204601F013F810B1204809B0F0BD204F4B
:1085D0004FF0FF31386801F06BF980BB002001F0EB
:1085E000B7F940BB01A92A46204600F063FB0646C6
:1085F000012001F0ADF9D0B9386801F073F978B90C
:10860000002EE1D12046E42101F032F9294620462E
:10861000FFF76CFF0F4B002818BF184609B0F0BDDC
:108620000D4801F0F3F8EBE70C4809B0F0BD0C4839
:1086300001F0ECF8E0E70B4801F0E8F8D2E70A486F
:1086400001F0E4F8CAE70948704700BF110CF000D8
:10865000C8950020120CF000B0050400200CF000BA
:10866000E8050400C805040098050400250CF00086
:1086700030B4029D4DB1064D941EAC4202D830BCC0
:10868000FFF724BC034830BC7047034830BC704738
:10869000FDFF0700310CF000300CF00038B5044647
:1086A0004FF4806001F040F9054D06480649074A3D
:1086B00000232B6003600B682360136038BD00BF8C
:1086C000C8B102502CB1025004B1025008B102509E
:1086D0000138072805D8DFE800F00A0E0412040468
:1086E0000406094870478B698B6000207047CB688F
:1086F0008B60002070470B698B60002070474B69CE
:108700008B600020704700BF310CF1000B6802E065
:10871000082B0B6006D8426813424FEA4303F7D098
:108720000020704700487047310CF100084B094A9F
:10873000002119601368002BFCD107480749084A3B
:1087400003604FF480604FF0FF33086013607047A0
:108750002CB1025010B90250C4B1025008BA0250F4
:1087600008B10250012BF8B516461CD010221D4648
:108770000C4601F05FF8E0B1AF1E314604EB071084
:10878000102201F057F8A0B1022D0ADD0025204685
:1087900010342146102201F04DF8013548B1BD4298
:1087A000F5D10020F8BD1146102201F043F8002851
:1087B000F7D10148F8BD00BF020CF000002877D0C7
:1087C000F8B50C46002971D01D46002B6ED0064628
:1087D00022B1012200232A60C0F8D8302B68002B78
:1087E00062D029462046FFF791FF00285BD1286818
:1087F0002146FFF76DFF002855D1364B3649374AE1
:1088000001271F609C460F60CCF80070A3681360BE
:1088100011688B42F8D1324F3249334A334B4FF013
:10882000000CC7F800C004270F600A2111606FF028
:108830003A021A60079B012B4FF080533AD0D3F8CD
:10884000002C013243D0D3F8002C294BA3FB023279
:108850001209A368274C2849284F03FB02F303EBB6
:108860004303DB039B092360254B2C680C601A60D3
:10887000069A244C3A604FF48062226001224FF045
:10888000FF3441F8C44C43F80C2CD6F8D8302A6891
:1088900023F07F4343EA0263C6F8D8302A6843EAEC
:1088A0000223C6F8D830F8BD1748F8BD1748F8BD00
:1088B00016487047D3F80C2C013206D0D3F80C2C94
:1088C0000B4BA3FB0232FA40C3E71622C1E7062294
:1088D000BFE700BFC4B1025040B1025030B10250F6
:1088E0002CB102500CB1025038B1025000B102500C
:1088F000ABAAAAAAD8B10250CCB10250D0B1025052
:10890000D4B1025008BA0250310CF100350CF1001C
:10891000F0B4C900002401F1FF3C2646274606E0DA
:108920009F4216D00126654519D82C461F4663097B
:1089300004F01F0150F823301F2923FA01F304F13A
:10894000010518BF03F00103002CE9D101263546CB
:10895000EBE701369642E6D10248F0BC70470020B2
:10896000F0BC7047360CF100002861D02DE9F041D1
:108970004C1EB4F5047F27D233B32AB3CD00012BAC
:1089800005F1FF3E30D000218C460F460E4603F124
:10899000FF384C0901F01F0550F824401F2D24FA20
:1089A00005F418BF04F0010421B90126B44631468C
:1089B0002746EEE7B34213D0A74201D10CF1010CD8
:1089C000464504D1624502D21A48BDE8F0813C46D2
:1089D00001318E4506F10106EAD20020BDE8F081A2
:1089E00000264FF0010CF3E70026B4463746344624
:1089F000610904F01F0350F821101F2B21FA03F125
:108A000018BF01F001013CB15FB98C4501D061464E
:108A100008E00136614605E0012634468C46012710
:108A2000E6E73E46B242CFD30134AC42F6D1D4E7BA
:108A300000487047370CF1002DE9F04F89B01D4612
:108A4000149BDDF84CA004460E4617464BB94FF078
:108A50008053D3F8002C013200F0A980D3F800BC79
:108A600008E04FF08053D3F80C2C013200F0A280C4
:108A7000D3F80CBC7C480AF5C1622A60129A002324
:108A80004FF0FF31136000F013FF002840F08680A4
:108A9000764A774B77491060043219601368069361
:108AA000069BD907FAD5714A714B002111601B68EA
:108AB0000793043213680793079BDB07FAD56C4BC7
:108AC0006D4A1B680793DDF81C9013680793079B9A
:108AD000D807FAD5644800F005FF00285AD1654B45
:108AE000994540F0B680D4F8D43013F400790ED113
:108AF000D90512D52B68129A1B6813603BB1D4F8C4
:108B0000D4309B055BD5484609B0BDE8F08FDFF84F
:108B10007C91484609B0BDE8F08F002F00F08780B7
:108B2000564A574B1168B2681B689A4245D10A29C8
:108B300043D194F8DB3005930AF5C26A0425002777
:108B40004FF0805804A8FFF7A9FD0498820602D5CB
:108B500010F01A0039D0D4F8D810059A0B0A03F493
:108B60007F030B4323F07F43082AC4F8D83077D023
:108B7000149B4FEA420CCDE90073002205AB31464D
:108B80002046CDF814C0FFF719FE00285FD1013D43
:108B9000D8D1B4E73B4800F039FEA0E73A48DFF807
:108BA000F09000F033FE484609B0BDE8F08F4FF07A
:108BB000900B5FE74FF4047B5CE7DFF8D890FFF79A
:108BC000B5FD484609B0BDE8F08F129B5246C3F888
:108BD00000B0594600F03CFD002838D1D8F8043CDC
:108BE000129A013318BFD8F8043C116808BF51230A
:108BF0000293D8F8083C01332ED0D8F8083C0393F0
:108C00004B1EB3F5047F0FD2029A02915046FFF734
:108C10007FFE48B90299039A4FF480635046FFF7EC
:108C2000A3FE00283FF46BAF129B1F6093E723F075
:108C30000F03C4F8D430149B0122CDE900933146D0
:108C400005AB2046FFF7BAFD00283FF475AF81461B
:108C500055E7DFF83C9056E740F237330393CFE710
:108C6000DFF834904BE700BFD095002004BF0250DE
:108C700000BF025012FA12FA08BF025038B1025077
:108C800030B10250B005040098050400330CF00028
:108C9000350CF000300CF100320CF10030B4DDE99D
:108CA0000234049D02940024CDE9035430BCFFF744
:108CB000C3BE00BF10B586B005AB0124CDE90124C9
:108CC0000093002204ABFFF7B7FE06B010BD00BF53
:108CD000F0B4441831B114F8015D4E1E15B9314697
:108CE0000029F8D1D41833B114F8015D5E1E45B9DE
:108CF0003346002BF8D10D1E18BF01252846F0BCC5
:108D000070478B4222D325D84C1EA64228BF264648
:108D1000002E23DB013694190025821904E0012D71
:108D200038BF012590420BD012F8016D14F8017D77
:108D3000B742F4D3F6D9002D08BF02259042F3D1F3
:108D40008B4218BF00252846F0BC704701252846F5
:108D5000F0BC704702252846F0BC70470025EFE7BD
:108D60009942F0B50DD801EB03044FEA540467D3E0
:108D7000002C7DD04FF0000C171F2146051F6246C6
:108D800032E003F1804C0CF1FF3C051F002600EBA4
:108D90008C0C05EB810E34465CF8047FE64546EA10
:108DA0000706F9D116F1FF3744F1FF3C6FEA0C0CCE
:108DB00099420CF0010C3ED201F1804E0EF1FF3EC3
:108DC000171F02EB8E0507EB830355F8042FAB4208
:108DD00046EA0206F9D116F1FF3644F1FF32D243DA
:108DE00002F0010291B3051F002305EB810E284616
:108DF0003C46194650F8046F54F8045FAE4218BF61
:108E0000002103F0010318BF002388BF41F00101D6
:108E100038BF43F001038645ECD1A9B182F00100CF
:108E2000BCF1000F00D108408CF0010402B91C40D5
:108E300000EB4400F0BDC3B1171F19460022D3E771
:108E400000263446B446B7E7002BE7D1BCF1000F4B
:108E500003D132B160461446EAE782F001000023F4
:108E6000E2E7104613461446E1E760461C46DEE79B
:108E700020462346DBE700BF4218084630B112F80F
:108E8000013D411E1BB908460028F8D170471A065B
:108E90004FEAC00018D4590600F1FF3215D49906E4
:108EA000A0F1020211D4D906A0F103020DD41907D2
:108EB000A0F1040209D45907A0F1050205D49B07CB
:108EC000A0F1060201D4073870471046704700BF72
:108ED000A1B100EB810001E001390FD050F8043D51
:108EE000002BF9D04801A0F1200202E001389042A5
:108EF00006D0002B4FEA4303F8DA70470846704764
:108F0000704700BF78B3032A70B50E461546044675
:108F100001D9052A1CD1012E18D8ABB9022D19D0C0
:108F2000052D17D04C21204600F0A2FC052D88BF4E
:108F30004FF0FF3213D900200123C4E90826C4E909
:108F40000B00C4E90D3370BD094870BD094870BD00
:108F5000094870BD56B94C21204600F089FC074BEA
:108F600053F82520E7E74FF470007047044870BDC0
:108F70000E00F0000600F0000200F0007806040089
:108F80001200F000C8B110B50C4682B18CB9082BA4
:108F90000DD15368102B0ED1136843B101238362A6
:108FA000D2E90012103000F05DFC204610BD0448EC
:108FB00010BD044810BD044810BD4FF47000704748
:108FC0000400F0000500F0000300F00070B108B5E7
:108FD000036A013B022B05D831B1102200F042FC9C
:108FE000002008BD034808BD034808BD4FF47000C9
:108FF000704700BF0200F0000100F00038B349B331
:109000001AB338B512F00F051BD1046A24F004041A
:10901000032C01D003B31D4613462A4601F022FE5D
:1090200058B1A0F57100052818D8052816D8DFE832
:1090300000F005030A0303080A4838BD4FF4700026
:1090400038BD094838BD094838BD074870474FF456
:109050007000704706487047064838BD4FF47500E9
:1090600038BD00BF0200F0000A00F0000600F0006A
:109070000800F0000900F000F8B5079F48B30E465D
:109080000546002A35D0994239D8002F41D02B6AA5
:1090900023F00401032906991FD0002932D0396832
:1090A000B14233D3300703D0012B1CD8EB6A23B372
:1090B00011463346069A284601F0E0FE044660B3A6
:1090C000A0F57104052C37D8DFE804F00310251053
:1090D00010174FF470042046F8BDA9B139680F2964
:1090E00014D93107E4D0032BE2D1DFE7144C20463A
:1090F000F8BD0029C9D0134CEDE7134CEBE7134C36
:109100002046F8BD002ED3D0114CE4E7114C204688
:10911000F8BD114CDFE7114CDDE72B6A23F00403A7
:10912000032B01D03E60D6E706982946102200F0B6
:1091300099FB10233B60CEE74FF47504CBE700BFEB
:109140000200F0000800F0000A00F0000C00F0003F
:109150000900F0000D00F0001100F0000600F00022
:109160002DE9F84F1E460A9B002B6AD00D460029B8
:109170006FD0044600287DD0022E5ED816B10B9B1E
:10918000002B79D0D4F8B872B7F5107F4CD8D4F84A
:10919000BC127B1C994247D895F80090B9F1070F93
:1091A00053D8B9F1050F50D009F006030737022B49
:1091B0004FEAD7073CD07B00013393423BD10A985A
:1091C00007F1030B4FF45D7100F1040A2BF0030863
:1091D00000F04EFB414650463B466A1C00F002FC44
:1091E000002838D14FEA9B0B5B4659462246504631
:1091F000FFF7B6FD022855D119F0040F3ED10A9BA6
:10920000214603F194004FF4377200F02BFB4946DE
:10921000504600F06DFC0446002845D1022E45D092
:109220000A9A264B13601CE0254C2046BDE8F88FB7
:109230007B1C9342C3D0234CF7E7234C2046BDE868
:10924000F88F224C2046BDE8F88F214C2046BDE81F
:10925000F88F204CE9E7204C0A984FF45D7100F03C
:1092600007FB0B9B002BE0D04FF46371184600F016
:10927000FFFADAE7194CD8E7194CD6E70A9B7A1CB3
:109280004C334146184698462A443B4600F0AAFB18
:109290000028E0D140465B4659462246FFF760FD74
:1092A0000228ACD00C4CC0E70E4CD5E70B995046C9
:1092B00000F0FCFC0028B3D00446CDE7010000EC30
:1092C0009508F0000F08F0001108F0000E08F000FB
:1092D0000708F0000D08F0001008F0000208F00088
:1092E0001208F0003008F0002DE9F04383B001933C
:1092F00000283DD01646002A67D002681F46354B2D
:109300009A4204461BD18FB3052914D0072912D8DD
:10931000D0F84C33C56C21F0020203F10709042A8E
:1093200003F11F034FEAD9094FEA531305F0010572
:1093300022D0022907D0284803B0BDE8F08327488F
:1093400003B0BDE8F0833A6809F1010842453ED315
:10935000304645F0020500F8015B9B00221D49469E
:1093600000F096FB48BBC7F80080E5E71C48E3E740
:109370001C4803B0BDE8F0833A684FEA490808F199
:109380000108424523D3042930460CBF0D4645F061
:1093900006059B0000F8015B221D4946019300F081
:1093A00077FB50B909F10100019B04F14C023044F4
:1093B000494600F06DFB0028D5D03046396800F0F2
:1093C00057FA002308483B60B6E70848B4E7084866
:1093D000B2E700BF010000EC1508F0001A08F00029
:1093E0001708F0001408F0001B08F0001608F00041
:1093F0001808F0002DE9F04782B0DDE90A98002A4C
:109400005CD01D46002B5ED0B9F1000F5DD0B8F1E5
:10941000000F5CD0074600285BD08A46002948D060
:10942000144618464FF44C7100F022FA4FF45D7167
:10943000484600F01DFAD4F8BC621F367609B20027
:10944000013E04F1D801404605EB860600F00AFA19
:10945000002373602B1DD4F8BC220093514638467C
:109460004346FFF705F90646C8B128464FF44C714C
:1094700000F0FEF948464FF45D7100F0F9F90C9BDD
:1094800023B140F66811184600F0F2F940464FF457
:10949000537100F0EDF9304602B0BDE8F087204688
:1094A00043464A46294602F06DFE06460028E6D0AD
:1094B000DBE7094E304602B0BDE8F087074E304684
:1094C00002B0BDE8F087064EE5E7064EE3E7064E3C
:1094D000E1E7064EDFE700BF9008F0000208F00069
:1094E0000308F0000408F0000508F0009108F000FF
:1094F0002DE9F041002940D016461F460A682B4B43
:109500009A420C4631D1054600283AD00268013B08
:109510009A422ED1002E45D0002F45D0069BB3B3E2
:1095200000F194014FF4377204F1500000F082F919
:109530000435211D68BBD4F808333A680733B2EB11
:10954000D30F4FEAD3081ED3069B2846324600F0BD
:10955000DDFB0446F8B9C7F8008006984FF4537154
:1095600000F086F92046BDE8F081114C2046BDE8A8
:10957000F081104C2046BDE8F0810F4C2046BDE83C
:10958000F0810E4CF2E70E4CC7F80080EEE70D4C70
:10959000ECE70D4CEAE73968304600F069F9002342
:1095A0003B60DAE7094CE1E7094CDFE7020000EC39
:1095B0003408F0003208F0003308F0003108F00001
:1095C0003808F0003708F0003A08F0003508F000DD
:1095D0003608F0000B2804D8034B53F8203003B1B1
:1095E00018470020704700BFEC07040030B5042284
:1095F00085B00123C0F8D0200B6068460023CDE978
:109600000033CDE902330C4600F04EF80546C8B9E8
:10961000DDE90030DDE90212E360003BC4E904014A
:1096200018BF0123A26108B143F0020309B143F05E
:1096300004030AB143F00803002228466360A260D5
:1096400005B030BD014800F0E1F8E1E79006040004
:1096500030B585B004460D46104803924FF0FF31F7
:1096600000F026F9039A68B92046009501230021ED
:1096700001F0E6FF0446094800F034F938B9204605
:1096800005B030BD064800F0C1F8039AECE7054884
:1096900000F0BCF8204605B030BD00BFD0950020DA
:1096A00098050400B005040000234FF4FA714FF44C
:1096B0007A72C0E900228160C3601846704700BF1B
:1096C00010B500F031F8A0B900F01EF920B1032464
:1096D00000F070F8204610BD00F03AF9034680B95A
:1096E0000D4A1268120EF02A06D0052400F00EF979
:1096F000EEE70424204610BD0849094A0968914252
:1097000001D00624F2E7074A0120136000F020F997
:1097100004460028DED0E8E728B9025024BA0250F7
:109720000000E0200CBA025008B5184800F0A4F878
:1097300098B9174800F0A0F8B8B9164800F09CF89E
:10974000D8B9154B124A15481A6000F095F8C0B9FF
:10975000134B124A1A60002008BD124800F056F858
:109760000B4800F089F80028E7D00F4800F04EF8C9
:10977000084800F081F80028E3D00C4800F046F8D3
:10978000DFE70B4800F042F8E2E700BFD095002089
:10979000C0950020CC950020C8950020C4950020DD
:1097A000B8950020C0060400DC060400F80604009A
:1097B0001807040008B500F03BF80F4800F06AF8FD
:1097C00004210D4800F054F80C4800F063F80B48F1
:1097D000042100F04DF80A4800F05CF840B909484F
:1097E00000F058F8BDE808400648042100F040B8F1
:1097F000054800F00BF8F2E7D0950020C095002056
:10980000CC950020C4950020F8060400BFF34F8FCC
:109810000549064BCA6802F4E0621343CB60BFF30C
:109820004F8F00BFFDE700BF00ED00E00400FA0528
:10983000704700BFA2B1013A30B401398518421E09
:10984000002012F8013F11F8014F954283EA04030A
:1098500040EA0300F5D1003818BF012030BC704742
:109860001046704703F010B903F01CB903F034B987
:109870000A46002103F030B910B5044610B10020AB
:10988000206010BD0248FFF7C1FF0020206010BD1E
:109890003807040010B5044610B10020206010BD48
:1098A0000248FFF7B3FF0020206010BD3807040016
:1098B00010B5044680B10123BFF35B8F54E8002F3D
:1098C00044E800310029F9D1BFF35B8F012AF3D0BE
:1098D000BFF35F8F002010BD0148FFF797FFEAE755
:1098E0005C07040010B5044620B1BFF35F8F002071
:1098F000206010BD0348FFF789FFBFF35F8F002092
:10990000206010BD7C0704000020704700207047D5
:10991000014B1860704700BF08BA0250014B186035
:10992000704700BF04BA025010B5044630B1054B71
:1099300018680442FCD0044B1C6010BD0348FFF7BC
:1099400065FFF4E700BA025008BA02509C07040011
:1099500010B54FF0FF3104461748FFF7A9FFE8B9EB
:10996000164A54B11368A3B1012B18D0013B136000
:10997000BDE810401048FFF7B5BF106838B9104B6C
:1099800010490124C3F800450B68002BFCD10130BD
:109990001060BDE810400848FFF7A4BF10BD09499A
:1099A0000B68002BFCD106480749C0F800356FF062
:1099B0007E430B601368D9E7CC95002024930020E8
:1099C00000A0025010B9025004BA02503AB10A4441
:1099D000013812F8013D00F8013F8A42F9D1002018
:1099E000704700BF002A48D02DE9F0410446002806
:1099F00045D015465A1E053234D811F0030631D130
:109A00008B422FD8CF1C27F003028A4232D8A2EB18
:109A1000030840441A462946FFF726FF41462046E0
:109A20004FEA9708FFF724FFB8F1010F1DD0FF0898
:109A300004EB87000438231F04EB880553F8042F38
:109A400055F8041D12BA09BA834219602A60F5D18B
:109A500018F0010007D054F827301BBA44F827301B
:109A6000002000E00748BDE8F08123681BBA3046BB
:109A70002360F8E70448BDE8F081044870470348D4
:109A8000F1E700BF050DF000090DF000040DF00036
:109A900030B40AB300B3DBB113F0030518D18B4225
:109AA00016D3A9B1904208D002D91344984217D3D3
:109AB000904202D243189A4212D91144431E11F81F
:109AC000014D03F8014F8A42F9D1284630BC704756
:109AD000044D284630BC7047034D284630BC7047C3
:109AE000024DF6E7050DF000040DF000060DF00044
:109AF000F0B50446D0F848038DB000F11F062023CE
:109B0000B6F5187F00937ED20F46694601F0F0FB50
:109B1000054610B128460DB0F0BD7609334604F174
:109B20009002012101F024FD01210846052304F5DE
:109B3000127201F01DFD334622460121022001F080
:109B400017FD334604F1D8020121042001F010FD75
:109B500004F5907233460121052001F009FD424AC7
:109B600013680193019BDB07FAD5404B40493E4AFD
:109B7000196013680293029BD807FAD53B4B3D4905
:109B8000394A196013680393039BD907FAD5374BF9
:109B90003949354A196013680493049BDB07FAD5E9
:109BA000324B364A1A6007F00603022B2FD004F11D
:109BB000480233460121032001F0DAFC2A4A1368E7
:109BC0000593059BDC07FAD5284B2D49264A1960D9
:109BD00013680693069BD807FAD5244B29492A4ACD
:109BE000196013680793079BD907FAD5274A284BB2
:109BF000126812F4805F08BF1D46009801F062FCF5
:109C000028460DB0F0BD234D28460DB0F0BD01F043
:109C100069FE002826D01C4A13680893089BDB07BE
:109C2000FAD51D4B184A196813680A930A9BD8077E
:109C3000FAD51A4A1A4B11601B680993099B5F40B9
:109C4000F90708D5343A13680B930B9BDB07FAD559
:109C5000064B144A1A60314604F14800032201F011
:109C60005BFCCAE7104DC8E7B0B0025080B00250AC
:109C7000802108888041183180610888005118319E
:109C800080310C8800681051B4B0025088B0025086
:109C90001008F0000F08F0000CB00250E4B00250C1
:109CA000DCB00250C03000294021F00070B5D0E98E
:109CB000D2421F3484B0640900F148030D4601EB21
:109CC00084061F3201EBC4010391009300F5B471C7
:109CD0000346CDE901565209903000F0D3FE70B929
:109CE00030462146FFF7F4F830B921462846FFF701
:109CF000EFF808B904B070BD024804B070BD024866
:109D000004B070BD1008F0003008F0002DE9F043F9
:109D1000D0E9D2451F3485B0640903EBC40E1E465A
:109D200003EB84071F3500F148030093CDE9027E61
:109D300003460196904690306A0900F0A3FE05465E
:109D400040B130464FF45371FFF792FD284605B0FD
:109D5000BDE8F08338462146FFF7BAF860B12146E6
:109D60003046FFF7B5F838B14FEA84094A46404615
:109D70003146FFF72BFEE4E7004DE2E72008F10053
:109D80002DE9F04F97B0DDE920744FEA043E4EEA2A
:109D9000844E4EEA83149D4D44F0045C9C012E6871
:109DA0000096009EF607FAD5229DDFF86482974E52
:109DB000C8F800C0920142EA834242EA053545F004
:109DC00010454FEA834832680192019AD207FAD5CA
:109DD0008F4ADFF838C215604EEA811E4EF0104EF1
:109DE0008E01DCF800200292029AD507F9D53D03D6
:109DF00045EA8745864A854FC2F800E044EA0509EE
:109E000049F004593A680392039AD207FAD5804A76
:109E1000DFF8F8E1C2F8009044EA033C48EA0C0796
:109E200047F004574FEA033ADEF800200492049A00
:109E3000D207F9D5764ADFF8D4E117604CEA8149B8
:109E400049F010498F04DEF800200592059AD207E8
:109E5000F9D56F4ADFF8B4E1C2F8009045F010453B
:109E600045F48075DEF800200692069AD207F9D5EF
:109E7000DFF89CE1674ADFF89491CEF8005042EA9F
:109E800080124FEA801ED9F800500795079DED0714
:109E9000F9D5DFF87CB1DFF884915C4DCBF8002078
:109EA00049EA00394FEA003B2A680892089AD2072B
:109EB000FAD5574DC5F80090239A574D45EA824987
:109EC000524A12680992099AD507F9D5504A4F4D5E
:109ED000C2F800904CF0245949F400192A680A92FB
:109EE0000A9AD207FAD54A4D484AC5F800904EEA78
:109EF000030343F0484343F4821315680B950B9D0D
:109F0000ED07FAD54EEA0B05DFF804E13F4ACEF83B
:109F1000003045EA080545F0045513680C930C9B86
:109F2000DB07FAD53A4B394A1D604CEA804040F0D5
:109F3000045013680D930D9BDD07FAD5344BDFF801
:109F4000E0C0324A18604AEA0C0C13680E930E9B6C
:109F5000D807FAD52E4B2D4DC3F800C047EA01377C
:109F600046EA070C4CF004500A032B680F930F9B32
:109F7000DB07FAD5264B254D18604CF0104C2B68AA
:109F80001093109BDB07FAD5214B204DC3F800C07E
:109F90002B681193119BDB07FAD51D4B1B4D1860E5
:109FA000274347F004572B681293129BDB07FAD51F
:109FB000174B16481F60239B44EA080444EA033405
:109FC00044F0104403681393139BDD07FAD5104B3C
:109FD0000E481C60324342F0245242F410120368CF
:109FE0001493149BDC07FAD5094B08481A600E43FA
:109FF00046F0484646F4A21603681593159BDB0706
:10A00000FAD5034B1E6017B0BDE8F08FB0B0025018
:10A0100080B00250004010210041002100011021B9
:10A02000400128292DE9F04F9FB0AF4F2D9D289E6C
:10A030002C0344EA854C4CEA831C4FEA854E01947C
:10A040004CF0104C9D013C680494049CE407FAD544
:10A050004FEA801BA54F4BEA033848EA8646DFF8F3
:10A060008882C7F800C046F010461F03D8F80040A9
:10A070000594059CE407F9D5DFF87082DFF868C223
:10A080004BEA00340294C8F8006044F0245848F4C5
:10A090000018DCF800400694069CE607F9D5DFF8C6
:10A0A0004C92914EC9F8008045EA070C4EEA0C0E1E
:10A0B0004EF0104E34680794079CE407FAD5299CAB
:10A0C000DFF82892DFF82082C9F800E047EA81161D
:10A0D00046EA84468C0146F010460094D8F80040C9
:10A0E0000894089CE407F9D5009CDFF80082DFF8AB
:10A0F000F891C8F8006044EA013E4EF0245848F454
:10A100000018D9F800400994099CE607F9D52A9C63
:10A11000DFF8D891744EC9F800804FEA043A4AEA51
:10A12000844A2A9C4AEA050A4AF0104A4FEA8449BE
:10A1300034680A940A9CE407FAD52B9C47EA8446C3
:10A1400006430396694E684CC6F800A0039E46F08D
:10A15000484A4AF0C00A26680B960B9EF607FAD5C5
:10A16000624C614EC4F800A049EA0C0A4AF0104A59
:10A1700034680C940C9CE407FAD52C9C47EA84467E
:10A180000E430396594E584CC6F800A0039E2E432A
:10A1900046F0484A26680D960D9EF607FAD5019CB2
:10A1A00044EA8216514C46EA09094F4EC4F800A011
:10A1B00049F010494FEA821A34680E940E9CE40765
:10A1C000FAD54A4C484EC4F800904AEA824A4AF00E
:10A1D000104A4AF4405A4FEA824934680F940F9C5F
:10A1E000E407FAD5414E404CC6F800A02668109608
:10A1F000109EF607FAD53D4EDFF8F8A03A4CC6F8A7
:10A2000000A026681196119EF607FAD5374EDFF8A2
:10A21000E8A0354CC6F800A026681296129EF607F4
:10A22000FAD5324EDFF8D4A02F4CC6F800A04EF07D
:10A23000104E4EF4402E26681396139EF607FAD55C
:10A240002A4E2B4CC6F800E044EA804E303680049B
:10A2500034681494149CE407FAD547EA8347DFF87E
:10A260008CA0214CCAF800E04BEA070646F04846AD
:10A2700046F003064FEA834A23681593159BDB07D4
:10A28000FAD5DFF868E0184CCEF80060029B43F086
:10A29000045646F4801623681693169BDB07FAD5FE
:10A2A000124CDFF844E02660DEF800301793179B6D
:10A2B000DC07F9D50D4CDFF830E0266040F00450A3
:10A2C00040F48240DEF800301893189BDB07F9D584
:10A2D000009B054C4AEA01011943044B41F04841F7
:10A2E000186041F480410BE0B0B0025080B00250E1
:10A2F0000041009000310C90C0400C90C0302029EB
:10A3000023681993199BDE07FAD5194B1948196070
:10A3100003681A931A9BDC07FAD5154B1549C3F845
:10A32000008049EA02322A4342F010420B681B9334
:10A330001B9BD807FAD50E4B0E491A602F4347F0E6
:10A3400010470B681C931C9BDA07FAD5084B094A87
:10A350001F604CF0104141F4301113681D931D9B98
:10A36000DB07FAD5024B19601FB0BDE8F08F00BFC4
:10A3700080B00250B0B002502DE9F04F99B0DFF834
:10A3800070C2269C239D270347EA844949F0104662
:10A3900046F0800699464FEA844EDCF8003001937F
:10A3A000019BDC07F9D5914B914C1E604FEA89491E
:10A3B00049EA801949F0104646F400564FEA801ADF
:10A3C00023680293029BDB07FAD5884B884C1E60FA
:10A3D0004AEA003C4CF0245646F4001623680393E6
:10A3E000039BDB07FAD5814B814C1E604EF0104673
:10A3F00046F4025623680493049BDB07FAD5229B9C
:10A400007B4C4FEA834E4EEA811E784B4EF0104E45
:10A410001E604EF4005E8E0123680593059BDB07EA
:10A42000FAD5724B724CC3F800E046EA013949F0A4
:10A43000245B4BF4001B23680693069BDB07FAD5CD
:10A440004FEA053E694B6A4CC3F800B04EEA854EB0
:10A450004EF0104E4EF0800E4FEA85482368079369
:10A46000079BDD07FAD5249B604C40EA834545F005
:10A4700048455F4BC4F800E045F403551C68089458
:10A48000089CE407FAD5594B594C1D6048F010451B
:10A4900045F4025523680993099BDB07FAD5259BF0
:10A4A000DFF848E1524CCEF8005041EA834343F0D4
:10A4B000484545F4025523680A930A9BDB07FAD501
:10A4C00047EA8217494B4A4C1D6047EA080848F0A2
:10A4D0001047950123680B930B9BDB07FAD5434B81
:10A4E000434C1F6045EA824242F0104242F440521F
:10A4F00023680C930C9BDD07FAD53C4B3C4C1A604F
:10A5000023680D930D9BDA07FAD5384B394C384A3E
:10A510001C6013680E930E9BDB07FAD5334B364C49
:10A52000334A1C6013680F930F9BDF07FAD52F4B3C
:10A53000324C1C602E4A49F0104444F44024136805
:10A540001093109BDD07FAD5284B2D4D284A1C602F
:10A5500045EA8045800413681193119BDC07FAD506
:10A56000224B284C224A1D604AEA040413681293C5
:10A57000129BDB07FAD51D4B1D4A1C604CF004549E
:10A5800044F4801413681393139BDF07FAD5174B19
:10A59000174A1C6013681493149BDD07FAD5134BFC
:10A5A000134A1C6040F0045040F482401368159335
:10A5B000159BDC07FAD50D4B0D4A18600E4346F08B
:10A5C000484646F4042613681693169BD907FAD515
:10A5D000064B074A1E6013681793179BDB07FAD5D3
:10A5E000024BC3F800B019B0BDE8F08F80B0025044
:10A5F000B0B0025000310C90C0400C90C030202907
:10A6000000410090032008C82DE9F043974AABB001
:10A6100013680993099BDF07FAD5954B9549934A2F
:10A62000196013680A930A9BDE07FAD5904B92498A
:10A630008E4A196013680B930B9BDD07FAD58C4B80
:10A640008E498A4A196013680C930C9BDC07FAD573
:10A65000874B8B49854A196013680D930D9BD8076A
:10A66000FAD5834B8749814A196013680E930E9B74
:10A67000D907FAD57E4B844A1A601B2000F030FDC2
:10A680000446182000F02CFD8442784A09D913684A
:10A690000F930F9E16F00106F9D0754B7B4A1A6096
:10A6A00009E013681093109BDB07FAD5704B784ACA
:10A6B0001A60044600266D4A13681193119BDF0748
:10A6C000FAD56B4B7349694A196013681293129B50
:10A6D000DD07FAD5664B704A1A601C201D2118222E
:10A6E0000B238DE80F000F230E220D210C20FFF706
:10A6F00047FB01340C200D210E220F238DE80F00A3
:10A7000024F001041323122211211020FFF738FB3B
:10A710000125A11E08AB07AA1B20089500F02CFDFF
:10A72000022800F06A81032800F04081012800F02F
:10A73000168100274D4A13681F931F9BDB07FAD52C
:10A740004B4B5649494A196013682093209BDD07FB
:10A75000FAD5474B5249454A196013682193219B0A
:10A76000D807FAD5424B4F4A1A60043C39D44FF00F
:10A77000170916254FF01A0815211420CDE90001FC
:10A780001A231622CDE90259FFF7FAFA14200346DC
:10A790008DE82201162201F07BFB08AB07AA2146B7
:10A7A0001B2000F0E9FC00EB87000430072816D8D6
:10A7B000DFE800F0A1A8A59D999584041227112235
:10A7C000102315211420CDE904270393CDE90001BE
:10A7D000029517231622FFF725FC4FF0FF37023CA6
:10A7E000CAD519201C21162215231824CDE90121D0
:10A7F000CDE9030400930E2214230D210C20FFF752
:10A80000BBFD1A4A002F40F0818013682693269BD7
:10A81000DC07FAD5164B2449144A196013682793AC
:10A82000279BD807FAD51248204B2149214C0F4AC3
:10A830000460002E14BF1E460E4613682893289B02
:10A84000D907FAD50A4B094A1E6013682993299B38
:10A85000DB07FAD5064B184A1A6018231D221C2163
:10A86000012001F029FC2BB0BDE8F083B0B002500C
:10A8700080B002500002002100822021408220216D
:10A880008082242140066E4900966929C0066649E7
:10A89000C0066249000662410016624940D621297D
:10A8A000C0D32029C0142129C05521294007564969
:10A8B00040075E490007524900065A490E270D22FB
:10A8C0000C2315211420CDE904270393CDE90001C1
:10A8D000029517231622FFF7A5FB00277FE718270D
:10A8E0001D221C23EDE718271D221C2369E71827CA
:10A8F00019221C23E5E7122713221023E1E70E2774
:10A900000F22DDE70E270F220C235AE7136822934C
:10A91000229BD907FAD54C4B4C494D4A1960136814
:10A920002393239BDB07FAD547484A4B4A494B4CB4
:10A93000474A0460002E14BF1E460E461368249337
:10A94000249BDF07FAD5404B414A1E6013682593CC
:10A95000259BDD07FAD53C4B414A1A607DE73C4A0E
:10A9600013681393139BD807FAD5374B3D49384AE0
:10A97000196013681493149BD907FAD5324B3A49DE
:10A98000334A196013681593159BDB07FAD52E4BD4
:10A9900036492F4A196013681693169BDF07FAD5BC
:10A9A000294B334A1A604FF0FF37C3E6284A136831
:10A9B0001B931B9BDF07FAD5234B2E49244A1960B2
:10A9C00013681C931C9BDD07FAD51F4B2A49204AAC
:10A9D000196013681D931D9BD807FAD51A4B274998
:10A9E0001B4A196013681E931E9BD907FAD5164B94
:10A9F000234A1A604FF0FF379CE6154A13681793F5
:10AA0000179BDD07FAD5104B1649114A19601368D8
:10AA10001893189BD807FAD50B4B13490C4A1960A9
:10AA200013681993199BD907FAD5074B0F49084AA0
:10AA3000196013681A931A9BDB07FAD5024B0C4A6C
:10AA40001A60002776E600BF80B00250C0D32029EC
:10AA5000B0B002504007364940073E49000732492E
:10AA600000063A49000532494005364980053A4911
:10AA7000C0053E49000542494005464980054A490E
:10AA8000C0054E492DE9F04F0D4687B004461146EA
:10AA9000284600929846FEF71BFAD4F8BC3200997B
:10AAA00004F1D80A1F3306465B0952462846FEF7D2
:10AAB00057F9002E70D001286ED0D4E9AEB0394BD2
:10AAC000584593F91A2093F91CC000924FF02007C3
:10AAD00093F91B2093F91D30059738BF584605A9F7
:10AAE0000192CDF808C0039300F002FC074618B1AC
:10AAF000384607B0BDE8F08F2B490BF11F094FEA2C
:10AB000059194B46C1F800B02246012100F030FD32
:10AB10000121084604F5DC72052300F029FD4B46AF
:10AB200004F1480201210B2000F022FDD4F8BC32D0
:10AB30009DF808409DF800001F3352465B099DF8C0
:10AB40000CA0012100F014FD42464B462046012195
:10AB500000F00EFD109A4B465046012100F008FD12
:10AB600006F11F035B099DF804002A46012100F04D
:10AB7000FFFCFFF749FD11982246494600F0CCFC46
:10AB800012985246494600F0C7FC059800F09AFC1E
:10AB9000384607B0BDE8F08F044F384607B0BDE82F
:10ABA000F08F00BFCC07040090B002503008F100D5
:10ABB00038B5224B224A0121054619601368002B43
:10ABC000FCD1204A1368002BFCD11F4A1368002BCC
:10ABD000FCD11E4A1368002BFCD11D4B1C68002CB5
:10ABE000FCD14FF0FF30FEF793FE2B6A23F00403F5
:10ABF000032B184B18680CBF20F0400020F0800099
:10AC0000FEF78CFE144B00221A602B6A23F004021C
:10AC1000032A18BF6C6A114A4FEA830318BF04F075
:10AC2000010403F01C031C4314602B6A072B02D1A0
:10AC30000B4B01221A60002038BD00BF00B9025042
:10AC400070B4025020BD025020BC025038BD0250EA
:10AC500038BC025004BA0250BCB40250C0B4025016
:10AC60007CB40250002800F0BF80F8B51D46436B4D
:10AC70000E4617460446002B35D0012B02D1B5F500
:10AC8000803F33D265484FF0FF31FEF711FE0028B8
:10AC900057D10020FEF75CFE00284ED1604B012208
:10ACA0001A60236A032B28DC002B28DA5D4A13681C
:10ACB000002BFCD15A4A1360236A23F00403032BB0
:10ACC000594B18680CBF40F0400040F08000FEF780
:10ACD00025FE0120FEF73CFE002836D14F48FEF746
:10ACE00001FE28B9F8BDB5F5805FCBD34F48F8BD5C
:10ACF0004F48FEF78BFD0020F8BD072BD6D1636AC5
:10AD0000012BD3D8636B012BD0D8A36B012BCDD8EB
:10AD10002046FFF74DFF0028C8D1A36A012B6CD055
:10AD200033F0020263D0236A5A1E062A1BD8DFE8DA
:10AD300002F0104B101A1A1A10003E48FEF766FD7A
:10AD4000ACE73D48FEF762FDA3E73C48FEF75EFD39
:10AD5000C4E73B4B22681A6062685A60A2689A6036
:10AD6000E268DA60236A23F00403032B31D0A36B7B
:10AD7000012B4CD0334A344B176020201D60636B8D
:10AD8000012B2CD0314A324B16601D60FEF7CCFDF2
:10AD9000244A1368002BFCD1236A013B062B10D8F0
:10ADA000DFE803F00414040F0F0F0400244A294BBA
:10ADB000126822601A6862605A68A26008331B68D1
:10ADC000E3600123236371E7234BC3E7224A234B4C
:10ADD000EEE7636B012B01D01020D3E74020204A1F
:10ADE000204B16601D60D1E74FF4710070471E497B
:10ADF0001E4A0B600123136095E71D4B22691A6000
:10AE000062695A60A2699A60E269DA608BE7194A5E
:10AE1000194B176080201D60B1E700BFD09500205E
:10AE200010B8025010B9025004BA02500500F100E7
:10AE3000B0050400C805040098050400E8050400F6
:10AE400040B4025030BD025034BD025030BC0250FC
:10AE500034BC025044B4025060B4025064B4025096
:10AE600028BC02502CBC025038BA025078B40250B0
:10AE700000B4025028BD02502CBD02502DE9F04113
:10AE8000002800F081801D46036A072B0F46044608
:10AE900016D055B9032B0FD1036B6BB9C0E90F5511
:10AEA000C0E9115500F13C0710252B4639462046D4
:10AEB000BDE8F041FFF7D6BE2E463046BDE8F08132
:10AEC000436B002B37D1B5F5805F39D215B9236BB1
:10AED000002B35D167484FF0FF31FEF7E9FC002821
:10AEE00040F097800020FEF733FD002840F0998065
:10AEF000614B01221A60236A032B23DC002B23DA27
:10AF00005E4E5F4A1368002BFCD15B495D4A0B60C3
:10AF1000106840F04000FEF701FD0120FEF718FD2B
:10AF200000287AD15348FEF7DDFC0028C5D05648EA
:10AF3000FEF76CFCC1E7012BC8D1B5F5803FC5D346
:10AF4000524EBAE7072BDBD1636A012B78D8636BCB
:10AF5000012B57D8A36B012B00F284802046FFF70A
:10AF600027FE06460028CCD1A36A012B6AD033F015
:10AF7000020271D0236A013B062B13D8DFE803F0ED
:10AF800009440912121209004FF471063046BDE857
:10AF9000F0813F4B22681A6062685A60A2689A602A
:10AFA000E268DA603B493C4A01230B601560002DE2
:10AFB0003BD1226B0AB9394A1360314B1E68002E0F
:10AFC000FCD1236A013B062B9BD801A252F823F047
:10AFD000EDAF03000DB00300EDAF030003AF0300BE
:10AFE00003AF030003AF0300EDAF0300284A2C4B6F
:10AFF000126822601A6862605A68A26008331B688F
:10B00000E3607EE7274E7CE7274BC3E7264A274BC2
:10B01000EEE72748FEF7FAFB64E72648FEF7F6FB63
:10B0200080E72548FEF7F2FB62E7636B012B1BD03C
:10B03000224A234B176010201D60FEF775FCBCE709
:10B04000204E5EE7204B22691A6062695A60A2694D
:10B050009A60E269DA608DE71C491D4A0B600123A2
:10B06000136087E71B4E4CE71B4A1C4B17604020C0
:10B070001D60E2E7D095002010B802500100F100F9
:10B0800010B9025004BA0250B00504000500F100E6
:10B0900040B402507CB40250BCB4025024B50250FB
:10B0A00044B402500300F10060B4025064B4025092
:10B0B00098050400E8050400C805040030BC0250EF
:10B0C00034BC02500200F10000B4025038BA025001
:10B0D00078B402500400F10028BC02502CBC02508D
:10B0E00030B4214A84B013680093009BDC07FAD582
:10B0F00000F1A05303F52C439B001B4A186813680A
:10B100000193019BD907FAD5184B1A6812F11F0356
:10B1100048BF02F13E035B11591E0FD4124A144D71
:10B12000144C13680393039BDB07FAD50B182B60B1
:10B1300023680293029B2BB90139F2D2580104B063
:10B1400030BC704701314801A0F120014FF00042AE
:10B1500002E001388142F2D013424FEA5202F8D0A5
:10B1600004B030BC704700BFB4B00250ACB0025065
:10B17000E4B00250DCB0025070B41C6885B001F03D
:10B180001F0644B91E2E06D01068F04000F00300E0
:10B1900005B070BC70470F4D2C680194019CE4070A
:10B1A000FAD500F1A05404F52C44A400094D206800
:10B1B0002C680394039CE407FAD5074C00EB61115B
:10B1C000064821600168029102991160002119600E
:10B1D000DAE700BFB4B00250E4B00250DCB0025075
:10B1E000A0F12003B3F5426F61D8F0B48F2882B08C
:10B1F00053D900F11F035B095B013F339B09013306
:10B2000011B18B4255D80B46DC004FF48051B1FB95
:10B21000F4F1202928BF202102B11160264C274DCE
:10B220000126002226600239144603FA06F640F68B
:10B23000FC778C4204F10104B6BF2A602F6092199A
:10B240001E2C05F10405F4D11D4C1E4D2260324424
:10B250002A6000F13F011C4A1C4DDFF890C0E560F8
:10B2600021F03F0110604031194F1A4E1A4D1B4812
:10B27000CCF800109B011A493B6033602B60E362FD
:10B280000360D3610A680192019AD207FAD5154A80
:10B290000020136002B0F0BC704700F1470400F1D9
:10B2A0006603E4064FEA5313A6D00133A4E70E4821
:10B2B00070470D48EEE700BF1CB8025000B00250C6
:10B2C00078B002507CB0025090B0025020F80F00CD
:10B2D00098B002509CB00250A0B00250A8B00250EA
:10B2E000B4B00250ACB002502221F00094B0025031
:10B2F00038B504460D4619484FF0FF31FEF7D8FA2D
:10B3000060B90020FEF724FB80B920462A460021C0
:10B31000FFF766FF0446A0B9204638BD1048FEF787
:10B3200075FA0020FEF714FB0028EED00D48FEF75A
:10B330006DFA20462A460021FFF752FF04460028F6
:10B34000EAD00120FEF704FB20B90448FEF7CAFA50
:10B35000204638BD0448FEF759FAF6E7C0950020AC
:10B3600098050400C8050400E80504002DE9F04331
:10B370004E4C89B023680193019BDD07FAD54C4BF5
:10B3800013449B000A181D681E2A05F11F0588BF7B
:10B390001E224FEA551502FB05F288BFC0F11E01BF
:10B3A000B2F5806F04D94FF48061B1FBF5F1091A51
:10B3B000002976DD00F1A05000F52C4005F1010ECA
:10B3C0004FF0000C394ADFF8F4803A4C87002EF039
:10B3D0000106604613680293029BDB07FAD5D7F893
:10B3E000009013680393039BDB07FAD5C8F800901D
:10B3F000002355B101339D422060FBD1AE4204D9F8
:10B400002B4601339E422060FBD10CF1010C6145BB
:10B4100007F10407DED1254A13680493049BDC0777
:10B42000FAD5254B214A196813680593059BD8075F
:10B43000FAD5224B19607DB100231E491A4601330B
:10B440009D420A60FBD1AE4206D91A492B46002222
:10B4500001339E420A60FBD1144A13680693069B8F
:10B46000D907FAD5164B114A196813680793079B39
:10B47000DB07FAD5114B196035B100230D491A4687
:10B4800001339D420A60FBD1AE4207D9094A00232D
:10B4900001E00EF1010E76451360FAD109B0BDE866
:10B4A000F08305F1010E2EF00106B4E7B4B00250AE
:10B4B00024AC0014D8B002507CB00250D4B002507A
:10B4C00078B0025008B558B90F4B00221A6001201D
:10B4D000FEF73EFA98B90D48FEF704FA50B908BDD8
:10B4E000202801464FF0070228BF20210020FFF747
:10B4F0003DFFE9E7BDE808400548FEF787B9054884
:10B50000FEF784F9E7E700BF1CB80250C0950020A1
:10B51000B0050400E805040010B4124C85B023689F
:10B520000193019BDB07FAD502F1A05202F52C42F0
:10B5300093000C4A1C6813680393039BDB07FAD53E
:10B54000094B1C6051B10438084A00EB81011368B3
:10B550000293029B40F8043F8842F8D105B05DF8A1
:10B56000044B7047B4B00250E4B00250DCB002505B
:10B5700070B42F4D85B02C680094009CE407FAD578
:10B5800000F1A05000F52C408000294C056820688F
:10B5900001900198C607FAD52648012605609BB19F
:10B5A000043A254E02EB830452F8040F3060A242A5
:10B5B000FAD15E1C26F00102934205D21E4C0020F7
:10B5C000013393422060FBD1194A26F00100136831
:10B5D0000293029BDC07FAD5184B0B449B001B68B7
:10B5E0001F33B0EB531F4FEA53121DD210490B68A3
:10B5F0000393039BDB07FAD50E4B0544121A1D601B
:10B6000012D000230C481946013393420160FBD14C
:10B610005A1C22F00101994206D90748002300E094
:10B6200001328A420360FBD105B070BC704700BF95
:10B63000B4B00250D4B00250D8B0025024AC0014C0
:10B64000F8B5069E002E33D001292FD8012B31D812
:10B650001C4C074600251C4825600468002CFCD1C2
:10B660001A4D2C68002CFCD1194D2C68002CFCD1F3
:10B67000184D2C68002CFCD1174D2C68002CFCD1E7
:10B68000012B19D01548164B026020201E6001299D
:10B690000BBF144B144B154A154A17601E60FEF77A
:10B6A00043F9144B18680028FCD1F8BD1248F8BDC6
:10B6B0001248F8BD1248F8BD1248134B02608020B2
:10B6C0001E60E4E700B9025070B4025020BD025081
:10B6D00020BC025038BD025038BC025030BD025070
:10B6E00034BD02502CBC025034BC025028BC025065
:10B6F00030BC025010B902500200F4000100F40006
:10B700000300F40028BD02502CBD02502DE9F04387
:10B71000644A93B013680093009BD907FAD5624B33
:10B720006249634A196013680193019BDB07FAD5EC
:10B73000604B1B68DF0400F1AF805A4A1368029324
:10B74000029BDE07FAD5584B5B49594A19601368CA
:10B750000393039BDD07FAD5564B1B68DC0400F10D
:10B760008580534B554E4F494F4FDFF86CC14FF01A
:10B770000109DFF868E1524D00241A680492049A26
:10B78000D007FAD530681A680692069AD207FAD519
:10B79000CEF800002A680592059A12B95DE05208B9
:10B7A0000134D007FBD514F01F0568D11D68099539
:10B7B000099DE807FAD5434DD5F800801D680B9523
:10B7C0000B9DED07FAD5DFF814E13D4DCEF8008072
:10B7D0002D680A95E0070A9D05D505F00704032C9E
:10B7E0004AD0052C48D002F00302032A05D105F007
:10B7F0000305032D08BFC9F100090A680C920C9AD1
:10B80000D407FAD5304A3A600A680D920D9AD007EB
:10B81000FAD52E4A3A600A680E920E9AD207FAD5E5
:10B820002B4A3A600A680F920F9AD507FAD5294A2F
:10B830003A600A681092109AD407FAD51B4A3A6007
:10B840001A681192119AD007FAD51A4A1268D204CE
:10B850008FD5484613B0BDE8F0830A680792079A6F
:10B86000D207FAD5C7F800C0203486E74FF00109A7
:10B87000484613B0BDE8F083C9F10009B3E7DFF82B
:10B8800060E0013D4EEA053E0D680895089DED0714
:10B89000FAD5C7F800E089E74FF00009484613B031
:10B8A000BDE8F083B0B0025080B0025000082A51C9
:10B8B000B4B0025088B0025000182A5128B002508B
:10B8C000DCB002502CB0025000032A4980022E49FD
:10B8D000C0C228A1C002324980F22961E4B00250FE
:10B8E000800228612DE9F047894ABAB013680093B5
:10B8F000009BD807FAD5874B8749884A1960136897
:10B900000193019BD907FAD5854B1B68DB0400F135
:10B910009181824A13680393039BDE07FAD5814B1A
:10B920007E4A196813680593059BDD07FAD57E4AA0
:10B930007E4B11601B680493049F07F00303032BE5
:10B9400000F0748207F00703052B714A00F027818D
:10B9500013681993199BDC07FAD56E4B74496C4A2E
:10B96000196013681A931A9BD807FAD5694B714A64
:10B970001A60FFF7CBFE013000F01D82644A1368A5
:10B980001B931B9BD907FAD562486B4B0360013FA1
:10B9900040F071825E49DFF8D0C1604B674E624D66
:10B9A000624CB8460A681C921C9AD207FAD5C0F8B5
:10B9B00000C008F120081A681D921D9AD707FAD511
:10B9C00037681A681F921F9AD207FAD52F6022682B
:10B9D0001E921E9F002FE5D017F0010311D17F08A2
:10B9E000FE07194603F10103F9D549480268209280
:10B9F000209AD507FAD5524A464842EA013198447E
:10BA00000160434A13682193219BDC07FAD5414B1F
:10BA10004C493F4A196013682293229BD807FAD5F4
:10BA20003C4B494A3A4CDFF84491484E414D1A602C
:10BA30009A4623682393239BD907FAD5CAF8009026
:10BA400023682493249BDA07FAD5CAF80060236898
:10BA50002593259BDB07FAD5CAF80050FFF756FE61
:10BA60000130E6D12A4A13682693269BDC07FAD5D3
:10BA7000284B3749264A196013682793279BD80714
:10BA8000FAD5244B3349224A196013682893289B1E
:10BA9000D907FAD51F4B2A491D4A19601368299303
:10BAA000299BDB07FAD51B4B2B49194A19601368F0
:10BAB0002A932A9BDE07FAD5164B2849144A1960A7
:10BAC00013682B932B9BDD07FAD51248244A104BA1
:10BAD000DFF89C90DFF89CE0224EDFF89CC002600B
:10BAE0001A682C922C9AD407FAD5C0F800901A68DC
:10BAF0002D922D9AD107FAD50849094DC0F800E0DA
:10BB000000241A682E922E9AD207FAD5066035E0E4
:10BB1000B0B0025080B0025000081251B4B00250D0
:10BB200088B0025000B00250E4B00250DCB00250C5
:10BB300080021249C0020249C01002290CB0025012
:10BB4000C0000C61C0011E41C0111E4980021E4987
:10BB5000C0311C98C0100E21C0301098400212490C
:10BB6000809184A800182651C0F00D61C0111E21DB
:10BB700040320C8840622488409224880A682F92C0
:10BB80002F9AD207FAD52A68D20460D401341A68F1
:10BB90003092309AD207FAD5C0F800C0B1E71368E6
:10BBA0000993099BDB07FAD5854B8649864A1960BC
:10BBB00013680A930A9BDF07FAD5814B8349824AAF
:10BBC000196013680B930B9BDE07FAD57C4B8049F9
:10BBD0007D4A196013680C930C9BDD07FAD5784BEE
:10BBE0007C497D4A196013680D930D9BDC07FAD5DB
:10BBF0007A4B754A1B68D80440F1928013680E9303
:10BC00000E9BD907FAD56E4B75496F4A19601368B8
:10BC10000F930F9BDB07FAD5694B72496A4A19608B
:10BC200013681093109BDF07FAD5654B6E4A1A60B4
:10BC3000002054E0644A13680293029BDF07FAD5A0
:10BC40005F4B6A4A1A6001203AB0BDE8F087002CC9
:10BC50003FD0A8EB0404012C33D0621E02F01F0178
:10BC6000002A4FF00107B8BF04F11E028F405111A6
:10BC70001A683292329AD207FAD55D4A564C02605F
:10BC800022683392339AD507FAD55A4A524C15682E
:10BC900022683492349AD207FAD5574C574A29442D
:10BCA000216017601A683592359AD207FAD5544A3E
:10BCB00002601A683692369AD507FAD5514A026060
:10BCC0000EE71A683192319AD107FAD54E4A0260CE
:10BCD00006E707F00303032B40F0C58001203A4A32
:10BCE00013683793379BDC07FAD5354B4749364AFB
:10BCF000196013683893389BD907FAD5304B4449FB
:10BD0000354A196013683993399BDB07FAD5334BF1
:10BD10001B6813F4805F18BF01203AB0BDE8F087BC
:10BD200013681193119BDE07FAD5254B39492A4A2E
:10BD3000196013681293129BDD07FAD5274B1B6815
:10BD4000DC04C3F30030CAD51F4B1A681392139A50
:10BD5000D107FAD51A4B304A1B491A600B68149365
:10BD6000149BDA07FAD5164B1E4A17491A600B685E
:10BD70001593159BDB07FAD5114B284A12491A6017
:10BD80000B681693169BDF07FAD50D4B244A0E4914
:10BD90001A600B681793179BDE07FAD5084B214AE8
:10BDA00009491A600B681893189BDD07FAD5044BF4
:10BDB0001D4A1A603CE700203AB0BDE8F08700BF9A
:10BDC00080B0025040120229B0B00250C01124616C
:10BDD0008071109800181A51B4B0025088B0025007
:10BDE0008031022180211861C0601098C0000E418E
:10BDF0000002224120B00250D4B00250D8B002500C
:10BE000040821C98C0900C88C0700C8880310C88CF
:10BE100000481851009818518051022940121071A1
:10BE2000C061249840021071C0901C88343A136895
:10BE30000693069BDC07FAD5104B1149114A19608D
:10BE400013680793079BD807FAD50C4B0E490D4A88
:10BE5000196013680893089BD907FAD5074B0B4A5A
:10BE60001A6000203BE707F00707052F4FF001009D
:10BE70003FF435AFE8E64FF00008ADE580B0025082
:10BE8000C0100221B0B0025080110C61C060109847
:10BE9000F0B595B07D4C1A9E370347EA864747F0C8
:10BEA000045545F0800526680096009EF607FAD5F1
:10BEB0001B9C764E920142EA0434754A44F01044C9
:10BEC000156044F4002432680192019AD507FAD52E
:10BED0006F4A6E4E146047EA811747F010478A0197
:10BEE00034680294029CE407FAD54FEA033C4CEA1A
:10BEF000834C674B654C1F604CF0045646F080063F
:10BF000023680393039BDF07FAD5614B5F4C1E60E8
:10BF100023680493049BDD07FAD55D4B5D4F5E4CAF
:10BF20005A4E1C6047EA81478C0433680593059B91
:10BF3000DB07FAD5564B554E1F604CF0104C4CF4B5
:10BF4000807C33680693069BDD07FAD5504E534D2F
:10BF50004E4FC6F800C045EA801586013B6807933E
:10BF6000079BDB07FAD54A4F4D4BDFF820C13D60F8
:10BF700043EA003E0703DCF800300893089BDD0726
:10BF8000F9D5434DDFF828C1C5F800E01C9B3035DA
:10BF90004CEA834E2B680993099BDB07FAD53C4B8F
:10BFA0003A4DC3F800E02B680A930A9BDB07FAD5E9
:10BFB000374B3C4DDFF8FCC01D60344D46EA0C0C9D
:10BFC0002B680B930B9BDB07FAD5314B2F4DC3F836
:10BFD00000C03E4346F0045646F400262B680C93FE
:10BFE0000C9BDF07FAD52A4D2F4B2E6043EA804089
:10BFF00030352B680D930D9BDE07FAD5244B234D6E
:10C0000018602B680E930E9BDB07FAD5204B274D4B
:10C010001E481D60144344EA013444F004550E03E5
:10C0200003680F930F9BDF07FAD5194B17481D6064
:10C0300044F0104403681093109BDB07FAD5144BAF
:10C0400012481C6003681193119BDF07FAD5104B4F
:10C050000E481D60164346F0245646F41016036839
:10C060001293129BDC07FAD5094B08481E600A435D
:10C0700042F0484242F4A21203681393139BDB0779
:10C08000FAD5034B1A6015B0F0BD00BFB0B0025036
:10C0900080B00250802000908020082100401021B4
:10C0A0000001102180202029802000214021282902
:10C0B00000410021024010C830B42D4C88B02068E7
:10C0C00000900098C507FAD52A4C2B482B4D2560C7
:10C0D000303440EA834523680193019BD807FAD5A1
:10C0E000900140EA8240234B214A1D6040F01044F9
:10C0F00044F4C04413680293029BDB07FAD51D4B3E
:10C100001B4A1C6013680393039BDD07FAD58B0160
:10C1100043EA8141174B1A4D1D60154A41F0104505
:10C1200045F4C04513680493049BDB07FAD5114B13
:10C130000F4A1D6013680593059BDD07FAD50D4B6B
:10C140000B4A1C6041F0584113680693069BDC07BC
:10C15000FAD5084B064A196040F058401368079317
:10C16000079BDB07FAD5034B186008B030BC70475B
:10C17000B0B0025080B0025080710098C0210229F6
:10C18000806118902DE9F04385B000284CD00E4610
:10C1900000294ED01546002A4DD0002B3FD0D0F8B4
:10C1A000BC22039305F14C0700F5B6731F3201F171
:10C1B000040905F10408CDE90187009352094946B5
:10C1C00000F592730446FEF75DFC0746A8B94FF4EC
:10C1D0003772214606F15000FDF744FB174B3360E0
:10C1E00021464FF4377205F19400FDF73BFB144BE9
:10C1F0002B60384605B0BDE8F08300244846346023
:10C2000021462C604C22FDF731FB4046214690220E
:10C21000FDF72CFB0B4F384605B0BDE8F0830A4F05
:10C22000384605B0BDE8F083084F384605B0BDE894
:10C23000F083074FDDE7074FDBE700BF020000ECAC
:10C24000010000EC3008F0000508F0000208F000E2
:10C250000308F0000408F000004870471C080400C0
:10C2600000487047F80A040000487047D40D0400E5
:10C2700000487047B0100400004870478C13040059
:10C2800000487047681604000048704744190400CD
:10C2900000487047201C040000487047FC1E040042
:10C2A00000487047D821040000487047B4240400B7
:10C2B0000B460146184600F06BBB000081F00041C0
:10C2C00002E000BF83F0004330B54FEA41044FEA7B
:10C2D000430594EA050F08BF90EA020F1FBF54EA16
:10C2E000000C55EA020C7FEA645C7FEA655C00F0B2
:10C2F000E2804FEA5454D4EB5555B8BF6D420CDD83
:10C300002C4480EA020281EA030382EA000083EA05
:10C31000010180EA020281EA0303362D88BF30BDA5
:10C3200011F0004F4FEA01314FF4801C4CEA1131FB
:10C3300002D0404261EB410113F0004F4FEA03335A
:10C340004CEA133302D0524263EB430394EA050FE5
:10C3500000F0A780A4F10104D5F1200E0DDB02FA54
:10C360000EFC22FA05F2801841F1000103FA0EF2E8
:10C37000801843FA05F359410EE0A5F120050EF1AE
:10C38000200E012A03FA0EFC28BF4CF0020C43FADF
:10C3900005F3C01851EBE37101F0004507D54FF0EC
:10C3A000000EDCF1000C7EEB00006EEB0101B1F53C
:10C3B000801F1BD3B1F5001F0CD349085FEA300082
:10C3C0004FEA3C0C04F101044FEA445212F5800F8D
:10C3D00080F09A80BCF1004F08BF5FEA500C50F12A
:10C3E000000041EB045141EA050130BD5FEA4C0C0D
:10C3F000404141EB0101013C28BFB1F5801FE9D26A
:10C4000091F0000F04BF01460020B1FA81F308BF8C
:10C410002033A3F10B03B3F120020CDA0C3208DD58
:10C4200002F1140CC2F10C0201FA0CF021FA02F133
:10C430000CE002F11402D8BFC2F1200C01FA02F1A3
:10C4400020FA0CFCDCBF41EA0C019040E41AA2BFC8
:10C4500001EB0451294330BD6FEA04041F3C1CDA90
:10C460000C340EDC04F11404C4F1200220FA04F0B0
:10C4700001FA02F340EA030021FA04F345EA03015A
:10C4800030BDC4F10C04C4F1200220FA02F001FA1C
:10C4900004F340EA0300294630BD21FA04F029469E
:10C4A00030BD94F0000F83F4801306BF81F4801137
:10C4B0000134013D4EE77FEA645C18BF7FEA655CAA
:10C4C00029D094EA050F08BF90EA020F05D054EA7C
:10C4D000000C04BF1946104630BD91EA030F1EBF81
:10C4E0000021002030BD5FEA545C05D14000494185
:10C4F00028BF41F0004130BD14F580043CBF01F578
:10C50000801130BD01F0004545F0FE4141F470015D
:10C510004FF0000030BD7FEA645C1ABF1946104638
:10C520007FEA655C1CBF0B46024650EA013406BF39
:10C5300052EA033591EA030F41F4002130BD00BFF8
:10C5400090F0000F04BF0021704730B54FF48064B5
:10C5500004F132044FF000054FF0000150E700BF36
:10C5600090F0000F04BF0021704730B54FF4806495
:10C5700004F1320410F0004548BF40424FF0000182
:10C580003EE700BF42004FEAE2014FEA31014FEAC5
:10C5900002701FBF12F07F4393F07F4F81F0605114
:10C5A000704732F07F4208BF704793F07F4F04BF5F
:10C5B00041F40021704730B54FF4607401F000453C
:10C5C00021F000411CE700BF50EA010208BF70479C
:10C5D00030B54FF000050AE050EA010208BF70478D
:10C5E00030B511F0004502D5404261EB41014FF4F6
:10C5F000806404F132045FEA915C3FF4D8AE4FF0FE
:10C6000003025FEADC0C18BF03325FEADC0C18BFE0
:10C61000033202EBDC02C2F1200300FA03FC20FA31
:10C6200002F001FA03FE40EA0E0021FA02F114447E
:10C63000BDE600BF53B94AB9002908BF00281CBF96
:10C640004FF0FF314FF0FF3000F082B9ADF1080C30
:10C650006DE904CE00F01AF8DDF804E0DDE902230C
:10C6600004B07047430803F05533C01A830803F041
:10C67000333300F03330184400EB101000F00F306B
:10C6800000EB002000EB0040000E70472DE9F04762
:10C69000089D04468C46002B40F083808A42174652
:10C6A00047D9B2FA82F242B1C2F1200024FA00F076
:10C6B0009140974040EA010C94404FEA1748230C00
:10C6C000BCFBF8F61FFA87FE08FB16C143EA0143DC
:10C6D00006FB0EF1994209D9FB1806F1FF3080F0F4
:10C6E0001981994240F21681023E3B445B1AA4B282
:10C6F000B3FBF8F008FB103344EA034400FB0EFEE2
:10C70000A64509D93C1900F1FF3380F00581A64503
:10C7100040F2028102383C4440EA0640A4EB0E0499
:10C7200000261DB1D4400023C5E900433146BDE8D1
:10C73000F08702B9FFDEB2FA82F2002A50D1CB1B99
:10C740004FEA174E1FFA87F80126B3FBFEFC210CB7
:10C750000EFB1C3341EA034108FB0CF38B4207D963
:10C7600079180CF1FF3002D28B4200F2E980844646
:10C77000C91AA3B2B1FBFEF00EFB101143EA01444B
:10C7800008FB00F8A04507D93C1900F1FF3302D29D
:10C79000A04500F2D9801846A4EB080440EA0C40FA
:10C7A000BFE78B4209D9002D00F0B1800026C5E912
:10C7B000000130463146BDE8F087B3FA83F6002E1B
:10C7C0004AD18B4202D3824200F2B880841A61EBD4
:10C7D000030101208C46002DA8D0C5E9004CA5E737
:10C7E000C2F1200320FA03F6974001FA02F04FEA63
:10C7F000174ED9403043030CB1FBFEF61FFA87F801
:10C800000EFB161143EA014306FB08F1994204FAB4
:10C8100002F409D9FB1806F1FF3C80F08D809942A3
:10C8200040F28A80023E3B445B1A81B2B3FBFEF0C9
:10C830000EFB103341EA034100FB08F38B4207D99A
:10C84000791800F1FF3C73D28B4271D90238394418
:10C85000CB1A40EA064678E7C6F1200C03FA06F444
:10C8600022FA0CF31C4320FA0CF701FA06F34FEA04
:10C87000144E21FA0CF11F433B0CB1FBFEF91FFAD9
:10C8800084F80EFB191143EA014109FB08FA8A45B5
:10C8900002FA06F200FA06F308D9611809F1FF302E
:10C8A00048D28A4546D9A9F102092144A1EB0A01DF
:10C8B000BFB2B1FBFEF00EFB101147EA014700FBCF
:10C8C00008F8B84507D9E71900F1FF312ED2B8456D
:10C8D0002CD90238274440EA0940A7EB0807A0FBFF
:10C8E00002894F45C64649461AD317D05DB1B3EB0E
:10C8F0000E0267EB010707FA0CFCF2404CEA020259
:10C90000F740C5E9002700263146BDE8F0872E46EE
:10C9100028460BE70646E9E61846FDE64345E5D21C
:10C92000B8EB020E69EB04010138DFE70846D2E7F5
:10C9300060468DE78146B9E7664675E730464AE7C7
:10C94000ACF1020C394413E702383C4424E700BF41
:10C95000704700BF1FB514461A46094B1B680546B1
:10C96000D8684CB1074B0091CDE9013406492B46FC
:10C9700000F036F801F0C4F8044B1C46F3E700BFA2
:10C9800094610020902704009D270400CB27040019
:10C9900010B5054C13462CB10A4601460220AFF3F0
:10C9A000008010BD2046FCE700000000014B186825
:10C9B000704700BF9461002008B5074B044613B1CF
:10C9C0000021AFF30080054B1868836A03B19847D4
:10C9D000204603F04BFA00BF00000000CC27040003
:10C9E0000EB403B5014603AB054853F8042B0068A9
:10C9F000019300F04DF902B05DF804EB03B070470D
:10CA00009461002070B50D4D0D4C641BA4100026E0
:10CA1000A64209D10B4D0C4C03F02AFA641BA4105A
:10CA20000026A64205D170BD55F8043B9847013653
:10CA3000EEE755F8043B98470136F2E764630020BF
:10CA400064630020646300207C630020024B014685
:10CA5000186800F099B800BF94610020024B0146AD
:10CA6000186800F041B800BF9461002030B501396A
:10CA70000024A24201D1002005E0035D01340D5DD8
:10CA8000AB42F6D0581B30BD0A44914200F1FF334F
:10CA900000D1704710B511F8014B03F8014F9142D6
:10CAA000F9D110BD884210B501EB020402D98442CD
:10CAB000234607D8431EA14208D011F8012B03F8E2
:10CAC000012FF8E7024401468A4200D110BD13F855
:10CAD000014D02F8014DF7E702440346934200D1AD
:10CAE000704703F8011BF9E737B5002948D051F822
:10CAF000043C0190002BA1F10404B8BFE41802F03B
:10CB0000F7F8204A01981368154633B9636014603A
:10CB100003B0BDE8304002F0F1B8A3420BD9216860
:10CB20006218934204BF1A685B68636004BF5218BE
:10CB300022602C60ECE71A465B680BB1A342FAD97D
:10CB400011685518A5420BD1246821445418A342FA
:10CB50001160DDD11C685B68536021441160D7E728
:10CB600002D90C230360D3E7256861198B4204BF07
:10CB700019685B68636004BF491921605460C7E7A6
:10CB800003B030BD28930020F8B5CD1C25F0030577
:10CB900008350C2D38BF0C25002D064601DBA942B7
:10CBA00003D90C2333600020F8BD02F0A1F821491D
:10CBB0000A6814469CB9204F3B6823B92146304689
:10CBC00000F000FE38602946304600F0FBFD431CB3
:10CBD00023D10C233360304602F090F8E3E723685A
:10CBE0005B1B17D40B2B03D923601C44256004E086
:10CBF0006368A2420CBF0B605360304602F07EF8BF
:10CC000004F10B00231D20F00700C21ACCD01B1A20
:10CC1000A350C9E722466468CCE7C41C24F003048F
:10CC2000A042E3D0211A304600F0CCFD0130DDD126
:10CC3000CFE700BF289300202C9300209368013B8E
:10CC4000002B10B4936008DA9469A34201DB0A292F
:10CC500003D15DF8044B00F093BE1368581C1060BC
:10CC6000197008465DF8044B7047F8B506460F4644
:10CC70001446D518AC4201D1002007E014F8011B7E
:10CC80003A463046FFF7DAFF431CF3D1F8BD000007
:10CC90002DE9F04F0D469DB014469846064618B152
:10CCA00083690BB901F0B8FE894B9D421BD17568B1
:10CCB0006B6ED90705D4AB899A0502D4A86D01F033
:10CCC0004EFFAB891B0701D52B69EBB929463046CE
:10CCD00000F0A8FEC0B16B6EDC070ED54FF0FF3040
:10CCE0001DB0BDE8F08F7B4B9D4201D1B568DFE7F9
:10CCF000794B9D4208BFF568DAE7AB899805EDD41A
:10CD0000A86D01F02DFFE9E70023099320238DF89A
:10CD10002930CDF80C803023DFF8C0818DF82A301F
:10CD20004FF0010923469A4613F8012B0AB1252A30
:10CD3000F9D1BAEB040B0BD05B46224629463046AC
:10CD4000FFF793FF013000F0AA80099A5A44099234
:10CD50009AF80030002B00F0A28000234FF0FF3241
:10CD6000CDE905230AF1010A049307938DF85330A6
:10CD70001A935446052214F8011B584801F068FF25
:10CD8000049AD8B9D10644BF20238DF85330130735
:10CD900044BF2B238DF853309AF800302A2B15D03E
:10CDA000079A544600204FF00A0C214611F8013B27
:10CDB000303B092B4ED9B0B1079214E0A0EB080329
:10CDC00009FA03F313430493A246D2E7039B191D08
:10CDD0001B680391002BBBBF5B4242F0020207932A
:10CDE0000793B8BF049223782E2B0CD163782A2B9B
:10CDF00035D1039B1A1D1B680392002BB8BF4FF05F
:10CE0000FF3302340593DFF8E4A021780322504673
:10CE100001F01EFF40B14023A0EB0A0003FA00F02E
:10CE2000049B03430134049314F8011B2C488DF830
:10CE30002810062201F00CFF00283FD0294B1BBB15
:10CE4000039B073323F0070308330393099B3B44F9
:10CE5000099367E70CFB02320C460120A5E700238B
:10CE60000134059319464FF00A0C204610F8012BA7
:10CE7000303A092A03D9002BC5D00591C3E70CFB32
:10CE8000012104460123F0E703AB00932A46164B29
:10CE900004A9304600F0CCF80746781CD6D16B6E5A
:10CEA000D90705D4AB899A0502D4A86D01F058FEC4
:10CEB000AB895B063FF512AF099811E703AB00930E
:10CEC0002A46094B04A9304600F056FBE4E700BFB0
:10CED000442904006429040024290400D027040004
:10CEE000DA27040031D003006BCC0300D6270400FE
:10CEF0002DE9FF4755EC104B002D0E4619462B46E9
:10CF0000BBBF05F100431D4600232D230B700D9B75
:10CF1000DDF830A0914623F02008BCBF224614461D
:10CF2000B8F1460F05D0B8F1450F00D10136022106
:10CF300000E0032103AB019302AB009345EC104BDF
:10CF40005346324600F070FEB8F1470F074602D153
:10CF500019F0010F22D0B8F1460F07EB060910D1E6
:10CF60003B78302B0AD1002200232046294602F0CC
:10CF7000D5FE18B9C6F10106CAF80060DAF800302B
:10CF80009944002200232046294602F0C7FE08B13A
:10CF9000CDF80C903022039B4B4507D3039B0E9A90
:10CFA000DB1B3846136004B0BDE8F087591C0391C1
:10CFB0001A70F0E7F7B503460029B8BF494203F8F5
:10CFC000022BB4BF2D222B22092942702ADD0DF13C
:10CFD0000704A4460A27A6460A4691FBF7F607FB74
:10CFE00016153035632A04F1FF340EF8015C314622
:10CFF000F1DC3031AEF1020504F8011C441C294675
:10D0000061450AD30DF10902A2EB0E02654588BF06
:10D0100000221344181A03B0F0BD11F8012B04F8D4
:10D02000012FEDE7302330318370C170031DF1E72C
:10D030002DE9F04F2DED028B8DB00C46DDF86080B0
:10D0400016461F46054601F085FDD0F800A0504663
:10D0500000F01DFC00230A9323680593D8F80030E4
:10D0600094F818B0073323F0070303F10802C8F857
:10D070000020D3E90023C4E91223D4E9128929F05E
:10D0800000430793CDF8188008EE100A9F4BDDE9A6
:10D0900006014FF0FF3202F073FE88BBDDE90601A6
:10D0A0009A4B4FF0FF3202F04DFE48BB00220023A6
:10D0B0004046494602F03CFE10B12D2384F843302F
:10D0C000934B9448BBF1470F94BF98468046032387
:10D0D0002361059B23F0040222604FF000090097B2
:10D0E00033460BAA2146284600F0D8F9013040F01B
:10D0F00090804FF0FF300DB0BDEC028BBDE8F08F9B
:10D1000042464B464046494602F03AFE40B14B4645
:10D11000002BBCBF2D2384F843307F487F4BD1E7E1
:10D1200063680BF0DF0206925A1C3FD1062363604E
:10D13000059B616843F48062002303930AABCDE949
:10D1400001B309AB49EC108B009322600DF123036E
:10D150002846FFF7CDFE069B0999472B804608D14C
:10D16000C81C02DB6368994241DDABF1020B5FFA38
:10D170008BFBBBF1650F20D801395A4604F15000F2
:10D180000991FFF717FF0A9A1318012A81462361B4
:10D1900002DC2268D20701D5013323619DF82330D8
:10D1A000002B9CD02D2384F8433098E7069A472A19
:10D1B000BED1002BBCD10123B9E7BBF1660F18D15A
:10D1C000002963680BDD216113B92268D00702D5FD
:10D1D00001330B442361A1654FF00009DEE713B969
:10D1E0002268D20701D50233F4E70123F2E74FF0BA
:10D1F000670B0A9B994205DB23682161D807EAD5B2
:10D200004B1CE7E70029D4BFC1F1020201221344FD
:10D21000E0E723685A0507D4236942463146284689
:10D22000B84701302CD164E7BBF1650F40F2E080D4
:10D23000D4E912010022002302F070FD002834D04E
:10D24000374A012331462846B84701303FF451AFF1
:10D25000DDE909239A4202DB2368D80710D518EECE
:10D26000103A524631462846B84701303FF441AFA4
:10D270004FF0000804F11A090A9B013B434509DC01
:10D2800023689B0700F10581E0680B9B9842B8BFBB
:10D29000184630E701234A4631462846B847013050
:10D2A0003FF427AF08F10108E6E7099B002B39DCC2
:10D2B0001B4A012331462846B84701303FF419AFD5
:10D2C000DDE90923134302D12368D907D8D518EE25
:10D2D000103A524631462846B84701303FF409AF6C
:10D2E0004FF0000904F11A0A099B5B424B4501DC2F
:10D2F0000A9B92E70123524631462846B84701303F
:10D300003FF4F7AE09F10109EEE700BFFFFFEF7F41
:10D31000E1270400E5270400ED270400E9270400C5
:10D32000F12704000A9AA36D9A42A8BF1A46002A60
:10D33000914637DC4FF0000B29EAE97904F11A0233
:10D34000A36D0593A3EB09035B4533DCDDE90923FA
:10D350009A423BDB2368DA0738D40A9A059B09997D
:10D36000D31AA2EB01099945A8BF9946B9F1000F5C
:10D3700035DC4FF0000829EAE97904F11A0ADDE901
:10D3800009239B1AA3EB090343457FF779AF0123D8
:10D39000524631462846B84701303FF4AAAE08F15C
:10D3A0000108ECE71346314642462846B8470130AB
:10D3B000C0D19EE60123314628460592B847013088
:10D3C0003FF497AE059A0BF1010BB9E718EE103A4E
:10D3D000524631462846B8470130BED189E6059A03
:10D3E0004B46424431462846B8470130C1D180E619
:10D3F0000A9A012A01DCDB0738D50123424631466F
:10D400002846B84701303FF474AE18EE103A524641
:10D4100031462846B84701303FF46BAED4E91201DB
:10D420000022002302F07AFCD8B90A9B08F101021D
:10D43000013B31462846B84701300ED159E6012359
:10D44000524631462846B84701303FF452AE08F103
:10D4500001080A9B013B4345F1DC4B4604F15002B5
:10D46000DCE64FF0000804F11A0AF2E70123424615
:10D47000DFE701234A4631462846B84701303FF4EA
:10D4800038AE08F10108E3680B995B1A4345F0DCFC
:10D49000FAE64FF0000804F11909F4E72DE9F04726
:10D4A000164699468A680B69DDF820809342B8BF1A
:10D4B0001346336091F8432007460C460AB1013306
:10D4C00033602368990642BF3368023333602568AE
:10D4D00015F0060506D104F1190AE36832689B1AB3
:10D4E000AB4226DC94F84320131E226818BF0123A8
:10D4F00092062BD404F1430249463846C047013016
:10D500001ED02368E568326803F00603042B08BFC9
:10D51000AD1AA36822690CBF25EAE5750025934280
:10D52000C4BF9B1AED1800261A34B5421AD1002048
:10D5300008E00123524649463846C047013003D12E
:10D540004FF0FF30BDE8F0870135C6E7E1185A1CFF
:10D55000302081F84300224494F8451082F84310AB
:10D560000233C7E70123224649463846C047013007
:10D57000E6D00136D9E700002DE9FF470C46914679
:10D58000277E0C99782F80469A4604F1430207D8EB
:10D59000622F0AD8002F00F0D880582F00F0A38007
:10D5A00004F1420684F842703AE0A7F16303152BB8
:10D5B000F6D801A050F823F011D6030025D60300B9
:10D5C000A1D50300A1D50300A1D50300A1D5030077
:10D5D00025D60300A1D50300A1D50300A1D50300E2
:10D5E000A1D5030031D7030055D6030013D703009C
:10D5F000A1D50300A1D5030053D70300A1D5030093
:10D6000055D60300A1D50300A1D503001BD7030005
:10D610000B681A1D1B680A6004F1420684F8423048
:10D620000123A3E0256808682E0600F104030AD54B
:10D6300005680B60002D03DA2D236D4284F843301A
:10D640005E480A2319E015F0400F05680B6018BF0B
:10D650002DB2EFE70B682568181D0860280601D574
:10D660001D6802E06906FBD51D8854486F2F0CBF6A
:10D6700008230A23002184F843106668A660002E60
:10D68000A2BF216821F0040121600DB9002E4DD008
:10D690001646B5FBF3F103FB1157C75D06F8017D94
:10D6A0002F46BB420D46F4D9082B0BD12368DF0768
:10D6B00008D5236961689942DEBF302306F8013C32
:10D6C00006F1FF36921B2261CDF800A04B4603AA5B
:10D6D00021464046FFF7E2FE01304CD14FF0FF30CB
:10D6E00004B0BDE8F087354884F8457023680E68BB
:10D6F0001F0656F8045B0E6014D5D90744BF43F0EB
:10D70000200323601DB9236823F020032360102326
:10D71000B0E7236843F0200323607823284884F887
:10D720004530E3E75E0648BFADB2E6E71646BBE725
:10D730000B68266860691D1D0D6035061B6801D5E4
:10D74000186002E07106FBD518800023236116469D
:10D75000BAE70B681A1D0A601E686268002130462D
:10D7600001F076FA08B1801B6060636823610023D2
:10D7700084F84330A8E72369324649464046D047FB
:10D780000130ABD023689B0713D4E068039B984219
:10D79000B8BF1846A4E70123324649464046D04761
:10D7A00001309BD00135E36803995B1AAB42F2DC90
:10D7B000EBE7002504F11906F5E700BFF3270400A5
:10D7C0000428040038B5064D0023044608462B60A3
:10D7D000F9F796FD431C02D12B6803B1236038BDD5
:10D7E000E09500200EB400B59CB01DAB02900690F1
:10D7F0006FF00041094807910491094953F8042B3F
:10D8000005910068019302A901F01CFE029B002211
:10D810001A701CB05DF804EB03B0704794610020EF
:10D820000802FFFF10B50246147813460132002C9F
:10D83000FAD1013B11F8012B03F8012F002AF9D18D
:10D8400010BDC9B2034610F8012B1AB18A42F9D1B2
:10D8500018467047002918BF0023F9E7034611F85E
:10D86000012B03F8012B002AF9D1704770B503464C
:10D870001E4613F8014B44B14A1E01E0A54204D0F4
:10D8800012F8015F002DF9D1F2E7301A70BD03469E
:10D8900013F8012B002AFBD1181A0138704710B574
:10D8A0000139034632B111F8014F03F8014B013A37
:10D8B000002CF7D11A440021934200D110BD03F887
:10D8C000011BF9E738B503460C4669B9BDE8384095
:10D8D000FFF7B7BF431C054621461846FFF7B1FFC7
:10D8E0000028F7D1284638BD0025F5E770B5034676
:10D8F0001E4613F8014B3CB14A1E01E0A542F7D089
:10D9000012F8015F002DF9D1301A70BD30B5141E28
:10D9100005469BB0184605DA8B232B604FF0FF308D
:10D920001BB030BD4FF40273ADF80C3014BF04F1DE
:10D93000FF332346029305934FF6FF730091049142
:10D94000ADF80E3002461E9B6946284601F07AFD6E
:10D95000431CBCBF8B232B60002CE1D0009B00221A
:10D960001A70DDE707B5009313460A4601460348DF
:10D970000068FFF7CBFF03B05DF804FB9461002063
:10D98000F8B50E461446054618B183690BB901F087
:10D9900043F8214B9C422BD16C68A369A360A389F7
:10D9A0001A072FD523696BB323692068C01A6369EE
:10D9B000F6B28342374604DC2146284600F098FF41
:10D9C00030BBA368013BA36023685A1C22601E7011
:10D9D00063690130834204D0A389DB0706D50A2E90
:10D9E00004D12146284600F083FF88B93846F8BDA7
:10D9F0000A4B9C4201D1AC68CFE7094B9C4208BF5F
:10DA0000EC68CAE72146284600F00CF80028CBD085
:10DA10004FF0FF37EAE700BF4429040064290400FF
:10DA200024290400324B70B51D6806460C4625B10A
:10DA3000AB6913B9284600F0EFFF2E4B9C420FD183
:10DA40006C68A389B4F90C2019072CD4DD0611D415
:10DA50000923336042F04003A3814FF0FF303EE0E2
:10DA6000254B9C4201D1AC68EBE7244B9C4208BF9C
:10DA7000EC68E6E7580712D5616B41B104F1440345
:10DA8000994202D03046FFF72FF800236363A38941
:10DA900023F02403A3810023636023692360A38907
:10DAA00043F00803A38123694BB9A38903F42073CE
:10DAB000B3F5007F03D02146304601F077F8A08906
:10DAC000B4F90C2010F001030AD00023A3606369AD
:10DAD0005B42A361236943B910F08000BAD170BDE5
:10DAE000810758BF6369A360F4E70020F7E700BF30
:10DAF00094610020442904006429040024290400BE
:10DB000008B5062001F0C6FD012002F0AFF92DE9AD
:10DB1000F74F03690C69A3420746C0F28180013CBC
:10DB200001F1140800F1140505EB8403019358F882
:10DB3000243055F8242001339A424FEA840B08EB35
:10DB40008409B2FBF3F631D34FF0000E4046AC46E9
:10DB5000F24650F8042B93B206FB03E34FEA134E50
:10DB60009BB2AAEB0303120CDCF800A006FB02E256
:10DB700013FA8AF34FEA124E1FFA82FADCF80020F9
:10DB8000CAEB124202EB23429BB243EA02438145B5
:10DB90004CF8043B4FEA224ADBD255F80B302BB944
:10DBA000019B043B9D421A462ED33C61384601F04E
:10DBB000D6FA002824DB013628464FF0000C58F82E
:10DBC000042BD0F800E093B2ACEB0303120C13FA71
:10DBD0008EF3C2EB1E4202EB23429BB243EA0243A6
:10DBE000C14540F8043B4FEA224CE8D255F82420C6
:10DBF00005EB840322B9043B9D421A460AD33C61DB
:10DC0000304603B0BDE8F08F1268043B002ACCD147
:10DC1000013CC7E71268043B002AF0D1013CEBE766
:10DC20000020EEE7000000002DE9F04F2DED028B03
:10DC300057EC106B95B0456ADDF880800591CDE911
:10DC40000267044609920F933DB91020F7F72EF8AA
:10DC5000C0E9015560620560C560636A196851B129
:10DC60005A684A60012393408B60204601F080F897
:10DC7000636A00221A603B1EB9BF23F0004303937E
:10DC80000023C8F80030DDF80C90B74BBCBF012270
:10DC9000C8F8002033EA09031BD10F9A42F20F7330
:10DCA0001360C9F31303334300F07585219B63B9F7
:10DCB000AE4B25E0AE4B00930833219A13600098D9
:10DCC00015B0BDEC028BBDE8F08FA84B0093033379
:10DCD000F3E79DED027B002251EC170B00238DED45
:10DCE0000A7B02F01BF8804660B10F9A0123136093
:10DCF000219B002B00F04C859E4B219A1360013B29
:10DD00000093DCE79DED0A0B12AA13A9204601F04F
:10DD1000B8FAC9F30A558246002D7ED00B9BCDF888
:10DD20004080C3F31303DDE90A6743F07F5747F4EC
:10DD30004017A5F2FF35904B002230463946FEF7DA
:10DD4000C1FA83A3D3E9002301F080FD82A3D3E9C4
:10DD50000023FEF7B9FA064628460F46FEF700FCF8
:10DD60007FA3D3E9002301F071FD02460B46304644
:10DD70003946FEF7A9FA06460F4602F017F80022C8
:10DD8000814600233046394601F0D2FF48B148466B
:10DD9000FEF7E6FB32463B4601F0C0FF08B909F149
:10DDA000FF39B9F1160F56D8744B03EBC903D3E909
:10DDB0000023DDE90A0101F0BBFF00284DD009F185
:10DDC000FF3900230E93129B5D1B6B1E049343BF10
:10DDD0000023C5F1010804934FF00008B9F1000FCA
:10DDE0003DDB049BCDF834904B4404930023069311
:10DDF000059B092B00F29A80052BC4BF043B0593B9
:10DE0000059BA3F10203CCBF00250125032B00F2E3
:10DE10009980DFE803F02C7D7B89DDE912531D44F6
:10DE200005F23243202BC1BFC3F1400305F212407B
:10DE300009FA03F326FA00F0DABFC3F1200306FA69
:10DE400003F01843FEF77CFB01230646A1F1F877A7
:10DE5000013D10936FE70123B4E70E90B3E7C9F1DA
:10DE6000000306930023A8EB09080D93C0E70023E5
:10DE70000893099B002B00F385804FF0010BCDF830
:10DE800004B05B46CDF824B0666A002272600422BA
:10DE900002F11400984271687AD9204600F034FFEC
:10DEA000636A30601B680093019B0E2B00F2F580C3
:10DEB000002D00F0F280B9F1000F7DDD2F4A09F04E
:10DEC0000F0302EBC30393ED007B19F4807F4FEA4D
:10DED0002917B0EE478AF0EE678A5DD0284BDDE95E
:10DEE0000A01D3E9082301F0DBFDCDE9020107F0C7
:10DEF0000F070325224E002F50D1DDE9020153EC1C
:10DF0000182B01F0CDFDCDE902016FE00123AFE751
:10DF100000230893099B09EB030B0BF10103012B71
:10DF20000193B8BF0123AFE70123F2E701250023E6
:10DF3000059308954FF0FF3B0022CDF804B0122363
:10DF40000992A1E701230893F4E700BFAFF3008033
:10DF500061436F63A787D23FB3C8608B288AC63FEF
:10DF6000FB799F501344D33F0000F07F1F2904002A
:10DF700016290400F22704000000F83FB829040025
:10DF800090290400DDF824B0CDF804B05B467BE7AF
:10DF90000131716052007BE70225ABE7F90708D534
:10DFA00051EC180BD6E9002301F050FC41EC180BA2
:10DFB00001357F1008369EE700F0AB80C9F10006FE
:10DFC000AA4BAB4F06F00F0203EBC203D3E90023C9
:10DFD000DDE90A0101F03AFCCDE902013611002326
:10DFE0000225002E40F08A80002B8CD10E9B002B46
:10DFF00000F09180DDE902679E4B002230463946F1
:10E0000001F096FE002800F08680019B002B00F0B6
:10E010008280BBF1000F3CDD09F1FF330793002242
:10E02000954B3046394601F011FCCDE9020101352E
:10E03000CDF830B0DDE902672846FEF791FA3246A6
:10E040003B4601F003FC8D4B0022FEF73DF9A1F1A8
:10E050005073CDE9020103930C9B002B60D1884BD8
:10E06000002230463946FEF72DF9DDE90223064647
:10E070000F4601F07BFE002840F09982DDE9022185
:10E08000304601F10043394601F052FE002840F0CD
:10E090008B82DDE90A23CDE90223139B002BC0F21A
:10E0A0005B81B9F10E0F00F35781704B03EBC9038D
:10E0B00093ED007B099BB0EE478AF0EE678A002B58
:10E0C00080F2E280019B002B00F3DE8040F06C8246
:10E0D0006B4B51EC170B002201F0B8FBDDE902237A
:10E0E00001F03AFE019E3746002840F04282009D32
:10E0F000312305F8013B09F101093EE2F20705D59C
:10E10000D7E9002301F0A2FB01350123761008377F
:10E1100067E702256AE7019BCDF81C900C9389E71D
:10E1200000990C980C9A514B9DED027B0144029191
:10E130000899B0EE478AF0EE678A03EBC20353E911
:10E140000223002945D04F49002001F0A9FC53ECDF
:10E15000182BFEF7B7F8009D41EC180B39463046F6
:10E1600001F024FE0C90FEF7FBF902460B46304608
:10E170003946FEF7A7F80C9B303305F8013B53EC0A
:10E18000182B06460F4601F0D3FD002865D1324614
:10E190003B4638490020FEF795F853EC182B01F068
:10E1A000C7FD002840F0B880029B9D423FF471AF4C
:10E1B000314B51EC180B002201F048FB2E4B41EC87
:10E1C000180B00223046394601F040FB06460F4648
:10E1D000C4E751EC170B01F039FB029B009D0C9337
:10E1E00041EC180B3946304601F0E0FD1190FEF786
:10E1F000B7F902460B4630463946FEF763F8119BE5
:10E20000303305F8013B029B9D4206460F464FF016
:10E21000000225D11B4B51EC180BFEF755F80246B6
:10E220000B463046394601F0A1FD002874D153EC6D
:10E23000182B14490020FEF745F802460B463046DD
:10E24000394601F075FD00283FF423AF0C9D6B1E8D
:10E250000C9315F8013C302BF8D0DDF81C9049E008
:10E26000054B01F0F3FA06460F46BBE7B829040058
:10E27000902904000000F03F0000244000001C40F2
:10E28000000014400000E03FDDE90267009D53EC10
:10E29000182B3046394601F003FC01F087FD80461B
:10E2A000FEF75EF953EC182B01F0D0FA02460B464C
:10E2B0003046394608F13006FEF704F805F8016BE0
:10E2C000009E019FAE1BB74202460B4637D1FDF7B9
:10E2D000FBFF53EC182B06460F4601F047FDC8B96B
:10E2E00053EC182B3046394601F018FD10B118F0E8
:10E2F000010F0FD12046514600F03AFD00232B704C
:10E300000F9B09F101001860219B002B3FF4D7AC53
:10E310001D60D4E4CDF81C902B461D4613F8012D4A
:10E32000392A08D1009A9A42F7D1079A0099013206
:10E33000079230220A701A7801321A708DE79E4BCC
:10E34000002201F083FA0022002306460F4601F066
:10E35000E5FC00289BD0CDE7089A002A00F0C68093
:10E36000059A012A00F3AA80109A002A00F0A280E0
:10E3700003F23343069E4546049A01211A4420467F
:10E380009844049200F099FD0746002D0BDD049B94
:10E39000002B08DDAB42049AA8BF2B46A8EB03086C
:10E3A000ED1AD31A0493069BFBB1089B002B00F0D7
:10E3B000A180002E11DD39463246204600F022FEB3
:10E3C000524601460746204600F080FD5146079020
:10E3D000204600F0CDFC079B9A46069B9A1B04D072
:10E3E0005146204600F00EFE82460121204600F0F4
:10E3F00064FD0D9B002B06467EDD1A460146204635
:10E4000000F000FE059B012B064678DD00230693F5
:10E41000336906EB8303186900F0FFFCC0F12000AC
:10E42000049B184410F01F0000F08880C0F1200306
:10E43000042B40F38180C0F11C00049B0344804402
:10E4400005440493B8F1000F05DD514642462046CD
:10E4500000F026FE8246049B002B05DD31461A465D
:10E46000204600F01DFE06460E9B002B68D031466C
:10E47000504600F074FE002862DA002351460A225A
:10E48000204600F08CFC089B09F1FF398246002BE6
:10E4900000F08881394600230A22204600F07FFCE4
:10E4A000BBF1000F074600F38F80059B022B40F362
:10E4B0008B804DE0129BC3F136035BE7019B5E1E30
:10E4C000069BB342BFBF069B0696F21A0D9BB6BFD2
:10E4D0009B189E1B0D93019BB8BF0026002BB5BF58
:10E4E000A8EB0305019B0023454645E7069E089FD0
:10E4F00045464AE7069A73E7059B012B18DC029B09
:10E50000B3B9039BC3F31303A3B9039B23F00043E5
:10E510001B0D1B052BB1049B0133049308F101086B
:10E52000012306930D9B002B7FF472AF012077E748
:10E530000023F6E7029BF4E784D018461C307CE702
:10E54000019B002B3ADC059B022B37DDDDF804B084
:10E55000BBF1000F0DD131465B460522204600F08D
:10E560001EFC01460646504600F0F9FD00283FF724
:10E57000BEAD099B009D6FEA03094FF000083146CC
:10E58000204600F0F5FB002F3FF4B4AEB8F1000FC9
:10E5900005D0B84503D04146204600F0E9FB394696
:10E5A000204600F0E5FBA5E600263746E1E70C9E95
:10E5B000DDF81C9037469AE500002440089BDDF802
:10E5C00004B0002B00F0F580002D05DD39462A4609
:10E5D000204600F065FD0746069B002B55D0796864
:10E5E000204600F091FB3A6902320546920007F19D
:10E5F0000C010C30FEF748FA01222946204600F0B3
:10E600004FFD009B01330193009B5B440793029BEA
:10E6100003F00103B84606930746019B3146504676
:10E6200003F1FF3BFFF773FA034630330290414694
:10E630005046089300F093FD3A4604903146204638
:10E6400000F0A9FDC268089B054602BB0146504682
:10E6500000F085FD089B024629462046CDE9083298
:10E6600000F086FB059B099A019D43EA0201069B87
:10E670000B43089B0DD1392B27D0049A002A01DDCA
:10E68000029B31338BF8003079E73846B9E7012235
:10E69000E2E70499002904DB059801430698014349
:10E6A00020D1002AEEDD514601222046019300F0E0
:10E6B000F7FC3146824600F052FD0028019B02DC47
:10E6C000E0D1DA07DED5392BDAD139238BF80030E7
:10E6D0002B461D46013B15F8012C392A50D001323A
:10E6E0001A704CE7002A03DD392BEED00133C9E75D
:10E6F000019A079902F8013C8A422AD05146002328
:10E700000A22204600F04BFBB84582464FF000033A
:10E710004FF00A024146204607D100F040FB8046F8
:10E720000746019B0133019377E700F038FB394638
:10E73000804600230A22204600F031FB0746F0E71E
:10E74000BBF1000F009ACCBF5D46012515444FF088
:10E750000008514601222046019300F0A1FC3146F9
:10E76000824600F0FCFC0028B2DC02D1019BDB07F2
:10E77000AED42B461D4613F8012D302AFAD0FEE602
:10E78000009A9A42A5D1312309F101091370F6E6E6
:10E79000124BFFF7B5BA219B002B7FF48BAA104BCD
:10E7A000FFF7AEBABBF1000F03DC059B022B3FF76E
:10E7B000CFAE009D31465046FFF7A9F900F1300376
:10E7C00005F8013B009AAA1A9345B9DD514600238A
:10E7D0000A22204600F0E3FA8246EBE7F127040024
:10E7E000162904008A892DE9F041054610070C46D8
:10E7F00058D44B68002B05DC0B6C002B02DC00208E
:10E80000BDE8F081E66A002EF9D0002312F48052B0
:10E810002F682B6032D0606DA3895A0705D56368D5
:10E82000C01A636B0BB1236CC01A00230246E66A60
:10E83000216A2846B047431CA38906D129681D29AF
:10E840002CD82A4ACA40D60728D500226260D904AB
:10E850002269226004D5421C01D12B6803B960658E
:10E86000616B2F600029CAD004F14403994202D0A1
:10E870002846FEF739F900206063C1E7216A0123C9
:10E880002846B047411CC7D12B68002BC4D01D2B94
:10E8900001D0162B01D12F60B1E7A38943F04003CB
:10E8A000A381ADE70F69002FA9D093070E6808BFB9
:10E8B0004B690F6018BF0023A6EB07088B60B8F107
:10E8C000000F9CDD216AA66A43463A462846B047B7
:10E8D000002806DCA38943F04003A3814FF0FF30FA
:10E8E0008EE70744A8EB0008E9E700BF01004020DD
:10E8F00038B50B6905460C4613B90025284638BDC6
:10E9000018B183690BB900F087F8144B9C421BD1F6
:10E910006C68B4F90C30002BEFD0626ED00704D4D1
:10E92000990502D4A06D00F01AF928462146FFF798
:10E9300059FF636EDA070546E0D4A3899B05DDD451
:10E94000A06D00F00DF9D9E7054B9C4201D1AC68F0
:10E95000DFE7044B9C4208BFEC68DAE74429040077
:10E960006429040024290400002310B50446C0E9EA
:10E970000033C0E90433836081814366C2818361CF
:10E98000194608225C30FEF7A7F8054B6362054B79
:10E99000A362054BE362054B2462236310BD00BFF5
:10E9A000CDF60300EFF6030027F703004BF7030053
:10E9B000014900F0AFB800BFF1E8030070B54A1E8E
:10E9C000682555430E4605F17401FEF7DDF804464F
:10E9D00040B10021C0E900160C30A06005F16802CA
:10E9E000FEF77AF8204670BD014800F0B8B800BFC5
:10E9F000DC950020014800F0B3B800BFDC95002092
:10EA0000014800F0ACB800BFD7950020014800F0E5
:10EA1000A7B800BFD795002010B50446FFF7F0FF58
:10EA2000A3691BB1BDE81040FFF7F0BFC4E9123382
:10EA30002365134B134A1B68A262A34204BF012340
:10EA4000A361204600F020F86060204600F01CF82A
:10EA5000A060204600F018F80022E0600421606801
:10EA6000FFF782FFA06801220921FFF77DFFE06820
:10EA700002221221FFF778FF0123A361D2E700BF32
:10EA8000CC270400B1E90300F8B50746FFF7ACFF57
:10EA90001E4B1E68B36913B93046FFF7BDFF4836F9
:10EAA000D6E90134013B03D533680BB33668F7E789
:10EAB000B4F90C50D5B9164BE36004F15800656603
:10EAC00000F04CF8FFF796FFC4E90155C4E904557E
:10EAD0002560A5610822294604F15C00FDF7FCFFD2
:10EAE000C4E90D55C4E912552046F8BD6834D9E78C
:10EAF00004213846FFF762FF044630600028D5D174
:10EB0000FFF778FF0C233B60EEE700BFCC27040043
:10EB10000100FFFF2DE9F8430646884600F148044E
:10EB20000027D4E90195B9F1010905D52468002C25
:10EB3000F7D13846BDE8F883AB89012B07D9B5F981
:10EB40000E30013303D029463046C04707436835AD
:10EB5000E9E7000000487047E8620020704770470E
:10EB6000704770B50E46B1F90E10002996B01446E4
:10EB70001D4607DA00232B60B3891A0610D44FF420
:10EB800080630EE06A4600F013FE0028F2DB019A73
:10EB900002F47042A2F500535A425A412A60EEE74D
:10EBA00040230020236016B070BD00008B8973B530
:10EBB0009D0706460C4607D504F1470323602361F1
:10EBC0000123636102B070BD01AB6A46FFF7C9FF64
:10EBD000009905463046FDF7D7FF48B9B4F90C3027
:10EBE0009A05EFD423F0030343F00203A381E3E784
:10EBF0000D4BB362A389206043F08003A381009B87
:10EC00006361019B20615BB1B4F90E10304600F0E6
:10EC1000E1FD28B1A38923F0030343F00103A3819D
:10EC2000A0890543A581CDE7B1E9030082B001B910
:10EC300001A942B14BB113780B601278101E18BFB6
:10EC4000012002B070471046FBE76FF00100F8E7C3
:10EC500001F0FF01102A2BDB10F0070F08D010F88D
:10EC6000013B013A8B422DD010F0070F42B3F6D191
:10EC7000F0B441EA012141EA014122F007047FF0AA
:10EC800000070023F0E80256083C85EA010586EA01
:10EC9000010685FA47F5A3FA87F586FA47F6A5FA3D
:10ECA00087F68EB9EED1F0BC01F0FF0102F0070249
:10ECB00032B110F8013B013A83EA010313B1F8D1F4
:10ECC0000020704701387047002D06BF35460338D5
:10ECD000073815F0010F07D1013015F4807F02BF0E
:10ECE000013015F4C03F0130F0BC0138704700BF5F
:10ECF0000148FFF734BF00BFD89500200148FFF757
:10ED00002FBF00BFD895002070B5466A04460D4657
:10ED10003EB91020F5F7CAFFC0E9016660620660DF
:10ED2000C660666AF36883B1636ADB6853F82500DE
:10ED3000B8B9012101FA05F6721D9200204600F0D3
:10ED4000F0FA60B1C0E901560EE02122042120460C
:10ED500000F0E7FA636AF060DB68002BE4D1002082
:10ED600070BD026843F825200023C0E90333F7E7AC
:10ED700070B5466A05460C463EB91020F5F796FF79
:10ED8000C0E9016668620660C6603CB16B6A626891
:10ED9000DB6853F82210216043F8224070BD2DE952
:10EDA000F0410E69074698460C4601F11400002315
:10EDB0000568A9B202FB01814FEA114C2D0C02FB40
:10EDC00005C589B2013301EB05419E4240F8041BA1
:10EDD0004FEA1548ECDCB8F1000F1BD0A368B34232
:10EDE00012DC616838460131FFF78EFF226902327A
:10EDF00004F10C01054692000C30FDF745FE21465A
:10EE00003846FFF7B5FF2C4604EB86030136C3F8FE
:10EE1000148026612046BDE8F081030C1B04D3B9A1
:10EE20000004102310F07F4F04BF0002083310F0DD
:10EE3000704F04BF0001043310F0404F04BF800046
:10EE40000233002805DB10F0804F03F1010308BFF7
:10EE50002023184670470023E4E7036813F00702F5
:10EE600001460BD0DA0724D4980749BF5B089B08FA
:10EE700001200B605CBF0B600220704798B2B0B9F4
:10EE80001B0C102013F0FF0F04BF1B0A08301A07D9
:10EE900004BF1B0904309A0704BF9B080230DA073D
:10EEA00003D45B0800F1010005D00B6070471046E9
:10EEB000E8E7002070472020704710B50C4601217C
:10EEC000FFF722FF01224461026110BD2DE9F04FDE
:10EED00015460A692B699A42B8BF0B460C46BCBF5F
:10EEE0002C461D462769D5F81090A368616807EB8A
:10EEF0000906B342B8BF013185B0FFF705FF00F145
:10EF0000140101EB86080B46002243451DD304F192
:10EF1000140305F1140203EB870702EB8903029344
:10EF20003B1B153B23F00303043304F11505AF42EB
:10EF300038BF04230193029B0392934208D8002E0A
:10EF40005ADC066105B0BDE8F08F43F8042BDCE71E
:10EF5000B2F800A0BAF1000F24D004F1140E8946D3
:10EF60004FF0000C5EF8045BD9F800B0ABB21FFAAA
:10EF70008BFB0AFB03B34FEA154BD9F800506344EF
:10EF80004FEA154C0AFB0BC505EB13459BB243EA50
:10EF90000543774549F8043B4FEA154CE2D8019BFD
:10EFA00041F803C0039BB3F802900432B9F1000F9B
:10EFB00020D00B6804F1140C8E464FF0000ABCF808
:10EFC0000050BEF802B009FB05B5AA449BB243EA63
:10EFD0000A434EF8043B5CF8043BBEF800501B0C9F
:10EFE00009FB035303EB1A4367454FEA134AE6D87C
:10EFF000019D4B5104319EE758F8043D002BA0D1F0
:10F00000013E9CE72DE9F843154612F0030206463F
:10F010000F4607D0214C013A002354F82220FFF775
:10F02000BEFE0746AD1035D0746A3CB91020F5F726
:10F030003DFEC0E9014470620460C460D6F82480DB
:10F04000D8F808404CB940F271213046FFF735FF3F
:10F050000023C8F80800044603604FF00009EB07DE
:10F060000AD5394622463046FFF730FF39468046FA
:10F070003046FFF77DFE47466D100BD0206838B94B
:10F08000224621463046FFF721FF2060C0F800905D
:10F090000446E4E73846BDE8F88300BF802A040050
:10F0A0002DE9F0470C464968236903EB6218A36811
:10F0B000074691464FEA621A08F10106B3423FDB68
:10F0C0003846FFF721FE0023054600F1140100F148
:10F0D00010021846534536DB20692AEAEA7A04F121
:10F0E000140319F01F0901EB8A0103EB800C2ED0E9
:10F0F000C9F1200E8A460022186800FA09F002437E
:10F100004AF8042B53F8042B9C4522FA0EF2F3D84C
:10F11000ACEB0403153B23F00303043304F11500A7
:10F12000604588BF0423CA500AB108F10206013EB7
:10F1300038462E612146FFF71BFE2846BDE8F087C2
:10F1400001315B00BAE742F8040F0133C2E704392A
:10F1500053F8042B41F8042F9C45F9D8E7E730B564
:10F1600002690C69121B0ED100F11403143103EB78
:10F17000840001EB840150F8045D51F8044DA54270
:10F1800003D005D30122104630BD8342F3D3FAE702
:10F190004FF0FF32F7E72DE9F84F0C4606461146CF
:10F1A00020461746FFF7DBFF051E08D129463046EB
:10F1B000FFF7AAFD0123C0E90435BDE8F88FA4BF1D
:10F1C0003B46274630467968A6BF1C4600250125E8
:10F1D000FFF79AFD3E69C560256907F1140104F146
:10F1E000140900F1140E07F1100201EB860C09EB73
:10F1F0008505F246002759F8043B52F804BF1FFA70
:10F2000083F817FA8BF71B0CA7EB0808C3EB1B431B
:10F2100003EB28431FFA88F81F144D4548EA0343BF
:10F220004AF8043BE7D82B1B153B23F003030433B8
:10F230001534A54238BF0423194473449E460D4635
:10F2400065450ED30CF10302521A22F00302033972
:10F250008C4538BF00221A4452F8043D7BB1066148
:10F26000ABE755F8048B17FA88F4221402EB184226
:10F27000A4B244EA02444EF8044B1714E0E7013EFE
:10F28000EAE72DE9F7438946012157EC106B9046D8
:10F29000FFF73AFDC7F30A550446C7F3130335BB1E
:10F2A000002E019328D068460096FFF7D6FD0099FE
:10F2B00000B3019AC0F1200302FA03F30B43C240EA
:10F2C00063610192019BA361002B14BF0222012202
:10F2D0002261D5B1A5F233450544C9F80050C0F10B
:10F2E0003500C8F80000204603B0BDE8F08343F4C1
:10F2F0008013D5E76161E5E701A8FFF7AEFD019B4B
:10F300006361012222612030E3E704EB8203A0F273
:10F310003240C9F800001869FFF77FFDC0EB4210CA
:10F32000DFE713B54A4311460192FDF72DFC044671
:10F3300018B1019A0021FDF7CFFB204602B010BDA5
:10F34000F8B5074614460E4621B9BDE8F840114607
:10F35000FDF71ABC22B9FDF7C7FB25462846F8BDC4
:10F3600000F05AFAA0420FD221463846FDF70CFCB5
:10F3700005460028F2D031462246FDF785FB31468E
:10F380003846FDF7B1FBE9E73546E7E72DE9F047F9
:10F390008E689E4282460C4690461F4638D88A891F
:10F3A00012F4906F32D025680969A5EB01096569EF
:10F3B00005EB450505EBD57501334B446D109D42BA
:10F3C00038BF1D46530531D52946FDF7DDFB0646FE
:10F3D00050B90C23CAF80030A38943F04003A3813D
:10F3E0004FF0FF30BDE8F08721694A46FDF74CFB3E
:10F3F000A38923F4906343F08003A38126616561B0
:10F400004E44A5EB09052660A5603E46BE4200D9E4
:10F410003E46324620684146FDF744FBA368226819
:10F420009B1B3244A36022600020DBE72A46FFF7E3
:10F4300087FF06460028E1D121695046FDF754FBBD
:10F44000C7E700002DE9F04F98468B891B069DB059
:10F4500007460D4614460ED50B6963B94021FDF7EA
:10F4600093FB2860286120B90C233B604FF0FF30EC
:10F47000D1E040236B610023099320238DF82930CC
:10F48000CDF80C803023DFF8A8818DF82A304FF0BA
:10F49000010923469A4613F8012B0AB1252AF9D10E
:10F4A000BAEB040B0BD05B46224629463846FFF7E1
:10F4B0006DFF013000F0AA80099A5A4409929AF827
:10F4C0000030002B00F0A28000234FF0FF32CDE986
:10F4D00005230AF1010A049307938DF853301A9318
:10F4E0005446052214F8011B5148FFF7B1FB049A5A
:10F4F000D8B9D00644BF20238DF85330110744BF3C
:10F500002B238DF853309AF800302A2B15D0079A08
:10F51000544600204FF00A0C214611F8013B303BC5
:10F52000092B4ED9B0B1079214E0A0EB080309FAF9
:10F5300003F313430493A246D2E7039B191D1B68F0
:10F540000391002BBBBF5B4242F00202079307937B
:10F55000B8BF049223782E2B0CD163782A2B35D197
:10F56000039B1A1D1B680392002BB8BF4FF0FF339B
:10F5700002340593DFF8C8A0217803225046FFF734
:10F5800067FB40B14023A0EB0A0003FA00F0049BA4
:10F5900003430134049314F8011B26488DF8281006
:10F5A0000622FFF755FB002838D0234B1BBB039BDB
:10F5B000073323F0070308330393099B334409936C
:10F5C00067E70CFB02320C460120A5E7002301345B
:10F5D000059319464FF00A0C204610F8012B303ADB
:10F5E000092A03D9002BC5D00591C3E70CFB0121E3
:10F5F00004460123F0E703AB00932A460F4B04A90E
:10F600003846FDF715FD421C0646D6D1AB895B0690
:10F610003FF52CAF09981DB0BDE8F08F03AB009308
:10F620002A46064B04A93846FDF7A6FFEBE700BFC4
:10F63000D0270400DA27040031D003008DF3030043
:10F64000D62704001F2938B504460D4604D91623D1
:10F6500003604FF0FF3038BD426C12B152F82130D8
:10F660004BB9204600F030F82A4601462046BDE856
:10F67000384000F017B8012B0AD0591C03D11623CB
:10F6800003600120E7E7002442F825402846984718
:10F690000020E0E7024B01461868FFF7D3BF00BF28
:10F6A0009461002038B5074D0023044608461146F2
:10F6B0002B6000F0C3FB431C02D12B6803B1236015
:10F6C00038BD00BFE095002000F0A8BB10B50C4687
:10F6D000B1F90E1000F0A8F80028ABBF636DA38944
:10F6E0001B1823F48053ACBF6365A38110BD2DE9C3
:10F6F000F0411F468B89DB0505460C46164605D5AD
:10F70000B1F90E100223002200F074F8A389B4F9B5
:10F710000E1023F48053A38132463B462846BDE8B1
:10F72000F04100F023B810B50C46B1F90E1000F00E
:10F7300061F8431CA38915BF606523F4805343F42B
:10F740008053A38118BFA38110BDB1F90E1000F042
:10F750001FB849B1FF2A85BF8A2303600A704FF0A2
:10F76000FF3098BF012070470846704738B5074DF5
:10F7700004460846114600222A601A46F7F7AAFDF9
:10F78000431C02D12B6803B1236038BDE0950020F3
:10F7900038B5064D0023044608462B6000F02EFBCA
:10F7A000431C02D12B6803B1236038BDE0950020D3
:10F7B00038B5074D00230446084611462B6000F07B
:10F7C00025FB431C02D12B6803B1236038BD00BF69
:10F7D000E095002038B5064D0023044608462B600E
:10F7E00000F024FB431C02D12B6803B1236038BD19
:10F7F000E095002038B5074D044608461146002222
:10F800002A601A4600F022FB431C02D12B6803B188
:10F81000236038BDE095002051F8043C181F002BF0
:10F82000BCBF0B58C018704738B5074D0446084692
:10F83000114600222A601A4600F010FB431C02D138
:10F840002B6803B1236038BDE095002070B54FF000
:10F85000FF0C4CF4E06C1CEA11541DBF1CEA13555C
:10F8600094EA0C0F95EA0C0F00F0DEF82C4481EAC4
:10F87000030621EA4C5123EA4C5350EA013518BFE4
:10F8800052EA033541F4801143F4801338D0A0FBD1
:10F8900002CE4FF00005E1FB02E506F00042E0FB7E
:10F8A00003E54FF00006E1FB03569CF0000F18BF84
:10F8B0004EF0010EA4F1FF04B6F5007F64F540742C
:10F8C00004D25FEA4E0E6D4146EB060642EAC621BF
:10F8D00041EA55514FEAC52040EA5E504FEACE2E2C
:10F8E000B4F1FD0C88BFBCF5E06F1ED8BEF1004F2F
:10F8F00008BF5FEA500E50F1000041EB045170BDAB
:10F9000006F0004646EA010140EA020081EA0301EE
:10F91000B4EB5C04C2BFD4EB0C0541EA045170BDEA
:10F9200041F480114FF0000E013C00F3AB8014F164
:10F93000360FDEBF002001F0004170BDC4F10004AD
:10F94000203C35DA0C341BDC04F11404C4F120052E
:10F9500000FA05F320FA04F001FA05F240EA020089
:10F9600001F0004221F0004110EBD37021FA04F6BF
:10F9700042EB06015EEA430E08BF20EAD37070BD79
:10F98000C4F10C04C4F1200500FA04F320FA05F0D8
:10F9900001FA04F240EA020001F0004110EBD370DA
:10F9A00041F100015EEA430E08BF20EAD37070BD4A
:10F9B000C4F1200500FA05F24EEA020E20FA04F323
:10F9C00001FA05F243EA020321FA04F001F00041D2
:10F9D00021FA04F220EA020000EBD3705EEA430E43
:10F9E00008BF20EAD37070BD94F0000F0FD101F072
:10F9F0000046400041EB010111F4801F08BF013CAB
:10FA0000F7D041EA060195F0000F18BF704703F0E8
:10FA10000046520043EB030313F4801F08BF013D6F
:10FA2000F7D043EA0603704794EA0C0F0CEA13552B
:10FA300018BF95EA0C0F0CD050EA410618BF52EAE5
:10FA40004306D1D181EA030101F000414FF00000EB
:10FA500070BD50EA410606BF1046194652EA4306F9
:10FA600019D094EA0C0F02D150EA013613D195EA6D
:10FA70000C0F05D152EA03361CBF104619460AD1B5
:10FA800081EA030101F0004141F0FE4141F47001BF
:10FA90004FF0000070BD41F0FE4141F4780170BDAF
:10FAA00070B54FF0FF0C4CF4E06C1CEA11541DBF14
:10FAB0001CEA135594EA0C0F95EA0C0F00F0A7F816
:10FAC000A4EB050481EA030E52EA03354FEA013143
:10FAD00000F088804FEA03334FF0805545EA131356
:10FAE00043EA12634FEA022245EA111545EA10651E
:10FAF0004FEA00260EF000419D4208BF964244F1B5
:10FB0000FD0404F5407402D25B084FEA3202B61AD3
:10FB100065EB03055B084FEA32024FF480104FF4A7
:10FB2000002CB6EB020E75EB030E22BFB61A75461B
:10FB300040EA0C005B084FEA3202B6EB020E75EBAE
:10FB4000030E22BFB61A754640EA5C005B084FEA16
:10FB50003202B6EB020E75EB030E22BFB61A7546E3
:10FB600040EA9C005B084FEA3202B6EB020E75EBEE
:10FB7000030E22BFB61A754640EADC0055EA060EAF
:10FB800018D04FEA051545EA16754FEA06164FEAF2
:10FB9000C30343EA52734FEAC2025FEA1C1CC0D19E
:10FBA00011F4801F0BD141EA00014FF000004FF02B
:10FBB000004CB6E711F4801F04BF01430020B4F1EC
:10FBC000FD0C88BFBCF5E06F3FF6AFAEB5EB030CA4
:10FBD00004BFB6EB020C5FEA500C50F1000041EBA1
:10FBE000045170BD0EF0004E4EEA113114EB5C046E
:10FBF000C2BFD4EB0C0541EA045170BD41F4801141
:10FC00004FF0000E013C90E645EA060E8DE60CEA48
:10FC1000135594EA0C0F08BF95EA0C0F3FF43BAF65
:10FC200094EA0C0F0AD150EA01347FF434AF95EA1C
:10FC30000C0F7FF425AF104619462CE795EA0C0F00
:10FC400006D152EA03353FF4FDAE1046194622E7CD
:10FC500050EA410618BF52EA43067FF4C5AE50EAA7
:10FC600041047FF40DAF52EA43057FF4EBAE12E797
:10FC70004FF0FF3C06E000BF4FF0010C02E000BF78
:10FC80004FF0010C4DF804CD4FEA410C7FEA6C5C5B
:10FC90004FEA430C18BF7FEA6C5C1BD001B050EAFE
:10FCA000410C0CBF52EA430C91EA030F02BF90EAE9
:10FCB000020F0020704710F1000F91EA030F58BFA8
:10FCC000994208BF90422CBFD8176FEAE37040F00A
:10FCD000010070474FEA410C7FEA6C5C02D150EAA8
:10FCE000013C07D14FEA430C7FEA6C5CD6D152EA63
:10FCF000033CD3D05DF8040B704700BF8446104628
:10FD000062468C461946634600E000BF01B5FFF726
:10FD1000B7FF002848BF10F1000F01BD4DF808EDF6
:10FD2000FFF7F4FF0CBF012000205DF808FB00BFC7
:10FD30004DF808EDFFF7EAFF34BF012000205DF821
:10FD400008FB00BF4DF808EDFFF7E0FF94BF01206E
:10FD500000205DF808FB00BF4DF808EDFFF7CEFF6F
:10FD600094BF012000205DF808FB00BF4DF808EDAE
:10FD7000FFF7C4FF34BF012000205DF808FB00BF7F
:10FD80004FEA410C7FEA6C5C02D150EA013C0AD197
:10FD90004FEA430C7FEA6C5C02D152EA033C02D189
:10FDA0004FF0000070474FF0010070474FEA4102EA
:10FDB00012F5001215D211D56FF47873B3EB6252BD
:10FDC00012D94FEAC12343F0004343EA505311F0E4
:10FDD000004F23FA02F018BF404270474FF0000076
:10FDE000704750EA013005D111F0004008BF6FF0B4
:10FDF000004070474FF00000704700BF024B582290
:10FE00001A604FF0FF307047E0950020024B5822F7
:10FE10001A604FF0FF307047E0950020024B5822E7
:10FE20001A604FF0FF307047E0950020024B5822D7
:10FE30001A600020704700BFE0950020024B582256
:10FE40001A604FF0FF307047E0950020024B5822B7
:10FE50001A604FF0FF307047E0950020024B5822A7
:10FE60001A604FF0FF307047E0950020FEE700BFBA
:10FE7000F8B500BFF8BC08BC9E467047F8B500BF97
:10FE8000F8BC08BC9E4670476F6B00004641494C69
:10FE9000000000004E65745761746368204C502068
:10FEA000626F6F7420286E52463532383430290024
:10FEB0004552524F523A206E6F206B657920707216
:10FEC0006F766973696F6E65642E20466C61736826
:10FED0002066726F6D20746865204E65745761747A
:10FEE0006368206170702E007365744164647220D1
:10FEF00025730A004164766572746973696E6720C0
:10FF000046696E64204D79207061796C6F61642060
:10FF1000284C5029000000000000000000000000F4
:10FF2000DD7B0200017C0200100018000000C80008
:10FF30000000000000000000A9900200AD90020047
:10FF40005075626C696300005374617469630000EA
:10FF500050726976617465205265736F6C76616268
:10FF60006C65000050726976617465204E6F6E207A
:10FF70005265736F6C7661626C6500005849414F41
:10FF8000206E524635323834302053656E7365002A
:10FF9000424C4500534F430040FF030048FF03001D
:10FFA00050FF030064FF0300010000071100000080
:10FFB000D8ECF0F4F8FC0002030405060708000082
:10FFC0002F61646166727569742F626F6E645F7011
:10FFD000727068002F61646166727569742F626F58
:10FFE0006E645F636E7472002F616461667275691E
:10FFF000742F626F6E645F707270682F2530325894
:020000024000BC
:100000002530325825303258253032582530325874
:1000100025303258000000002F61646166727569F6
:10002000742F626F6E645F636E74722F2530325866
:100030002530325825303258253032582530325844
:100040002530325800000000253032583A25303231
:10005000583A253032583A253032583A25303258FD
:100060003A2530325800000054696E7955534220C9
:1000700053657269616C0000000000000000000020
:1000800031A50200E9A40200D9A4020055A402008F
:10009000A1A4020075A40200CDA402006DA3020079
:1000A000F0FFFFFF000000009DA50200536565659D
:1000B000640000003031323334353637383941424C
:1000C00043444546000000001201000200000040C9
:1000D0008628458000010102030100000902090091
:1000E000000100A03200000041646166727569740D
:1000F000000000004D6173732053746F7261676577
:1001000000000000312E30007573626400000000B2
:10011000050F3900021810050038B60834A909A0E7
:10012000478BFDA0768815B665000101011C1005FE
:1001300000DF60DDD88945C74C9CD2659D9E648AEE
:100140009F00000306B2000200000000CDAF0200D5
:1001500045B0020071B0020069B1020029B202008C
:100160000000000071BB020081BB020091BB0200D5
:1001700025BC020059BD020000000000B1B302001E
:10018000C1B30200D1B3020091B4020091B60200E3
:100190000000000071B70200D1B70200F9B70200F9
:1001A00029B902002DB90200000000002DC4020090
:1001B00089C40200A9C402007DAD020091C50200FD
:1001C000000000000001010100000000000000002C
:1001D00011EC020015EC02002E0000002E2E000093
:1001E0002F00000000000000000000009DEF020052
:1001F00019EE0200A59A0200C9EE020041EF0200CA
:1002000059EE02000DEF0200626C6F636B203C2020
:100210006C66732D3E6366672D3E626C6F636B5F29
:10022000636F756E74000000433A5C5573657273BA
:100230005C427269616E204355455C417070446157
:1002400074615C4C6F63616C5C41726475696E6F64
:1002500031355C7061636B616765735C53656565BF
:100260006475696E6F5C68617264776172655C6EFB
:10027000726635325C312E312E31335C6C696272BC
:1002800061726965735C41646166727569745F4C23
:100290006974746C6546535C7372635C6C697474E6
:1002A0006C6566735C6C66732E63000068656164E0
:1002B000203E3D20322026262068656164203C3D9A
:1002C000206C66732D3E6366672D3E626C6F636BB8
:1002D0005F636F756E7400007063616368652D3EC7
:1002E000626C6F636B203D3D2030786666666666A3
:1002F000666666006E626C6F636B203E3D20322046
:100300002626206E626C6F636B203C3D206C66730A
:100310002D3E6366672D3E626C6F636B5F636F7526
:100320006E740000656E7472792E642E7479706537
:10033000203D3D204C46535F545950455F52454740
:1003400000000000726573006C66732D3E63666783
:100350002D3E6C6F6F6B61686561642025203332C0
:10036000203D3D20300000006C66732D3E636667C3
:100370002D3E6C6F6F6B6168656164203E203000BC
:100380006C66732D3E6366672D3E70726F675F7398
:10039000697A652025206C66732D3E6366672D3E65
:1003A000726561645F73697A65203D3D20300000AD
:1003B0006C66732D3E6366672D3E626C6F636B5F88
:1003C00073697A652025206C66732D3E6366672D00
:1003D0003E70726F675F73697A65203D3D20300023
:1003E000342A6C66735F6E70773228307866666682
:1003F0006666666666202F20286C66732D3E6366EF
:10040000672D3E626C6F636B5F73697A652D322A6C
:10041000342929203C3D206C66732D3E6366672D90
:100420003E626C6F636B5F73697A65006C697474AC
:100430006C656673000000006C66735F63616368DF
:10044000655F7265616400006C66735F6361636819
:10045000655F70726F6700006C66735F63747A5FCC
:1004600066696E64000000006C66735F63747A5F97
:10047000657874656E6400006C66735F66696C65B0
:100480005F73796E630000006C66735F72656D6FF9
:10049000766500006C66735F696E69740000000029
:1004A000000000006410B71DC8206E3BAC30D92698
:1004B0009041DC76F4516B6B5861B24D3C71055044
:1004C0002083B8ED44930FF0E8A3D6D68CB361CB6C
:1004D000B0C2649BD4D2D38678E20AA01CF2BDBD20
:1004E000000000000000000091460300A546030044
:1004F00002000000030000001C0000001D000000BE
:1005000004000000050000002B0000002C0000008B
:100510002D0000002E0000002F0000001A00000037
:10052000060000001E0000000E0000002800000071
:100530001B000000070000000B0000002A00000064
:1005400020000000100000000D000000110000005D
:100550001500000019000000140000001800000041
:100560001600000017000000090000000A0000004B
:100570001F000000546D725100000000546D722085
:10058000537663006C6F6F700000000043616C6C09
:100590006261636B000000004661696C20746F202B
:1005A00061637175697265206D757465780A000004
:1005B0004661696C20746F2072656C65617365209B
:1005C0006D757465780A00004661696C20746F204F
:1005D000696E63726561736520504D20636F756E3F
:1005E0007465720A000000004661696C20746F2017
:1005F000646563726561736520504D20636F756E2D
:100600007465720A00000000000102030405060779
:1006100008090A0B0C0D0E0F1011121314151617E2
:1006200018191A1B1C1D1E1FC6A13B37878F5B8222
:100630006F4F8162A1C8D8799503E3A2245A2BE4B5
:100640003C9874EDFE1BED9EF29000B62A499FD0B7
:10065000A9F39A6ADD2E77809DBA41A777F3B46A31
:1006600037B7AAAE49D6DF8D2F7A3C600708D12470
:10067000ACD3C5DE3B6584470000000001000000EC
:100680000300000002000000FFFFFFFF0700000062
:100690004661696C20746F206765742054524E4720
:1006A00020636861726163746572697A6174696FED
:1006B0006E20706172616D6574657273200A00004E
:1006C0004661696C20746F206372656174652053A4
:1006D000594D206D757465780A0000004661696C9B
:1006E00020746F20637265617465204153594D20F9
:1006F0006D757465780A00004661696C65642074E4
:100700006F2063726561746520506F776572206D2C
:10071000757465780A0000004661696C20746F206A
:100720006372656174652047656E566563206D75FB
:100730007465780A0000000043616E277420696EBA
:10074000697469616C697A65206D757465782C20AF
:10075000776173204E554C4C0D0A000043616E27A3
:1007600074206C6F636B206D757465782C207761D5
:1007700073204E554C4C0D0A0000000043616E275B
:100780007420756E6C6F636B206D757465782C20AA
:10079000776173204E554C4C0D0A0000536153692C
:1007A0005F48616C57616974496E746572727570E7
:1007B000742063616E74207761697420666F7220A3
:1007C0006E6F7468696E670A000000000001020322
:1007D0000405060708090A0B0C0D0E0F1011121361
:1007E0001415161718191A1B1C1D1E1F59C20300B9
:1007F00061C2030069C2030071C2030079C2030031
:1008000081C2030089C2030091C2030099C20300A0
:10081000A1C20300A9C203000000000073ACFFFFE7
:10082000FEFFFFFFFFFFFFFFFFFFFFFFFFFFFFFFD9
:1008300000000000000000000000000000000000B8
:1008400000000000000000000000000000000000A8
:100850000000000000000000000000000000000098
:100860000000000000000000000000000000000088
:100870000000000000000000000000000000000078
:100880000000000000000000000000000000000068
:100890000000000000000000000000000000000058
:1008A0000000000000000000000000000700000041
:1008B0000000000000000000000000000000000038
:1008C0000000000000000000000000000000000028
:1008D0000000000000000000000000000000000018
:1008E0000000000000000000000000000000000008
:1008F00000000000B3B616CA9AABDF16FAB80100C2
:1009000000000000000000000100000000000000E6
:1009100000000000000000000000000000000000D7
:1009200000000000000000000000000000000000C7
:1009300000000000000000000000000000000000B7
:10094000BB7E4DDDF5F43630769E01A492A17AE3AC
:100950002C384C3B000000000000000000000000AC
:100960000000000000000000000000000000000087
:100970000000000000000000000000000000000077
:100980000000000000000000EE4F3CF0C33317539E
:100990008682C26BEDDC8F3135F98C93000000004C
:1009A0000000000000000000000000000000000047
:1009B0000000000000000000000000000000000037
:1009C0000000000000000000000000000000000027
:1009D0000100000000000000000000008000000096
:1009E0000000000000000000FFFFFFFFFFFFFFFF0F
:1009F000FF000000000000000000000000000000F8
:100A000000000000000000000000000000000000E6
:100A100000000000000000000000000000000000D6
:100A200000000000000000000000000000000000C6
:100A300000000000000000000000000000000000B6
:100A400000000000000000000000000000000000A6
:100A50000000000000000000000000000000000096
:100A60000000000000000000000000000000000086
:100A70000000000000000000000000000000000076
:100A80000000000000000000000000000000000066
:100A90000000000000000000000000000000000056
:100AA0000000000000000000000000000000000046
:100AB0000000000000000000000000000000000036
:100AC0000000000000000000000000000000000026
:100AD00000000000A0000000A100000005000000D0
:100AE00000000000534543475F5052494D455F3178
:100AF00036304B3100000000FFFFFF7FFFFFFFFF9C
:100B0000FFFFFFFFFFFFFFFFFFFFFFFF00000000F1
:100B100000000000000000000000000000000000D5
:100B200000000000000000000000000000000000C5
:100B300000000000000000000000000000000000B5
:100B4000FCFFFF7FFFFFFFFFFFFFFFFFFFFFFFFF38
:100B5000FFFFFFFF00000000000000000000000099
:100B60000000000000000000000000000000000085
:100B70000000000000000000000000000000000075
:100B8000000000000000000045FA65C5ADD4D48126
:100B90009FF8AC658B7ABD54FCBE971C000000002A
:100BA0000000000000000000000000000000000045
:100BB0000000000000000000000000000000000035
:100BC0000000000000000000000000000000000025
:100BD000572275CAD3AE27F9C8F4010000000000FF
:100BE0000000000001000000000000000000000004
:100BF00000000000000000000000000000000000F5
:100C000000000000000000000000000000000000E4
:100C100000000000000000000000000082FCCB1378
:100C2000B98BC368896964462873F58E68B5964A9E
:100C300000000000000000000000000000000000B4
:100C400000000000000000000000000000000000A4
:100C50000000000000000000000000000000000094
:100C60000000000032FBC57A3751230412C9DC5959
:100C70007D9468315528A623000000000000000084
:100C80000000000000000000000000000000000064
:100C90000000000000000000000000000000000054
:100CA0000000000000000000000000000100000043
:100CB00000000000000000008000000000000000B4
:100CC00000000000FFFFFFFFFFFFFFFFFF0000002D
:100CD0000000000000000000000000000000000014
:100CE0000000000000000000000000000000000004
:100CF00000000000000000000000000000000000F4
:100D000000000000000000000000000000000000E3
:100D100000000000000000000000000000000000D3
:100D200000000000000000000000000000000000C3
:100D300000000000000000000000000000000000B3
:100D400000000000000000000000000000000000A3
:100D50000000000000000000000000000000000093
:100D60000000000000000000000000000000000083
:100D70000000000000000000000000000000000073
:100D80000000000000000000000000000000000063
:100D90000000000000000000000000000000000053
:100DA0000000000000000000000000000000000043
:100DB000A0000000A10000000500000001000000EC
:100DC000534543475F5052494D455F3136305231AC
:100DD0000000000073ACFFFFFEFFFFFFFFFFFFFFFF
:100DE000FFFFFFFFFFFFFFFF00000000000000000B
:100DF00000000000000000000000000000000000F3
:100E000000000000000000000000000000000000E2
:100E100000000000000000000000000070ACFFFFB8
:100E2000FEFFFFFFFFFFFFFFFFFFFFFFFFFFFFFFD3
:100E300000000000000000000000000000000000B2
:100E400000000000000000000000000000000000A2
:100E50000000000000000000000000000000000092
:100E600000000000BA8803F55A4D6604492757ABC5
:100E70008BEB59FBD334E1B400000000000000000C
:100E80000000000000000000000000000000000062
:100E90000000000000000000000000000000000052
:100EA0000000000000000000000000006BA1A1F3A2
:100EB00018A886E71E3500000000000000000000B2
:100EC0000100000000000000000000000000000021
:100ED0000000000000000000000000000000000012
:100EE0000000000000000000000000000000000002
:100EF00000000000000000006DCE44319D19F73065
:100F00001BF14F1F7E113A2934B0DC520000000063
:100F100000000000000000000000000000000000D1
:100F200000000000000000000000000000000000C1
:100F300000000000000000000000000000000000B1
:100F40002E3FD4A7FE2C98F90DFA71E096F231E30A
:100F5000F2FEAFFE000000000000000000000000F4
:100F60000000000000000000000000000000000081
:100F70000000000000000000000000000000000071
:100F80000000000000000000010000000000000060
:100F900000000000800000000000000000000000D1
:100FA000FFFFFFFFFFFFFFFFFF000000000000004A
:100FB0000000000000000000000000000000000031
:100FC0000000000000000000000000000000000021
:100FD0000000000000000000000000000000000011
:100FE0000000000000000000000000000000000001
:100FF00000000000000000000000000000000000F1
:1010000000000000000000000000000000000000E0
:1010100000000000000000000000000000000000D0
:1010200000000000000000000000000000000000C0
:1010300000000000000000000000000000000000B0
:1010400000000000000000000000000000000000A0
:101050000000000000000000000000000000000090
:101060000000000000000000000000000000000080
:101070000000000000000000000000000000000070
:10108000000000000000000000000000A0000000C0
:10109000A100000005000000020000005345434786
:1010A0005F5052494D455F313630523200000000EA
:1010B00037EEFFFFFEFFFFFFFFFFFFFFFFFFFFFF1A
:1010C000FFFFFFFFFFFFFFFF000000000000000028
:1010D0000000000000000000000000000000000010
:1010E0000000000000000000000000000000000000
:1010F00000000000000000000000000000000000F0
:1011000000000000000000000000000000000000DF
:1011100000000000000000000000000000000000CF
:1011200000000000000000000000000000000000BF
:1011300000000000000000000000000000000000AF
:10114000030000000000000000000000000000009C
:10115000000000000000000000000000000000008F
:10116000000000000000000000000000000000007F
:10117000000000000000000000000000000000006F
:1011800000000000000000008DFDDE746A46690F5B
:1011900017FCF226FEFFFFFFFFFFFFFFFFFFFFFF31
:1011A000000000000000000000000000000000003F
:1011B000000000000000000000000000000000002F
:1011C000000000000000000000000000000000001F
:1011D000000000007D6CE0EAB1D1A51D34F4B780B9
:1011E000027DB026AEE957C00EF14FDB00000000D3
:1011F00000000000000000000000000000000000EF
:1012000000000000000000000000000000000000DE
:101210000000000000000000000000009D2F5ED9CB
:1012200088AA82403486BE15D0634184A728569C84
:101230006D2F2F9B00000000000000000000000048
:10124000000000000000000000000000000000009E
:10125000000000000000000000000000000000008E
:10126000000000000100000000000000000000007D
:1012700080000000000000000000000000000000EE
:1012800000000000800000000000000000000000DE
:10129000000000000000000000000000000000004E
:1012A000000000000000000000000000000000003E
:1012B000000000000000000000000000000000002E
:1012C000000000000000000000000000000000001E
:1012D000000000000000000000000000000000000E
:1012E00000000000000000000000000000000000FE
:1012F00000000000000000000000000000000000EE
:1013000000000000000000000000000000000000DD
:1013100000000000000000000000000000000000CD
:1013200000000000000000000000000000000000BD
:1013300000000000000000000000000000000000AD
:10134000000000000000000000000000000000009D
:10135000000000000000000000000000000000008D
:101360000000000000000000C0000000C0000000FD
:101370000500000003000000534543475F505249F9
:101380004D455F3139324B3100000000FFFFFFFF58
:10139000FFFFFFFFFEFFFFFFFFFFFFFFFFFFFFFF5E
:1013A000FFFFFFFF00000000000000000000000041
:1013B000000000000000000000000000000000002D
:1013C000000000000000000000000000000000001D
:1013D00000000000FCFFFFFFFFFFFFFFFEFFFFFF1D
:1013E000FFFFFFFFFFFFFFFFFFFFFFFF0000000009
:1013F00000000000000000000000000000000000ED
:1014000000000000000000000000000000000000DC
:10141000000000000000000000000000B1B946C15B
:10142000ECDEB8FE49302472ABE9A70FE7809CE5FB
:101430001905216400000000000000000000000009
:10144000000000000000000000000000000000009C
:10145000000000000000000000000000000000008C
:10146000000000003128D2B4B1C96B1436F8DE99FF
:10147000FFFFFFFFFFFFFFFFFFFFFFFF0000000078
:10148000000000000000000000000000000000005C
:10149000000000000000000000000000000000004C
:1014A000000000000000000000000000000000003C
:1014B0001210FF82FD0AFFF40088A143EB20BF7CDD
:1014C000F69030B00EA88D1800000000000000005B
:1014D000000000000000000000000000000000000C
:1014E00000000000000000000000000000000000FC
:1014F00000000000000000001148791EA177F97378
:10150000D5CD246BED11106378DAC8FF952B190740
:1015100000000000000000000000000000000000CB
:1015200000000000000000000000000000000000BB
:1015300000000000000000000000000000000000AB
:10154000010000000000000000000000800000001A
:10155000000000000000000000000000000000008B
:1015600080000000000000000000000000000000FB
:10157000000000000000000000000000000000006B
:10158000000000000000000000000000000000005B
:10159000000000000000000000000000000000004B
:1015A000000000000000000000000000000000003B
:1015B000000000000000000000000000000000002B
:1015C000000000000000000000000000000000001B
:1015D000000000000000000000000000000000000B
:1015E00000000000000000000000000000000000FB
:1015F00000000000000000000000000000000000EB
:1016000000000000000000000000000000000000DA
:1016100000000000000000000000000000000000CA
:1016200000000000000000000000000000000000BA
:1016300000000000000000000000000000000000AA
:1016400000000000C0000000C00000000500000015
:1016500004000000534543475F5052494D455F31F8
:1016600039325231000000006DE5FFFFFEFFFFFF41
:10167000FFFFFFFFFFFFFFFFFFFFFFFFFFFFFFFF7A
:10168000FFFFFFFF0000000000000000000000005E
:10169000000000000000000000000000000000004A
:1016A000000000000000000000000000000000003A
:1016B000000000000000000000000000000000002A
:1016C000000000000000000000000000000000001A
:1016D000000000000000000000000000000000000A
:1016E00000000000000000000000000000000000FA
:1016F00000000000000000000500000000000000E5
:1017000000000000000000000000000000000000D9
:1017100000000000000000000000000000000000C9
:1017200000000000000000000000000000000000B9
:1017300000000000000000000000000000000000A9
:10174000F7B19F7671A9F0CA8461ECD2E8DC0100A0
:101750000000000000000000000000000100000088
:101760000000000000000000000000000000000079
:101770000000000000000000000000000000000069
:101780000000000000000000000000005CA4B7B6EC
:101790000E657E0FA97570E4E967A469A128FC3085
:1017A000DF99F04D335B45A1000000000000000010
:1017B0000000000000000000000000000000000029
:1017C0000000000000000000000000000000000019
:1017D00000000000A5616D55DB4BCAE259BDB0C0E9
:1017E000F719E3F7D6FBCA824234BA7FED9F087E31
:1017F00000000000000000000000000000000000E9
:1018000000000000000000000000000000000000D8
:1018100000000000000000000000000001000000C7
:101820000000000000000000800000000000000038
:1018300000000000FFFFFFFFFFFFFFFFFF000000B1
:101840000000000000000000000000000000000098
:101850000000000000000000000000000000000088
:101860000000000000000000000000000000000078
:101870000000000000000000000000000000000068
:101880000000000000000000000000000000000058
:101890000000000000000000000000000000000048
:1018A0000000000000000000000000000000000038
:1018B0000000000000000000000000000000000028
:1018C0000000000000000000000000000000000018
:1018D0000000000000000000000000000000000008
:1018E00000000000000000000000000000000000F8
:1018F00000000000000000000000000000000000E8
:1019000000000000000000000000000000000000D7
:1019100000000000000000000000000000000000C7
:10192000E0000000E10000000500000005000000EC
:10193000534543475F5052494D455F3232344B3136
:101940000000000001000000000000000000000096
:10195000FFFFFFFFFFFFFFFFFFFFFFFFFFFFFFFF97
:101960000000000000000000000000000000000077
:101970000000000000000000000000000000000067
:10198000000000000000000000000000FEFFFFFF5C
:10199000FFFFFFFFFFFFFFFFFEFFFFFFFFFFFFFF58
:1019A000FFFFFFFFFFFFFFFF00000000000000003F
:1019B0000000000000000000000000000000000027
:1019C0000000000000000000000000000000000017
:1019D00000000000B4FF552343390B27BAD8BFD706
:1019E000B7B04450563241F5ABB3040C850A05B488
:1019F00000000000000000000000000000000000E7
:101A000000000000000000000000000000000000D6
:101A10000000000000000000000000003D2A5C5CA7
:101A20004529DD133EF0B8E0A216FFFFFFFFFFFFE0
:101A3000FFFFFFFFFFFFFFFF0000000000000000AE
:101A40000000000000000000000000000000000096
:101A50000000000000000000000000000000000086
:101A60000000000000000000211D5C11D68032340F
:101A70002211C256D3C1034AB99013327FBFB46B4F
:101A8000BD0C0EB7000000000000000000000000C8
:101A90000000000000000000000000000000000046
:101AA0000000000000000000000000000000000036
:101AB000347E00859981D5446447075AA07543CD8B
:101AC000E6DF224CFB23F7B5886337BD000000003A
:101AD0000000000000000000000000000000000006
:101AE00000000000000000000000000000000000F6
:101AF00000000000000000000100000000000000E5
:101B00000000000080000000000000000000000055
:101B10000000000000000000800000000000000045
:101B200000000000000000000000000000000000B5
:101B300000000000000000000000000000000000A5
:101B40000000000000000000000000000000000095
:101B50000000000000000000000000000000000085
:101B60000000000000000000000000000000000075
:101B70000000000000000000000000000000000065
:101B80000000000000000000000000000000000055
:101B90000000000000000000000000000000000045
:101BA0000000000000000000000000000000000035
:101BB0000000000000000000000000000000000025
:101BC0000000000000000000000000000000000015
:101BD0000000000000000000000000000000000005
:101BE00000000000000000000000000000000000F5
:101BF000000000000000000000000000E000000005
:101C0000E0000000050000000600000053454347C7
:101C10005F5052494D455F3232345231000000006E
:101C20002FFCFFFFFEFFFFFFFFFFFFFFFFFFFFFF98
:101C3000FFFFFFFFFFFFFFFFFFFFFFFFFFFFFFFFB4
:101C40000000000000000000000000000000000094
:101C50000000000000000000000000000000000084
:101C60000000000000000000000000000000000074
:101C70000000000000000000000000000000000064
:101C80000000000000000000000000000000000054
:101C90000000000000000000000000000000000044
:101CA0000000000000000000000000000000000034
:101CB000070000000000000000000000000000001D
:101CC0000000000000000000000000000000000014
:101CD0000000000000000000000000000000000004
:101CE00000000000000000000000000000000000F4
:101CF0000000000000000000414136D08C5ED2BFE1
:101D00003BA048AFE6DCAEBAFEFFFFFFFFFFFFFFE0
:101D1000FFFFFFFFFFFFFFFF0000000000000000CB
:101D200000000000000000000000000000000000B3
:101D300000000000000000000000000000000000A3
:101D4000000000009817F8165B81F259D928CE2DB3
:101D5000DBFC9B02070B87CE9562A055ACBBDCF980
:101D60007E66BE7900000000000000000000000058
:101D70000000000000000000000000000000000063
:101D8000000000000000000000000000B8D410FBBC
:101D90008FD0479C195485A648B417FDA808110E8A
:101DA000FCFBA45D65C4A32677DA3A480000000076
:101DB0000000000000000000000000000000000023
:101DC0000000000000000000000000000000000013
:101DD0000000000001000000000000000000000002
:101DE0008000000000000000000000000000000073
:101DF0000000000080000000000000000000000063
:101E000000000000000000000000000000000000D2
:101E100000000000000000000000000000000000C2
:101E200000000000000000000000000000000000B2
:101E300000000000000000000000000000000000A2
:101E40000000000000000000000000000000000092
:101E50000000000000000000000000000000000082
:101E60000000000000000000000000000000000072
:101E70000000000000000000000000000000000062
:101E80000000000000000000000000000000000052
:101E90000000000000000000000000000000000042
:101EA0000000000000000000000000000000000032
:101EB0000000000000000000000000000000000022
:101EC0000000000000000000000000000000000012
:101ED0000000000000000000000100000001000000
:101EE0000500000007000000534543475F5052497A
:101EF0004D455F3235364B3100000000FFFFFFFFDC
:101F0000FFFFFFFFFFFFFFFF0000000000000000D9
:101F10000000000001000000FFFFFFFF00000000C4
:101F200000000000000000000000000000000000B1
:101F300000000000000000000000000000000000A1
:101F400000000000FCFFFFFFFFFFFFFFFFFFFFFFA0
:101F50000000000000000000000000000100000080
:101F6000FFFFFFFF00000000000000000000000075
:101F70000000000000000000000000000000000061
:101F80000000000000000000000000004B60D227AD
:101F90003E3CCE3BF6B053CCB0061D65BC86987671
:101FA00055BDEBB3E7933AAAD835C65A00000000F6
:101FB0000000000000000000000000000000000021
:101FC0000000000000000000000000000000000011
:101FD00000000000512563FCC2CAB9F3849E17A714
:101FE000ADFAE6BCFFFFFFFFFFFFFFFF00000000B0
:101FF000FFFFFFFF000000000000000000000000E5
:1020000000000000000000000000000000000000D0
:1020100000000000000000000000000000000000C0
:1020200096C298D84539A1F4A033EB2D817D037772
:10203000F240A463E5E6BCF847422CE1F2D1176B0D
:102040000000000000000000000000000000000090
:102050000000000000000000000000000000000080
:102060000000000000000000F551BF376840B6CB0B
:10207000CE5E316B5733CE2B169E0F7C4AEBE78E2C
:102080009B7F1AFEE242E34F0000000000000000C8
:102090000000000000000000000000000000000040
:1020A0000000000000000000000000000000000030
:1020B00001000000FFFFFFFF7F0000008000000024
:1020C0000000000000000000FFFFFFFF7F00000095
:1020D0008000000000000000000000000000000080
:1020E00000000000000000000000000000000000F0
:1020F00000000000000000000000000000000000E0
:1021000000000000000000000000000000000000CF
:1021100000000000000000000000000000000000BF
:1021200000000000000000000000000000000000AF
:10213000000000000000000000000000000000009F
:10214000000000000000000000000000000000008F
:10215000000000000000000000000000000000007F
:10216000000000000000000000000000000000006F
:10217000000000000000000000000000000000005F
:10218000000000000000000000000000000000004F
:10219000000000000000000000000000000000003F
:1021A000000000000000000000000000000000002F
:1021B0000000000000010000000100000500000018
:1021C00008000000534543475F5052494D455F3278
:1021D0003536523100000000FFFFFFFF0000000015
:1021E00000000000FFFFFFFFFEFFFFFFFFFFFFFFFC
:1021F000FFFFFFFFFFFFFFFFFFFFFFFFFFFFFFFFEF
:10220000FFFFFFFFFFFFFFFF0000000000000000D6
:1022100000000000000000000000000000000000BE
:10222000FCFFFFFF0000000000000000FFFFFFFFB9
:10223000FEFFFFFFFFFFFFFFFFFFFFFFFFFFFFFFAF
:10224000FFFFFFFFFFFFFFFFFFFFFFFFFFFFFFFF9E
:10225000000000000000000000000000000000007E
:102260000000000000000000EF2AECD3EDC8852A32
:102270009DD12E8A8D3956C65A8713508F08140364
:10228000124181FE6E9C1D18192DF8E36B058E9886
:10229000E4E73EE2A72F31B3000000000000000099
:1022A000000000000000000000000000000000002E
:1022B0007329C5CC6A19ECEC7AA7B048B20D1A584C
:1022C000DF2D37F4814D63C7FFFFFFFFFFFFFFFFE7
:1022D000FFFFFFFFFFFFFFFFFFFFFFFFFFFFFFFF0E
:1022E00000000000000000000000000000000000EE
:1022F000000000000000000000000000B70A767235
:10230000385E543A6C2955BF5DF20255382A548222
:10231000E041F759989BA78B623B1D6E74AD20F38B
:102320001EC7B18E37058BBE22CA87AA00000000E7
:10233000000000000000000000000000000000009D
:10234000000000005F0EEA907C1D437A9D817E1D97
:10235000CEB1600AC0B8F0B51331DAE97C149A281E
:10236000BD1DF4F829DC9292BF989E5D6F2C2696D5
:102370004ADE1736000000000000000000000000E8
:10238000000000000000000000000000010000004C
:1023900000000000000000008000000000000000BD
:1023A00000000000000000000000000080000000AD
:1023B000000000000000000000000000000000001D
:1023C000000000000000000000000000000000000D
:1023D00000000000000000000000000000000000FD
:1023E00000000000000000000000000000000000ED
:1023F00000000000000000000000000000000000DD
:1024000000000000000000000000000000000000CC
:1024100000000000000000000000000000000000BC
:1024200000000000000000000000000000000000AC
:10243000000000000000000000000000000000009C
:10244000000000000000000000000000000000008C
:10245000000000000000000000000000000000007C
:10246000000000000000000000000000000000006C
:10247000000000000000000000000000000000005C
:10248000000000000000000000000000000000004C
:10249000800100008001000005000000090000002C
:1024A000534543475F5052494D455F3338345231AD
:1024B00000000000FFFFFFFFFFFFFFFFFFFFFFFF28
:1024C000FFFFFFFFFFFFFFFFFFFFFFFFFFFFFFFF1C
:1024D000FFFFFFFFFFFFFFFFFFFFFFFFFFFFFFFF0C
:1024E000FFFFFFFFFFFFFFFFFFFFFFFFFFFFFFFFFC
:1024F000FFFFFFFFFF01000000000000FCFFFFFFE7
:10250000FFFFFFFFFFFFFFFFFFFFFFFFFFFFFFFFDB
:10251000FFFFFFFFFFFFFFFFFFFFFFFFFFFFFFFFCB
:10252000FFFFFFFFFFFFFFFFFFFFFFFFFFFFFFFFBB
:10253000FFFFFFFFFFFFFFFFFFFFFFFFFF010000A7
:1025400000000000003F506BD41F45EFF1342C3DDC
:1025500088DF733507BFB13BBDC052167B937EEC5D
:1025600051391956E109F18E9189B4B8F315B3992F
:102570005B72DAA2EE4085B6A0219A921F9A1C8E59
:1025800061B93E95510000000000000009643891D7
:102590001EB76FBBAE479C89B8C9B53BD0A509F73C
:1025A0004801CC7F6B962FBF83878651FAFFFFFFD0
:1025B000FFFFFFFFFFFFFFFFFFFFFFFFFFFFFFFF2B
:1025C000FFFFFFFFFFFFFFFFFFFFFFFFFF01000017
:1025D000000000000000000066BDE5C2317E7EF90B
:1025E0009B426A85C1B34833DEA8FFA227C11DFE06
:1025F0002859E7EF775E4BA1BA3D4D6B60AF28F8E5
:1026000021B53F053981649C42B4952366CB3E9E3B
:10261000CDE90404B7068E85C60000000000000066
:102620005066D19F7694BE8840C272A286703C35B7
:102630006107AD3F01B950C54026F45E9972EE972F
:102640002C663E2717BDAF1768449B574944F59841
:10265000D91B7D2CB45F8A5C04C03B9A786A293907
:102660001801000000000000010000000000000050
:1026700000000000800000000000000000000000DA
:1026800000000000000000008000000000000000CA
:10269000000000000000000000000000000000003A
:1026A000000000000000000000000000000000002A
:1026B000000000000000000000000000000000001A
:1026C000000000000000000000000000000000000A
:1026D00000000000000000000000000000000000FA
:1026E00000000000000000000000000000000000EA
:1026F00000000000000000000000000000000000DA
:1027000000000000000000000000000000000000C9
:1027100000000000000000000000000000000000B9
:1027200000000000000000000000000000000000A9
:102730000000000000000000000000000000000099
:102740000000000000000000000000000000000089
:102750000000000000000000000000000000000079
:10276000000000000000000000000000090200005E
:1027700009020000050000000A000000534543471D
:102780005F5052494D455F353231523100000000F3
:102790002C2066756E6374696F6E3A2000617373E6
:1027A000657274696F6E2022257322206661696CE0
:1027B00065643A2066696C6520222573222C206CA2
:1027C000696E65202564257325730A0098610020D1
:1027D000232D302B2000686C4C006566674546470A
:1027E00000494E4600696E66004E414E006E616EB5
:1027F00000300030313233343536373839414243D6
:102800004445460030313233343536373839616229
:1028100063646566000020202020202020202028DE
:102820002828282820202020202020202020202088
:1028300020202020202088101010101010101010C0
:102840001010101010100404040404040404040400
:10285000101010101010104141414141410101017F
:102860000101010101010101010101010101010158
:102870000110101010101042424242424202020265
:102880000202020202020202020202020202020228
:1028900002101010102000000000000000000000D6
:1028A0000000000000000000000000000000000028
:1028B0000000000000000000000000000000000018
:1028C0000000000000000000000000000000000008
:1028D00000000000000000000000000000000000F8
:1028E00000000000000000000000000000000000E8
:1028F00000000000000000000000000000000000D8
:1029000000000000000000000000000000000000C7
:10291000000000000000496E66696E697479004E1F
:10292000614E0000000000000000000000000000F8
:102930000000000000000000000000000000000097
:102940000000000000000000000000000000000087
:102950000000000000000000000000000000000077
:102960000000000000000000000000000000000067
:102970000000000000000000000000000000000057
:10298000000000004300504F534958002E00000043
:102990000080E03779C34143176E05B5B5B893465B
:1029A000F5F93FE9034F384D321D30F94877825A27
:1029B0003CBF737FDD4F1575000000000000F03F45
:1029C000000000000000244000000000000059400A
:1029D0000000000000408F40000000000088C3405D
:1029E00000000000006AF8400000000080842E41D2
:1029F00000000000D01263410000000084D797411E
:102A00000000000065CDCD41000000205FA0024223
:102A1000000000E876483742000000A2941A6D4298
:102A2000000040E59C30A2420000901EC4BCD6428B
:102A300000003426F56B0C430080E03779C3414336
:102A400000A0D8855734764300C84E676DC1AB43AC
:102A5000003D9160E458E143408CB5781DAF1544CA
:102A600050EFE2D6E41A4B4492D54D06CFF08044A5
:102A7000F64AE1C7022DB544B49DD9794378EA44BA
:102A800005000000190000007D00000000000000AB
:082A9000C047FE7F01000000B9
:102A9800000000004E455457415443482D4B4559BA
:102AA800424C4B0000000000000000000000000045
:102AB800000000000000000000000000000000000E
:102AC8000A00000000000306B20008000100000030
:102AD800A800080002000000A000140003005749E5
:102AE8004E55534200000000000000000000840022
:102AF800040007002A0044006500760069006300AE
:102B0800650049006E00740065007200660061008F
:102B18006300650047005500490044007300000049
:102B280050007B003900370035004600340034007F
:102B3800440039002D0030004400300038002D00DA
:102B480034003300460044002D00380042003300B2
:102B580045002D00310032003700430041003800A5
:102B68004100460046004600390044007D00000050
:102B78000000000010000C009C76002000000000FF
:102B8800000000000000000000000000000000003D
:102B9800000000000000000000000000000000002D
:102BA800000000000000000000000000000000001D
:102BB800000000000000000000000000000000000D
:102BC80000000000000000000000000000000000FD
:102BD80015470300F9460300CD460300C14603002C
:102BE800800000008000000080000000E00000007D
:102BF800800000000000000000000000000000004D
:102C080000000000B1490300194903000D49030001
:102C1800FD480300FFFFFFFF30790020E495002006
:102C28000090D003986100200000000044290400AF
:102C380064290400242904000000000000000000AA
:102C4800000000000000000000000000000000007C
:102C5800000000000000000000000000000000006C
:102C6800000000000000000000000000000000005C
:102C7800000000000000000000000000000000004C
:102C880000000000000000004300000000000000F9
:102C9800000000000000000000000000000000002C
:102CA80000000000000000004300000000000000D9
:102CB800000000000000000000000000000000000C
:102CC80000000000000000004300000000000000B9
:102CD80000000000000000000000000000000000EC
:102CE8000000000000000000430000000000000099
:102CF80000000000000000000000000000000000CC
:102D08000000000000000000430000000000000078
:102D180000000000000000000000000000000000AB
:102D28000000000000000000430000000000000058
:102D3800000000000000000000000000000000008B
:102D48000000000000000000430000000000000038
:102D5800000000000000000000000000000000006B
:102D6800000000000000000053F703002DEC0300F2
:102D780000000000152804008C290400CB2704005B
:102D8800CB270400CB270400CB270400CB27040063
:102D9800CB270400CB270400CB270400CB27040053
:102DA800FFFFFFFFFFFFFFFFFFFFFFFFFFFF000029
:102DB80001004153434949000000000000000000A1
:102DC80000000000000000000000000000000000FB
:102DD8000000415343494900000000000000000082
:102DE80000000000000000000000000000000000DB
:102DF800000000000172020035720200999A020078
:102E0800ADA102000DA702006D4703001172020078
:04000003300071C98F
:00000001FF
